article_id,date,title,url,domain,tags,is_commentary,entities,relevance,event_id,burst_start_date,classification_status,summary
1.0,2021-01-03 05:56:39,ステーブルコインとは？JPYC・USDC・銘柄比較・日本規制・買い方【2026】 - bittimes.net,https://bittimes.net/feature/96857.html,bittimes.net,競合・市場環境、解説・論説、制度・規制、市場・統計、提携・連携,1.0,ソニー銀行、SBIホールディングス、3メガバンク（三菱UFJ・みずほ・三井住友）、Circle社,75.0,EVT-20210103-01,2021-01-03,done,"日本初の円建てステーブルコイン「JPYC」が2025年10月に正式発行され4ヶ月で130億円を突破し、ソニー銀行との業務提携やメガバンク3行による実証実験など、ステーブルコインが新たな金融インフラとして急速に普及している。ステーブルコインは法定通貨や実物資産に価値を連動させたデジタル通貨であり、法定通貨担保型・暗号資産担保型・コモディティ担保型・アルゴリズム型の4種類が存在し、2026年時点の世界市場規模は約3,000億ドルに達している。"
2.0,2023-09-09 09:00:00,【Web3転職・副業】JPYCはステーブルコインからグローバルスタンダードを目指す！JPYC岡部さんにこれからのJPY… - PlusWeb3,https://plus-web3.com/media/interview-jpyc/,plus-web3.com,解説・論説,1.0,JPYC株式会社、岡部代表取締役、Circle社、金融庁,85.0,,,done,JPYC株式会社は日本のステーブルコイン市場で99％以上のシェアを持ち、資金決済法に準拠した日本円ステーブルコインJPYCを開発運営しています。同社は日本の決済手数料の高さや複雑な税計算・会計処理の課題を解決し、グローバルスタンダードの決済規格を目指しており、将来的には世界中で同じステーブルコイン規格が使用できる世界の実現を目標としています。
3.0,2025-08-17 17:00:00,国内初の円建てステーブルコイン、金融庁承認へ JPYCが秋にも発行 - 日本経済新聞,https://www.nikkei.com/article/DGXZQOUB146U80U5A810C2000000/,nikkei.com,制度・規制、発行・資金,0.0,JPYC、金融庁、資金移動業,95.0,EVT-20250817-01,2025-08-17,done,金融庁は今秋にも、フィンテック企業のJPYC（東京・千代田）が発行する円建てステーブルコインを国内で初めて認める予定であり、月内にJPYCを資金移動業に登録する。ステーブルコインは法定通貨に価値が連動するもので、世界ではドル建てを中心に市場規模が2500億ドル超に拡大しており、日本でも国際送金の手段などとして普及を目指す。
4.0,2025-08-17 19:37:16,金融庁、日本円建てステーブルコイン「JPYC」承認へ＝日本経済新聞 - CoinPost,https://coinpost.jp/?p=643009,coinpost.jp,制度・規制、解説・論説,1.0,金融庁、岡部典孝、Tether、Circle,95.0,EVT-20250817-01,2025-08-17,done,金融庁がフィンテック企業JPYCの日本円建てステーブルコイン「JPYC」を国内で初めて承認し、月内に同社を資金移動業に登録、その数週間後に販売開始予定である。JPYCは1JPYC=1円の価値を預金や国債などで裏付け、デジタル現金と預金の特性を併せ持つ電子決済手段として機能する予定である。
5.0,2025-08-17 20:28:22,金融庁、国内初の円建てステーブルコインを承認へ──JPYC岡部代表、報道内容認める - NADA NEWS,https://www.nadanews.com/308577/,nadanews.com,制度・規制、発行・資金,0.0,金融庁、岡部典孝、改正資金決済法,95.0,EVT-20250817-01,2025-08-17,done,JPYC社が金融庁から資金移動業として登録を受け、国内初となる円建てステーブルコイン「JPYC」を秋にも発行する予定である。同社が発行するJPYCは1JPYC=1円の価値を維持し、預金や国債を裏付け資産とし、今後3年間で1兆円の発行を目指している。
6.0,2025-08-18 01:00:00,ステーブルコイン発行事業者のJPYC，今月中に資金移動業者として登録へ - bitbank,https://bitbank.cc/knowledge/breaking/article/6l6r1mq72oh,bitbank.cc,制度・規制,0.0,金融庁、資金移動業者、JPYC,85.0,EVT-20250817-01,2025-08-17,done,ステーブルコイン発行事業者のJPYCは今月中に資金移動業者として登録する予定である。日本の金融庁は日本初の円建てステーブルコイン発行を承認する見込みで、早ければ今秋に実現する見通しとなっている。
7.0,2025-08-18 02:00:00,円建てステーブルコイン、国内初承認へ JPYC、秋にも発行 - 日本経済新聞,https://www.nikkei.com/article/DGKKZO90725440Y5A810C2MM8000/,nikkei.com,制度・規制、発行・資金,0.0,金融庁、資金移動業、JPYC,95.0,EVT-20250817-01,2025-08-17,done,金融庁は今秋にもJPYC（東京・千代田）を資金移動業に登録し、円建てステーブルコインの発行を国内で初めて認める。ステーブルコインはブロックチェーン技術を基盤とした暗号資産であり、世界ではドル建てを中心に市場規模が2500億ドル超に拡大している。
8.0,2025-08-18 03:17:56,金融庁、国内初の円建てステーブルコイン「JPYC」を承認へ｜今秋にも販売開始か＝報道 - bittimes.net,https://bittimes.net/news/209564.html,bittimes.net,制度・規制、発行・資金,0.0,金融庁、JPYC社、改正資金決済法、岡部典孝,95.0,EVT-20250817-01,2025-08-17,done,金融庁は2025年8月17日、フィンテック企業JPYC社の円建てステーブルコイン「JPYC」を国内初めて承認する方針を示し、8月中にも資金移動業者として登録され、数週間以内に販売開始予定である。JPYCは1JPYC＝1円の価値を銀行預金や日本国債で裏付けし、電子決済手段として国内外の送金や取引に活用されることが期待されている。
9.0,2025-08-18 06:51:00,金融庁、国内初の円建てステーブルコイン承認へ＝JPYCが今秋発行 - BeInCrypto,https://jp.beincrypto.com/jpyc-yen-backed-stablecoin-to-be-approved-fsa/,jp.beincrypto.com,制度・規制、発行・資金,0.0,金融庁、JPYC（企業）、岡部典孝、資金移動業,95.0,EVT-20250817-01,2025-08-17,done,金融庁はフィンテック企業JPYCが発行する日本円建てステーブルコイン「JPYC」を国内で初めて承認する見通しで、8月中に同社を資金移動業者として登録し、その数週間後にJPYCの販売が始まる予定である。JPYCは「1JPYC＝1円」に設計され、発行残高は預金や国債といった流動性の高い資産によって裏付けられ、金融庁は国際送金やキャッシュレス決済の手段として活用を促す考えである。
10.0,2025-08-18 12:42:56,日本のステーブルコイン完全ガイド【2025年最新】規制・取引所・JPYC承認の全貌解説 - CoinChoice,https://coinchoice.net/japan-stablecoins-complete-guide-2025-latest-regulation-exchanges-jpyc-approval/,coinchoice.net,制度・規制、市場・統計、解説・論説,1.0,金融庁、SBI VCトレード、Circle、改正資金決済法,75.0,EVT-20250817-01,2025-08-17,done,2023年6月の改正資金決済法施行によりステーブルコインは「電子決済手段（EPI）」として制度化され、2025年3月26日にSBI VCトレードがUSDCの一般向け取扱いを開始、同年10月27日にはJPYCが国内初の円建てステーブルコインの発行を開始しました。これにより日本円で円・ドル双方のステーブルコインを購入・償還できる環境が整いました。
11.0,2025-08-18 12:44:05,JPYCとは？金融庁承認の日本初円建てステーブルコインの全貌解説【2025年最新】 - CoinChoice,https://coinchoice.net/jpyc-what-is-japans-first-yen-stablecoin-fsa-approved-2025-latest-guide/,coinchoice.net,制度・規制、解説・論説,1.0,JPYC株式会社、金融庁、岡部典孝、改正資金決済法,95.0,EVT-20250817-01,2025-08-17,done,JPYCは、JPYC株式会社が発行する日本円連動型のステーブルコインで、2025年8月17日に金融庁から国内初の円建てステーブルコインとして承認されました。1JPYC＝1円の固定レートを預金や国債による100％の裏付けで維持し、ブロックチェーン技術により24時間365日の送金が可能です。
12.0,2025-08-18 15:43:11,JPYC発行の円建てステーブルコイン、金融庁が国内初の承認へ - icobench.com,https://icobench.com/jp/news/japan-fsa-approves-yen-stablecoin-jpyc-launch/,icobench.com,制度・規制、発行・資金,0.0,金融庁、改正資金決済法、TerraUSD,95.0,EVT-20250817-01,2025-08-17,done,金融庁は17日、フィンテック企業JPYCが発行する円建てステーブルコインを今秋に承認することを明らかにした。国内初の円建てステーブルコイン承認で、JPYCは日本円に1対1で連動し、銀行預金と日本国債を裏付け資産として保有するモデルを採用する。金融庁は改正資金決済法に基づき、法定通貨に裏付けられたモデルのみを承認対象とする規制方針を示している。
13.0,2025-08-18 17:36:01,【速報】金融庁、JPYCを資金移動業者として登録──国内初の円建てステーブルコインへ、岡部代表「早期発行」を表明 - NADA NEWS,https://www.nadanews.com/308634/,nadanews.com,制度・規制、取扱い・対応,0.0,金融庁、岡部典孝、資金決済法,95.0,EVT-20250817-01,2025-08-17,done,JPYC社は8月18日、資金決済法に基づく資金移動業者としての登録を完了し、日本国内で初めて日本円と1:1で価値が連動するステーブルコイン「JPYC」を発行可能になった。同社代表の岡部典孝氏は「なるべくはやく、日本円ステーブルコインの発行を進めてまいります」とコメントしており、Ethereum、Avalanche、Polygonの3つのブロックチェーン上での発行を予定している。
14.0,2025-08-18 17:45:17,金融庁、JPYCを資金移動業に登録 円建てのステーブルコイン発行へ - 日本経済新聞,https://www.nikkei.com/article/DGXZQOUB186IJ0Y5A810C2000000/,nikkei.com,制度・規制、発行・資金,0.0,金融庁、資金移動業、イーサリアム,95.0,EVT-20250817-01,2025-08-17,done,金融庁は18日、フィンテック企業のJPYCを資金移動業に登録し、同社は国内初となる円建てのステーブルコイン「JPYC」の発行を開始すると発表した。「1JPYC=1円」で交換でき、日本円や預金、国債を裏付け資産とし、9月にも販売を始める見込みである。
15.0,2025-08-18 23:20:43,円建てステーブルコイン発行へ ステーブルコインとは？初心者にもわかる基礎知識 - coki.jp,https://coki.jp/article/column/57086/,coki.jp,制度・規制、解説・論説、競合・市場環境,1.0,JPYC株式会社、金融庁、改正資金決済法、三菱UFJ信託銀行,85.0,EVT-20250817-01,2025-08-17,done,2025年8月、JPYC株式会社が金融庁から資金移動業者として登録され、日本初となる日本円と1対1で連動する円建てステーブルコイン「JPYC」の発行が可能になった。ステーブルコインは価格変動が大きいビットコインなどと異なり、法定通貨や資産と連動させることで価値を安定させた暗号資産であり、国際送金やブロックチェーン上のサービス利用に適している。円建てステーブルコインの登場により、為替リスクや手数料の削減が期待され、日本のデジタル経済において重要な転機となるとみられている。
16.0,2025-08-19 00:00:00,円建てのステーブルコイン、今秋にも発行 国内ベンチャー「JPYC」が実施へ - 産経ニュース,https://www.sankei.com/article/20250819-PPLCQJOTBVJOPJJJJIPHS4EJ5A/,sankei.com,発行・資金、制度・規制,0.0,JPYC、金融庁、岡部典孝,95.0,EVT-20250817-01,2025-08-17,done,電子決済ベンチャー「JPYC」は、日本円と1対1で交換可能な円建てステーブルコインを今秋に発行する方針を明らかにした。同社は既に金融庁への資金移動業者登録を済ませており、このコイン発行は国内初となる見通し。
18.0,2025-08-19 01:00:00,JPYC、ステーブルコイン発行へ 「資金移動業」取得し国内初 - nikkinonline.com,https://www.nikkinonline.com/article/305602,nikkinonline.com,制度・規制、発行・資金,0.0,JPYC、第二種資金移動業、岡部代表取締役,95.0,EVT-20250817-01,2025-08-17,done,JPYCは8月18日に第二種資金移動業者の登録を取得し、早ければ9月にも日本円に連動するステーブルコインの発行を開始する。資金移動業型の電子決済手段は国内で初めてであり、システム整備やパートナー企業開拓を進めながら新たな決済インフラの確立を目指している。
17.0,2025-08-19 01:00:00,サークルが日本初の承認済みステーブルコインに投資 - BeInCrypto,https://jp.beincrypto.com/japans-first-approved-stablecoin-is-invested-by-circle/,jp.beincrypto.com,制度・規制、発行・資金、提携・連携、解説・論説,1.0,Circle（サークル）、金融庁、岡部典孝、JPYC株式会社,95.0,EVT-20250817-01,2025-08-17,done,日本の金融庁がJPYC株式会社による国内初の円建てステーブルコイン発行を承認し、同社は今年後半のトークン配布を計画している。JPYC は 2019 年設立のフィンテック企業で、2021 年にはサークル・ベンチャーズを含む複数の上場企業から約 5 億円の投資を受けており、銀行預金と国債により発行を裏付けている。
19.0,2025-08-19 01:00:00,【国内初】日本円建ステーブルコイン発行へ－資金移動業者の登録を取得 - JPYC株式会社,https://corporate.jpyc.co.jp/news/posts/first-yen-stablecoin-jpyc,corporate.jpyc.co.jp,,,,,,,failed,
20.0,2025-08-19 01:00:00,日本、今秋にも初の円建てステーブルコインを承認へ - abc株式会社,https://www.gfa.co.jp/crypto/news/market-news/news-1497/,gfa.co.jp,制度・規制、発行・資金,0.0,金融庁、JPYC社、岡部典孝、改正資金決済法,95.0,EVT-20250817-01,2025-08-17,done,金融庁は2025年8月17日、フィンテック企業JPYC社の円建てステーブルコイン「JPYC」を国内で初めて承認する方針を示し、8月中にもJPYC社を資金移動業者として登録し、数週間以内に販売開始が予定されている。JPYCは1JPYC＝1円に価値が連動するよう設計され、銀行預金や日本国債を裏付け資産として保有することで価格の安定性を確保している。
21.0,2025-08-19 11:03:56,アステリアは連日Ｓ高、ＪＰＹＣ出資企業として人気化 - かぶたん,https://kabutan.jp/news/marketnews/?b=n202508190394,kabutan.jp,市場・統計,0.0,アステリア、パーソルホールディングス、アイフル,45.0,EVT-20250817-01,2025-08-17,done,アステリアは傘下のファンドを通じてJPYCへ出資する企業として株式市場で注目され、ストップ高に買われている。JPYC出資企業にはパーソルホールディングス、アイフル、電算システムなどが含まれる。
22.0,2025-08-19 15:40:00,PayPayに強力な対抗馬？ 日本円連動ステーブルコイン「JPYC」を金融庁が認可、今秋始動 - CNET Japan,https://japan.cnet.com/article/35236850/,japan.cnet.com,制度・規制、解説・論説,1.0,JPYC社、岡部典孝、PayPay、金融庁,95.0,EVT-20250817-01,2025-08-17,done,ステーブルコイン発行のJPYCが資金移動業者の登録を取得し、日本円と1対1で連動する「JPYC」の発行が国内で初めて可能となった。JPYCは日本国債で100％保全され、ブロックチェーンを通じて世界中に低手数料で送金でき、PayPayやSuicaと異なりブロックチェーン上で自由に利用できる特徴を持つ。JPYC社は発行・償還時の手数料を取らず、ユーザーから集めた日本円を短期国債の購入に充てることで金利収入を得ることを予定している。
23.0,2025-08-19 16:00:00,アステリアは連日Ｓ高、ＪＰＹＣ出資企業として人気化◇ - ライブドアニュース,https://news.livedoor.com/article/detail/29395442/?from_page=internal,news.livedoor.com,制度・規制、市場・統計,0.0,アステリア、金融庁、資金移動業者登録,75.0,EVT-20250817-01,2025-08-17,done,フィンテックベンチャーのJPYC（東京都千代田区）が18日に金融庁から資金移動業者に登録され、国内初となる円建てステーブルコインのサービスを開始する見通しが立ったことで、JPYC出資企業のアステリアが株式市場で買われストップ高となっている。関連銘柄を探す株式市場の動きが活発化しており、パーソルホールディングスやアイフル、電算システムなど複数の出資企業が注目されている。
24.0,2025-08-19 16:00:00,【ステーブルコインの何がすごいのか？】ＪＰＹＣが国内初の合法円ステーブルコイン発行体に、関連銘柄も急騰 - kabu-ir.com,https://kabu-ir.com/article/517693841.html,kabu-ir.com,制度・規制、提携・連携、解説・論説,1.0,JPYC株式会社、資金決済法、アステリア、SBIホールディングス,95.0,EVT-20250817-01,2025-08-17,done,JPYC株式会社が8月18日に資金決済法に基づく資金移動業者として登録を完了し、日本国内で初めて日本円と1対1で連動する合法的な円ステーブルコインを発行できる発行体となった。これにより、価格変動リスクがほぼない円建てデジタル通貨による即時送金や低コスト決済が実現され、国内のキャッシュレス社会の次段階への進展が期待される。同社の出資企業や提携先などの関連銘柄が注目を集めており、金融・IT・通信各分野の企業連携が進展する見通しである。
25.0,2025-08-19 16:00:00,日本円建てステーブルコイン「JPYC」登場 金融庁が国内初の登録 - ITmedia,https://www.itmedia.co.jp/news/articles/2508/19/news087.html,itmedia.co.jp,制度・規制、発行・資金,0.0,JPYC株式会社、金融庁、資金移動業者、改正資金決済法,95.0,EVT-20250817-01,2025-08-17,done,Web3スタートアップのJPYCは、資金決済法に基づく「資金移動業者」の登録を取得し、日本円と1対1で価値が連動するステーブルコイン「JPYC」の発行を開始した。日本円の預貯金や国債を裏付け資産としており、EthereumとAvalanche、Polygonの3チェーンで発行される予定である。今後、JPYCと日本円の発行・償還サービスや送金・決済機能の提供、パートナー企業との協業に取り組む。
26.0,2025-08-19 16:00:00,国産ステーブルコイン、今秋発行へ 初の円建て、金融庁が承認―ＪＰＹＣ - 時事ドットコム,https://www.jiji.com/jc/article?k=2025081900846&g=eco,jiji.com,制度・規制、発行・資金,0.0,JPYC、金融庁、岡部典孝,95.0,EVT-20250817-01,2025-08-17,done,フィンテック企業のJPYCは、金融庁から「資金移動業者」として承認を受け、国内初の円建てステーブルコイン「JPYC」を今秋に発行開始する。個人の海外送金や法人決済での利用を想定しており、3年で発行額1兆円を目指すとしている。
27.0,2025-08-19 16:00:00,ステーブルコインの発行を国内で初めて認可、国債保有者としての期待も（久保田博幸） - エキスパート - Yahoo!ニュース,https://news.yahoo.co.jp/expert/articles/3a2ba581bb739f8467caca7cac8d9428cbae18f8,news.yahoo.co.jp,制度・規制、発行・資金、解説・論説,1.0,金融庁、JPYC、改正資金決済法、国際決済銀行,85.0,EVT-20250817-01,2025-08-17,done,金融庁は今秋にも円建てステーブルコイン「JPYC」の発行を国内で初めて認可し、フィンテック企業JPYCを資金移動業に登録する。JPYCは1円に価値を保つため預金や国債を裏付け資産とし、今後3年間で1兆円分の発行を目標としており、米国ではステーブルコイン発行体が国債の重要な買い手になっていることから、日本でも新たな国債保有者としての期待が出ている。
28.0,2025-08-19 20:00:00,JPYCが国内初の「円建てステーブルコイン」発行へ。岡部社長が「暗号資産」との違いを強調 - Business Insider Japan,https://www.businessinsider.jp/article/2508-jpyc-yen-denominated-stablecoin/,businessinsider.jp,制度・規制、発行・資金,0.0,岡部典孝、関東財務局、Circle,95.0,EVT-20250817-01,2025-08-17,done,JPYCは8月18日に資金移動業者の登録を取得し、日本円と1：1で連動する電子決済手段「JPYC」を発行可能になった。これは国内初の円建てステーブルコインであり、暗号資産とは異なり日本円（預貯金および国債）により全額保全される。2025年秋のサービス提供開始を予定しており、イーサリアム、アバランチ、ポリゴンの3つのブロックチェーン上での発行が計画されている。
36.0,2025-08-20 01:00:00,JPYC株式会社が日本円建ステーブルコインを初発行－資金移動業者としての新たな一歩 - ニュースメディアVOIX,https://voix.jp/money/cryptocurrency/14200/,voix.jp,発行・資金、制度・規制,0.0,JPYC株式会社、資金移動業者、改正資金決済法,95.0,EVT-20250817-01,2025-08-17,done,JPYC株式会社が2025年8月18日付で資金移動業者の登録を取得し、国内初の日本円建ステーブルコイン「JPYC」の発行を発表しました。JPYCは日本円と1：1で連動し、預貯金や国債を裏付け資産としており、Ethereum、Avalanche、Polygonの3つのチェーンで利用可能です。同社は今後、JPYCの発行・償還サービスを通じて、送金や決済、Web3サービスとの連携など多様なユースケースに対応し、利用促進を目指すとのことです。
34.0,2025-08-20 01:00:00,注目！結城はるみの特選テーマ株 国内初のステーブルコインJPYC発行へ！「ステーブルコイン、JPYC関連銘柄」総チェック | 個別株 - 株探ニュース - かぶたん,https://kabutan.jp/news/marketnews/?b=n202508190485,kabutan.jp,制度・規制、解説・論説、競合・市場環境,1.0,金融庁、JPモルガン・チェース、JPYC関連銘柄,85.0,EVT-20250817-01,2025-08-17,done,金融庁が国内初の円建てステーブルコインJPYCの発行を承認することが報じられ、規制環境の整備による信頼性向上、新たな金融インフラとしての可能性、成長市場への早期参入機会の3つの理由から、ステーブルコイン関連銘柄が中長期的な投資対象として注目されている。TIS、アステリア、シンプレクス・ホールディングス、三菱UFJフィナンシャル・グループなど、多くの企業がJPYCの発行支援やステーブルコイン事業に参入している。
33.0,2025-08-20 01:00:00,デジタルアセットマーケッツ、電算システムのステーブルコイン決済送金基盤の構築支援 - NADA NEWS,https://www.nadanews.com/308698/,nadanews.com,提携・連携、制度・規制,0.0,デジタルアセットマーケッツ、電算システム、インタートレード,45.0,EVT-20250817-01,2025-08-17,done,デジタルアセットマーケッツは8月19日、電算システムのステーブルコイン決済送金基盤の構築支援を決定し、ブロックチェーン決済に係るコンサルティング業務委託契約を締結した。電算システムは全国6万5000店以上のコンビニやドラッグストアでの決済インフラを構築しており、昨日18日付けでJPYCと資本業務提携を締結している。
35.0,2025-08-20 01:00:00,ユーザーの保有・送金額に上限なし──円建てステーブルコイン発行・償還サービス、今秋スタート：JPYC岡部氏 - NADA NEWS,https://www.nadanews.com/308717/,nadanews.com,制度・規制、発行・資金,0.0,岡部典孝、資金移動業者、JPYC EX、関東財務局,95.0,EVT-20250817-01,2025-08-17,done,JPYCは日本初の資金移動業者として登録を完了し、日本円と1：1で連動するステーブルコイン「JPYC EX」の発行・償還サービスを今秋スタートさせる。ユーザーがウォレットに保有するJPYCについては送信額や決済に上限はなく、100万円の取引制限はJPYCとユーザー間の発行・償還に限定されることが明らかにされた。
30.0,2025-08-20 01:00:00,日本円に連動する初のステーブルコイン JPYCが資金移動業登録 - Impress Watch,https://www.watch.impress.co.jp/docs/news/2039701.html,watch.impress.co.jp,制度・規制、発行・資金,0.0,資金移動業者登録、Ethereum、Avalanche、Polygon,95.0,EVT-20250817-01,2025-08-17,done,JPYCは8月18日付で資金移動業者の登録を取得し、国内初の日本円に1:1で連動するステーブルコイン「JPYC」を発行可能になった。裏付け資産は日本円（預貯金および国債）で、Ethereum、Avalanche、Polygonの3つのチェーンでの発行を予定しており、今後は発行・償還サービスや決済・送金機能の提供を進める。
29.0,2025-08-20 01:00:00,JPYC、日本初の円ステーブルコインを発表し、デジタル金融における歴史的マイルストーンを記録 - Binance,https://www.binance.com/ja/square/post/28532318382818,binance.com,制度・規制、発行・資金,0.0,金融庁、岡部則孝、Ethereum、Polygon,95.0,EVT-20250817-01,2025-08-17,done,JPYCは、日本初の法的に承認された円ステーブルコインを発表し、日本円により1:1で完全に裏付けられています。Ethereum、Avalanche、Polygon上で発行されるこのステーブルコインは、電子決済手段として認識され、送金や支払い、Web3プロトコルの統合を可能にする計画です。
32.0,2025-08-20 01:00:00,アステリアは連日Ｓ高、ＪＰＹＣ出資企業として人気化◇ (2025年8月19日掲載) - ライブドアニュース,https://news.livedoor.com/topics/detail/29395442/,news.livedoor.com,制度・規制、市場・統計,0.0,アステリア、金融庁、資金決済法,75.0,EVT-20250817-01,2025-08-17,done,フィンテックベンチャーのJPYCが8月18日に金融庁から資金移動業者に登録され、国内初となる円建てステーブルコインのサービスを開始する見通しとなった。このニュースを受けてJPYC出資企業であるアステリアの株価が連日ストップ高となっている。
31.0,2025-08-20 01:00:00,「日本版プロジェクト・クリプト」推進へ 国民民主党の玉木代表、ステーブルコインの支援を表明 - CoinPost,https://coinpost.jp/?p=643352,coinpost.jp,制度・規制、提携・連携,0.0,国民民主党、玉木代表、JPYC株式会社、金融庁,75.0,EVT-20250817-01,2025-08-17,done,国民民主党の玉木代表は、JPYC株式会社が日本円ステーブルコイン「JPYC」の発行登録を取得したことを受け、「日本版プロジェクト・クリプト」を進めていくと表明した。玉木代表はステーブルコインが低コストで効率的な送金・決済を実現し、円の国際的な信認向上に寄与することを期待する一方で、現在の送金上限100万円という課題に政策面でサポートしていくと述べた。
37.0,2025-08-20 02:00:00,円建てステーブルコイン、JPYCが9月にも発行 即時・低コストで - 日本経済新聞,https://www.nikkei.com/article/DGXZQOUB190VI0Z10C25A8000000/,nikkei.com,発行・資金、提携・連携,0.0,JPYC、金融庁、ブロックチェーン,95.0,EVT-20250817-01,2025-08-17,done,フィンテック企業のJPYC（東京・千代田）が、日本円に価値が連動するステーブルコイン「JPYC」の発行を9月にも開始する。ブロックチェーン技術を基盤として、即時・低コストの送金手段として普及を目指すもので、越境決済などの領域で従来の金融ビジネスに変化をもたらす可能性を持つ。
38.0,2025-08-20 05:00:00,ステーブルコインのJPYC代表「デジタル円を数十億人に届ける」 - 日本経済新聞,https://www.nikkei.com/article/DGXZQOUB1964Z0Z10C25A8000000/,nikkei.com,制度・規制、発行・資金,0.0,JPYC（フィンテック企業）、金融庁、岡部典孝,95.0,EVT-20250817-01,2025-08-17,done,フィンテック企業のJPYCが金融庁からステーブルコイン発行に必要な資金移動業の登録を受け、ステーブルコイン発行を前提とした初の登録事例となった。代表取締役の岡部典孝氏は、円を数十億人に届けることで日本円の価値向上に貢献したいと述べた。
39.0,2025-08-20 08:00:59,JPYC、国内初の資金移動業者型ステーブルコインの強みとは？POS決済など、日本円での通常決済も視野に - ペイメントナビ,https://paymentnavi.com/paymentnews/164613.html,paymentnavi.com,制度・規制、発行・資金、解説・論説,1.0,岡部典孝、Circle、金融庁,85.0,EVT-20250817-01,2025-08-17,done,JPYCは2025年8月18日付で資金移動業者の登録を得て、国内初となる日本円と1対1で連動するステーブルコイン「JPYC」の発行を開始する。同社は4年以上のステーブルコイン事業実績を持ち、従来金融と同等のAML/CFT体制を構築しており、日本円での通常決済やPOS決済への活用を視野に入れている。
40.0,2025-08-21 00:00:00,日本円建ステーブルコインJPYCと企業システムをノーコード連携 | プレスリリース | ニュース - アステリア株式会社,https://jp.asteria.com/news/2025082124897/,jp.asteria.com,取扱い・対応、提携・連携、実証実験,0.0,アステリア株式会社、JPYC株式会社、ASTERIA Warp,75.0,EVT-20250817-01,2025-08-17,done,アステリア株式会社は、JPYC株式会社が発行する日本円建ステーブルコイン「JPYC」と企業システムをノーコードで連携できる「新JPYCアダプター」を開発すると発表しました。新アダプターにより、企業の財務会計システムや基幹システムとJPYCのトークン送受を直結し、資金移動の自動化・高速化を実現し、企業へのステーブルコイン普及を促進します。
42.0,2025-08-21 01:00:00,JPYC、日本初の円建てステーブルコイン発行へ ―― ステーブルコインは普及するか - newspicks.com,https://newspicks.com/news/14908919/body/,newspicks.com,制度・規制、解説・論説,1.0,JPYC株式会社、資金移動業者、米国財務省,95.0,EVT-20250817-01,2025-08-17,done,JPYC株式会社は2025年8月18日に資金移動業者として登録を取得し、日本円と1：1で連動する円建てステーブルコイン「JPYC」の発行が正式に認められました。同日に米国財務省もステーブルコインの包括的ガイドラインを公表し、国際的な規制整備が加速している中で、日本のデジタル通貨実用化が進展しています。
41.0,2025-08-21 01:00:00,大阪初開催！「JPYC React SDK Hands-on」＆代表岡部による次世代決済トークセッション - PR TIMES,https://prtimes.jp/main/html/rd/p/000000272.000054018.html,prtimes.jp,活用事例,0.0,React SDK、Slash Vision Labs、Orbs Japan,65.0,,,done,JPYC株式会社は2025年9月7日に大阪で開発者向けイベント「JPYC React SDK Hands-on」を開催し、ステーブルコイン送信の実装方法を学べるハンズオンと、代表岡部によるトークセッション「ステーブルコインと次世代決済」を実施する。参加は無料で、先着30名にはEthereum国際会議「EDCON」の一般入場券（199ドル相当）がプレゼントされる。
43.0,2025-08-21 12:21:28,「ステーブルコイン」が5位にランク、資金移動業者に登録されたJPYCが円建て発行へ＜注目テーマ - かぶたん,https://kabutan.jp/news/marketnews/?b=n202508210532,kabutan.jp,制度・規制、市場・統計、競合・市場環境,0.0,JPYC、資金移動業者、デジタルアセットマーケッツ、電算システム,85.0,EVT-20250817-01,2025-08-17,done,フィンテック企業のJPYCが資金移動業者に登録され、日本円と1対1で連動するステーブルコイン「JPYC」を発行可能な国内初の資金移動業者となった。ステーブルコインが人気テーマランキングで5位にランクインする中、関連企業によるステーブルコイン決済基盤の構築支援やサービス開発が進められている。
44.0,2025-08-21 14:54:52,日本円ステーブルコイン「JPYC」と企業システムをノーコードで連携、アステリアが新アダプター開発へ - NADA NEWS,https://www.nadanews.com/309018/,nadanews.com,取扱い・対応、提携・連携、制度・規制,0.0,アステリア、JPYC株式会社、ブロックチェーン推進協会,85.0,EVT-20250817-01,2025-08-17,done,アステリアは、JPYC株式会社が発行予定の日本円ステーブルコイン「JPYC」と企業システムをノーコードで連携させる「新JPYCアダプター」を開発することを発表した。このアダプターにより、プログラミングを介さずに企業の財務会計システムなどとブロックチェーン上の決済データを接続し、国内企業におけるステーブルコインの導入を促進する。
45.0,2025-08-21 16:00:00,電算システムがストップ高､｢ステーブルコイン｣で業容拡大期待 - 四季報オンライン,https://shikiho.toyokeizai.net/news/0/900119,shikiho.toyokeizai.net,,0.0,,0.0,,,done,申し訳ございませんが、提供いただいたテキストはコンテンツブロック機能に関するエラーメッセージであり、記事の本文が含まれていないため、要約を生成することができません。
46.0,2025-08-21 16:00:00,JPYC株式会社の代表取締役・岡部典孝がブロックチェーン推進協会の副代表理事に就任 - PR TIMES,https://prtimes.jp/main/html/rd/p/000000275.000054018.html,prtimes.jp,提携・連携,0.0,ブロックチェーン推進協会（BCCC）、岡部典孝、ステーブルコイン普及推進部会,65.0,,,done,JPYC株式会社の代表取締役・岡部典孝が、2025年8月21日に開催されたブロックチェーン推進協会（BCCC）会員総会により、副代表理事に就任することが決議されました。岡部氏はJPYC株式会社が資金移動業者の登録を完了し日本円建ステーブルコイン「JPYC」を発行できるようになったことを受け、副代表理事としてweb3の社会実装に貢献することを表明しています。
47.0,2025-08-21 16:10:12,ステーブルコイン「JPYC」は金融検閲の突破口になり、経済活動の自由・表現の自由を守る!? - あたらしい経済,https://www.neweconomy.jp/features/stablecoin/489434,neweconomy.jp,制度・規制、解説・論説,1.0,金融庁、岡部典孝、AltPay株式会社,75.0,EVT-20250817-01,2025-08-17,done,日本初の円建てステーブルコイン「JPYC」が金融庁に承認され、2025年秋の発行予定となった。JPYCは「加盟店」という概念がないため、クレジットカード会社による恣意的な取引妨害である金融検閲に対抗でき、日本法に準拠している限り決済が使えなくなることがない点が大きな特徴である。
48.0,2025-08-21 19:47:14,アステリア、JPYCのステーブルコインと連携 手作業なく送金 - 日本経済新聞,https://www.nikkei.com/article/DGXZQOUC2192E0R20C25A8000000/,nikkei.com,提携・連携、活用事例,0.0,アステリア、JPYC、財務会計システム,75.0,EVT-20250817-01,2025-08-17,done,アステリアがデータ連携ツールをJPYCのステーブルコインに対応させ、企業の財務会計システムと連携することで、手作業なく請負先などへの送金が可能になる。銀行を経由しないため手数料削減と即時送金が実現でき、9月の発行開始予定のJPYCステーブルコインは日本円に価値が連動するため安定性が高い。
51.0,2025-08-22 01:00:00,アステリアが発表した新JPYCアダプターで企業システムにおけるステーブルコイン普及を加速 - ニュースメディアVOIX,https://voix.jp/money/cryptocurrency/14442/,voix.jp,提携・連携、取扱い・対応,0.0,アステリア株式会社、JPYC株式会社、ASTERIA Warp、ブロックチェーン推進協会,85.0,EVT-20250817-01,2025-08-17,done,アステリア株式会社は、JPYC株式会社が発行する日本円建ステーブルコイン「JPYC」の決済データをノーコードで連携できる新しい「JPYCアダプター」を開発し、企業の財務会計システムとの自動連携を実現しました。JPYCは日本円と1:1で連動した電子決済手段で、2025年秋から発行予定であり、この技術を通じて一般企業へのステーブルコイン普及を促進することが期待されています。
50.0,2025-08-22 01:00:00,【材料】 アステリアは一段高、円建ステーブルコインの決済データをノーコードで連携へ - かぶたん,https://kabutan.jp/news/marketnews/?b=n202508210557,kabutan.jp,取扱い・対応、提携・連携、活用事例,0.0,アステリア、JPYCアダプター、ASTERIA Warp,75.0,EVT-20250817-01,2025-08-17,done,アステリアは円建ステーブルコイン「JPYC」のトークン送受を企業システムとノーコードで直結するJPYCアダプターを提供し、資金移動の自動化・高速化を実現する。1万社以上の採用実績があるデータ連携ツール「ASTERIA Warp」を活用することで、企業間の資金移動やEC事業、デジタル給与振込などへのステーブルコイン普及を促進する。
49.0,2025-08-22 01:00:00,アステリア 日本円建ステーブルコインJPYCと企業システムをノーコード連携Warp専用「新JPYCアダプター」で企業におけるステーブルコインの普及を促進- 日本経済新聞,https://www.nikkei.com/nkd/disclosure/tdnr/20250821545218/,nikkei.com,取扱い・対応、提携・連携,0.0,アステリア、Warp、新JPYCアダプター,75.0,EVT-20250817-01,2025-08-17,done,アステリアは、日本円建ステーブルコインJPYCと企業システムをノーコード連携させる新JPYCアダプターをWarp専用で開発し、企業におけるステーブルコインの普及を促進する。
52.0,2025-08-22 16:00:32,JPYC株式会社の岡部典孝がブロックチェーン推進協会の副代表理事に就任決定 - ニュースメディアVOIX,https://voix.jp/money/cryptocurrency/14562/,voix.jp,提携・連携,0.0,岡部典孝、ブロックチェーン推進協会（BCCC）、資金移動業者登録,65.0,EVT-20250817-01,2025-08-17,done,JPYC株式会社の岡部典孝氏が一般社団法人ブロックチェーン推進協会（BCCC）の副代表理事に就任することが決議されました。岡部氏は資金移動業者の登録完了により日本円と等価のステーブルコイン「JPYC」を発行できるようになったことを背景に、BCCCの活動を通じてWeb3の社会実装を加速させる意向を示しています。
53.0,2025-08-23 01:00:00,アステリア、国産ステーブルコイン「JPYC」連携を発表｜ノーコードで決済DXを加速 - bittimes.net,https://bittimes.net/news/209734.html,bittimes.net,提携・連携、取扱い・対応、活用事例,0.0,アステリア、ASTERIA Warp、JPYC株式会社,85.0,EVT-20250817-01,2025-08-17,done,アステリア株式会社は、ノーコード型データ連携ツール「ASTERIA Warp」に対応する「JPYCアダプター」を開発すると発表しました。このアダプターにより、日本円と1：1で連動するステーブルコイン「JPYC」の決済データを企業システムと複雑なプログラミングなしで連携でき、資金移動の自動化と高速化が実現します。JPYC株式会社は資金移動業者として登録を完了し、国内初の円建てステーブルコイン発行事業者となりました。
54.0,2025-08-23 01:00:00,日経平均の調整続くなか投資資金が殺到している“激アツ銘柄”の正体…国内初「日本円建ステーブルコイン」発行見通しで株価爆騰【昨日動いた個別株】 - ゴールドオンライン,https://gentosha-go.com/articles/-/71283,gentosha-go.com,取扱い・対応、提携・連携,0.0,アステリア、電算システムホールディングス、ASTERIA Warp,65.0,EVT-20250817-01,2025-08-17,done,東証プライム市場で、フィンテックベンチャーのJPYCが発行する国内初の日本円建ステーブルコイン「JPYC」関連の発表・提携を材料にアステリア、電算システムホールディングスなどが大幅に買われた。一方、第一三共はブロックトレードの可能性により下落した。
55.0,2025-08-23 01:00:00,アステリア、JPYCノーコード連携で日本円ステーブルコイン普及促進 - plus-web3.com,https://plus-web3.com/media/latestnews_1000_4890/,plus-web3.com,提携・連携、取扱い・対応、活用事例,0.0,アステリア、ASTERIA Warp、JPYCアダプター、ブロックチェーン推進協会,85.0,EVT-20250817-01,2025-08-17,done,アステリア株式会社は、ノーコード型データ連携ツール「ASTERIA Warp」に対応する「JPYCアダプター」を開発すると発表しました。このアダプターにより、日本円建てステーブルコイン「JPYC」の決済データを企業システムと複雑なプログラミングなしで連携させ、資金移動の自動化と高速化を実現できます。JPYC株式会社は8月18日に資金移動業者として登録を完了し、国内初の円建てステーブルコイン発行事業者となりました。
56.0,2025-08-23 01:00:00,アステリアは一段高、円建ステーブルコインの決済データをノーコードで連携へ - みんかぶ,https://minkabu.jp/news/4319124,minkabu.jp,取扱い・対応、提携・連携,0.0,アステリア、ASTERIA Warp、JPYCアダプター,75.0,EVT-20250817-01,2025-08-17,done,アステリアは、JPYC（東京都千代田区）が発行する日本円建ステーブルコイン「JPYC」の決済データをノーコードで連携できる「JPYCアダプター」を開発すると発表した。同アダプターは、1万社を超える採用実績がある「ASTERIA Warp」を使用し、企業の財務会計システムや基幹システムとJPYCのトークン送受を直結することで、資金移動の自動化・高速化を実現し、ステーブルコインの企業への普及促進を図る。
57.0,2025-08-23 17:00:00,株ブロガー・さなさえ：ステーブルコインへ思惑動く！わたしが気になる注目株はコレでっす♪【FISCOソーシャルレポーター】 - かぶたん,https://kabutan.jp/news/marketnews/?b=n202508230167,kabutan.jp,競合・市場環境、解説・論説,1.0,SBIホールディングス、アステリア、JPYC株式会社,65.0,EVT-20250817-01,2025-08-17,done,金融庁が円建てステーブルコイン「JPYC」を秋にも承認することが報じられ、ステーブルコイン関連株への注目が高まっている。SBIホールディングスが2026年後半から2027年にトークン化した株式の市場投入を目指す中、アステリアやインタートレードなどの小型関連株や、実証実験に参画する地銀株が注視されている。
58.0,2025-08-24 01:00:00,仮想通貨ニュース週間まとめ「金融庁・トヨタ・JPYC・パウエル砲」などの注目記事 - bittimes.net,https://bittimes.net/news/209793.html,bittimes.net,提携・連携、取扱い・対応、市場・統計,0.0,アステリア、JPYC株式会社、金融庁、トヨタ・ブロックチェーン・ラボ,25.0,,,done,2025年8月17日〜23日の仮想通貨・ブロックチェーン関連ニュースでは、金融庁が暗号資産の課税を最大55%から20%の申告分離課税へ見直すよう要望し、トヨタがNFT化された車両を資産化する構想「MON」を発表しました。また、FRB副議長が銀行の仮想通貨取引に対する規制上の罰則がないことを表明し、JPYC株式会社が資金移動業者登録を完了して日本初の円建てステーブルコイン発行を実現する見通しが立ちました。
59.0,2025-08-24 08:00:00,金融庁、国内初の円建てステーブルコインを承認へ──JPYC岡部代表、報道内容認める - NADA NEWS,https://www.nadanews.com/309155/,nadanews.com,制度・規制、発行・資金,0.0,金融庁、JPYC社、岡部典孝、改正資金決済法,95.0,EVT-20250817-01,2025-08-17,done,JPYC社が金融庁から月内にも資金移動業として登録を受け、秋にも国内初となる円建てステーブルコインを発行する見込みであると報じられ、岡部典孝代表取締役が事実であることを認めた。2023年6月施行の改正資金決済法に基づき、ステーブルコインは「電子決済手段」として暗号資産と区別され、発行ライセンスを持つ事業者が取り扱うことが可能となった。
60.0,2025-08-25 15:00:00,今夜のNEXT 初の円建てステーブルコイン、JPYC社長に聞く - 日本経済新聞,https://www.nikkei.com/article/DGXZQOCD251S00V20C25A8000000/,nikkei.com,発行・資金,0.0,JPYC、岡部典孝、金融庁,85.0,EVT-20250817-01,2025-08-17,done,フィンテック企業のJPYC（東京・千代田）が、日本円に価値が連動するステーブルコイン「JPYC」の発行を9月にも始め、円建てステーブルコインの国内初発行となります。海外では即時・低コストの決済・送金手段として普及しており、日本でも国際送金や法人決済での利用拡大が見込まれています。
63.0,2025-08-25 16:00:00,リポビタンD TREND NET -TOKYO FM 80.0MHz- - TOKYO FM,https://www.tfm.co.jp/trendnet/report/87182,tfm.co.jp,解説・論説、競合・市場環境,1.0,ダイヤモンド・ライフ、Chainalysis、シティグループ,75.0,EVT-20250817-01,2025-08-17,done,電子決済ベンチャーのJPYCが、日本円に連動するステーブルコイン「JPYC」を9月にも発行する見通しで、国内初となります。ステーブルコインは法定通貨に価格が連動する暗号資産で、加盟店の枠を超えて自由に使え、24時間365日の送金や手数料削減がメリットである一方、マネーロンダリングや経済制裁の抜け穴になるリスクがデメリットです。
62.0,2025-08-25 16:00:00,初の円建てステーブルコイン「JPYC」 3年間で1兆円発行の勝算と危うさ - 日経ビジネス電子版,https://business.nikkei.com/atcl/gen/19/00139/082200298/,business.nikkei.com,制度・規制、取扱い・対応、解説・論説,1.0,JPYC、岡部典孝、資金移動業者、SWIFT,92.0,EVT-20250817-01,2025-08-17,done,フィンテック企業のJPYCが、9月にも日本初の円建てステーブルコイン「JPYC」の発行を開始する。JPYCは円と連動する価値を持ち、発行残高と同額以上を供託金として保全することで安全性が確保されており、ブロックチェーン技術により国際送金を70秒で実行でき、送金コストを1円以下に抑えられるという。
61.0,2025-08-25 16:00:00,金融庁、初の「円建てステーブルコイン」承認で、国債市場・決済分野に大変革の可能性 - ゴールドオンライン,https://gentosha-go.com/articles/-/71303,gentosha-go.com,制度・規制、発行・資金、解説・論説,1.0,金融庁、JPYC社、岡部典孝、改正資金決済法,95.0,EVT-20250817-01,2025-08-17,done,金融庁がフィンテック企業JPYCによる円建てステーブルコイン「JPYC」を国内で初めて承認し、今月18日に資金移動業として登録が完了、今秋にも発行・償還サービスが開始される予定である。JPYCは「1JPYC＝1円」の価格を維持するよう設計され、預金や日本国債を裏付け資産とする仕組みであり、ドル建てステーブルコインが市場を席巻する中での円建てコイン登場は、日本の金融主権強化や国債市場・決済分野への大きな影響の可能性がある。
64.0,2025-08-26 01:00:00,大阪万博ウォレット、USDC・JPYC対応で送金・決済・換金がさらに便利に＝報道 - bittimes.net,https://bittimes.net/news/209801.html,bittimes.net,活用事例、取扱い・対応、提携・連携、制度・規制、市場・統計,0.0,EXPO2025デジタルウォレット、HashPort、SBI VC、三井住友銀行,85.0,EVT-20250817-01,2025-08-17,done,大阪万博の公式アプリ「EXPO2025デジタルウォレット」は9月13日からUSDC、将来的にはJPYCに対応し、万博で貯めたポイント（EXPOトークン）をこれらのステーブルコインに交換することで、法定通貨への換金や国際送金が可能になります。万博終了後はHashPortがアプリを継承し「HashPort Wallet」としてリニューアルし、DEXやレンディング機能を追加する予定です。
65.0,2025-08-26 01:00:00,リポビタンD TREND NET -TOKYO FM 80.0MHz- - TOKYO FM,https://www.tfm.co.jp/trendnet/index.php?itemid=206897,tfm.co.jp,解説・論説,1.0,ダイヤモンド・ライフ、神庭亮介、TOKYO FM,75.0,EVT-20250817-01,2025-08-17,done,電子決済ベンチャーのJPYCが、日本円に連動するステーブルコイン「JPYC」を9月にも発行する予定で、国内初となります。ステーブルコインは価格が安定しており、加盟店や経済圏の枠を超えて利用でき、送金手数料が大幅に削減できるメリットがある一方で、マネーロンダリングや経済制裁逃れに悪用されるリスクがあります。
66.0,2025-08-26 16:00:00,JPYC岡部氏が日本円ステーブルコイン第1号の詳細を語る。AI経済圏での通貨主権をめぐる戦いと，新たなビジネスチャンスを解説［WebX］ - 4Gamer.net,https://www.4gamer.net/games/991/G999104/20250826031/,4gamer.net,制度・規制、解説・論説、市場・統計,1.0,岡部典孝、N.Avenue、WebX 2025,85.0,EVT-20250817-01,2025-08-17,done,JPYCの岡部典孝代表取締役が、日本円建てステーブルコイン第1号のライセンス取得後の展開について述べ、資金移動業者事業と仲介業の展開、会計・税務上の簡素化によるメリットを強調した。岡部氏は、AI経済圏での決済手段としてステーブルコインが不可欠になり、デジタル経済圏での通貨主権がJPYCの普及を通じて日本の国力に直結すると指摘した。
67.0,2025-08-27 01:00:00,三井住友銀行、ステーブルコインのコンビニ決済目指す？ - ASCII.jp,https://ascii.jp/limit/group/ida/elem/000/004/314/4314781/,ascii.jp,制度・規制、提携・連携、解説・論説,1.0,JPYC社、金融庁、三井住友銀行、SBI VCトレード,85.0,EVT-20250817-01,2025-08-17,done,金融庁が8月18日付でJPYC社を資金移動業者として登録し、日本円と連動するステーブルコイン「JPYC」の発行が可能になった。同時に、三井住友銀行とSBI VCトレードがステーブルコインの流通について共同検討を発表し、三井住友銀行が発行体、SBI VCトレードが流通を担う予定である。
68.0,2025-08-27 01:00:00,ステーブルコインで拡大するビジネスチャンスとは。HashPort，SBI，KONAMI，メルコイン，JPYCのキーパーソンが議論［WebX］ - 4Gamer.net,https://www.4gamer.net/games/991/G999104/20250815040/,4gamer.net,解説・論説、提携・連携,1.0,SBI VCトレード、HashPort、メルコイン,65.0,EVT-20250817-01,2025-08-17,done,WebXにおいて、SBI VCトレード、KONAMI、メルコイン、JPYCのキーパーソンが、円建てステーブルコイン「JPYC」の認可と新しいライセンス制度の整備により、日本のWeb3ビジネスが転換点を迎えていることを議論した。参加者は、ステーブルコインが決済以外の金融ユースケースやグローバル送金などの課題解決に活用でき、数兆円規模の市場機会があると指摘するとともに、企業間の連携と金融にとどまらない応用の可能性を語った。
70.0,2025-08-27 01:00:00,EXPOウォレット、「HashPort Wallet」へ刷新── JPYC・マルチチェーン対応やガスレス機能を発表 - NADA NEWS,https://www.nadanews.com/309670/,nadanews.com,取扱い・対応,0.0,HashPort、HashPort Wallet、EXPO2025デジタルウォレット,45.0,,,done,HashPortは、2025年大阪・関西万博の公式アプリ「EXPO2025デジタルウォレット」を「HashPort Wallet」へリニューアルし、Aptos、Ethereum、Polygon、Baseなどマルチチェーン対応とガスレス機能を搭載することを発表した。USDCとJPYCのステーブルコイン対応を検討し、万博終了後には電子決済手段・暗号資産サービス仲介業への登録を目指して日本円との直接的な入出金機能の提供を計画している。
69.0,2025-08-27 01:00:00,画像ギャラリー No.001 | JPYC岡部氏が日本円ステーブルコイン第1号の詳細を語る。AI経済圏での通貨主権をめぐる戦いと，新たなビジネスチャンスを解説［WebX］ - 4Gamer.net,https://www.4gamer.net/games/991/G999104/20250826031/screenshot.html?num=001,4gamer.net,解説・論説,1.0,岡部氏、WebX、4Gamer.net,65.0,EVT-20250817-01,2025-08-17,done,WebXでJPYC岡部氏が日本円ステーブルコイン第1号について講演し、AI経済圏における通貨主権をめぐる競争と新たなビジネス機会について解説した。
71.0,2025-08-28 01:00:00,注目のステーブルコイン､たけぞうさんが気になる関連銘柄 - 四季報オンライン,https://shikiho.toyokeizai.net/news/0/900783,shikiho.toyokeizai.net,,0.0,,0.0,,,done,申し訳ありませんが、本文がコンテンツブロック機能の警告メッセージのみであり、記事の実際の内容が含まれていないため、要約を生成することができません。
72.0,2025-08-28 11:57:17,万博のウォレットアプリ、終了後はステーブルコイン対応の新アプリに刷新 - Impress Watch,https://www.watch.impress.co.jp/docs/news/2042506.html,watch.impress.co.jp,取扱い・対応、提携・連携、活用事例,0.0,HashPort、EXPO2025デジタルウォレット、HashPort Wallet、EXPOトークン,65.0,EVT-20250828-01,2025-08-28,done,HashPortは、2025年大阪・関西万博で利用されている「EXPO2025デジタルウォレット」を、万博終了の10月13日以降に「HashPort Wallet」としてリニューアルし、USDCと日本円連動のステーブルコインJPYCに対応したweb3ウォレットアプリに刷新する。万博終了後にAptos、Ethereum、Polygon、Baseに対応し、年内に複数のチェーンが追加される予定であり、129種類の暗号資産での取引時にガスフィー無料での利用を見込んでいる。
73.0,2025-08-28 16:00:00,｢JPYC｣発行開始で話題の｢ステーブルコイン｣関連銘柄を解説！ 価値の変動が少ない仮想通貨｢ステーブルコイン｣は、各国の政府も推進する次世代の決済システム！ - ダイヤモンド・オンライン,https://diamond.jp/zai/articles/-/1055487,diamond.jp,制度・規制、解説・論説、競合・市場環境,1.0,金融庁、資金移動業、GENIUS法,75.0,EVT-20250817-01,2025-08-17,done,日本初の円建てステーブルコイン「JPYC」は2025年秋に発行開始予定であり、ブロックチェーン技術により決済時間の短縮とコスト削減が可能です。ステーブルコインは価格変動が小さく決済手段として実用的であり、2024年の年間送金量は27.6兆米ドルでビザとマスターカードの合計を上回るなど、米国や中国、日本など各国政府も推進する次世代決済システムとして急速に成長しています。
74.0,2025-08-29 01:00:00,米国は「ステーブルコイン財政」、では日本は？ ソニー銀や北國銀など4社の戦略 ｜FinTech Journal - ビジネス+IT,https://www.sbbit.jp/article/fj/170077,sbbit.jp,競合・市場環境、解説・論説,1.0,ソニー銀行、みんなの銀行、北國銀行,55.0,,,done,日本はソニー銀行、みんなの銀行、北國銀行、JPYCなど各社が自社の強みを生かしてステーブルコインに取り組んでおり、国家戦略としてドル覇権維持を目指す米国モデルとは異なり、エンタメ融合、デジタルバンク、地域キャッシュレス化、先行者利益確保など多様な事業戦略を展開している。日本は2023年改正資金決済法により安全性と信頼性の面で優位にあり、焦ることなく独自路線を堅持することが重要である。
75.0,2025-08-30 01:00:00,JPYCとは？国内初の円建てステーブルコインの特徴・買い方・将来性を徹底解説 - bittimes.net,https://bittimes.net/feature/209870.html,bittimes.net,解説・論説、制度・規制,1.0,JPYC株式会社、岡部典孝、三菱UFJ信託銀行、金融庁,95.0,EVT-20250817-01,2025-08-17,done,JPYCは国内初の日本円連動型ステーブルコインで、2025年8月に金融庁から資金移動業者として正式認可を受けました。1 JPYC＝1円の価値を保ち、銀行振込より低コストで高速な送金が可能であり、NFT購入やWeb3サービスでの決済、企業間取引など幅広い用途での活用が期待されています。
76.0,2025-08-31 01:00:00,仮想通貨ニュース週間まとめ「JPYC・ドージコイン・ブロックチェーン・金融庁」などの注目記事 - bittimes.net,https://bittimes.net/news/210059.html,bittimes.net,取扱い・対応、市場・統計、解説・論説,1.0,大阪・関西万博、USDC、DOGE、MetaMask,45.0,EVT-20250828-01,2025-08-28,done,2025年8月24日〜30日の暗号資産・ブロックチェーン関連ニュースでは、大阪万博ウォレットがUSDCとJPYCに対応することが明らかになり、イーロン・マスク氏の顧問弁護士がドージコイン財務管理会社の会長に就任して2億ドルの資金調達を計画し、MetaMaskがソーシャルログイン機能を導入するなど、暗号資産の利用環境整備が進展しました。また金融庁は暗号資産の課税制度見直しと国内ETF組成の検討を正式要望し、暗号資産専門の新部署を2026年度に設置する組織再編計画を発表しています。
77.0,2025-09-01 10:00:36,ゆうちょ銀行、2026年度にデジタル通貨「DCJPY」発行計画 デジタル証券取引など対応へ - CoinPost,https://coinpost.jp/?p=647301,coinpost.jp,提携・連携、実証実験,0.0,ゆうちょ銀行、ディーカレットDCP、デジタル通貨フォーラム,25.0,,,done,ゆうちょ銀行は2026年度から、IIJグループのディーカレットDCPが提供するトークン化預金「DCJPY」を貯金者向けに発行する予定である。DCJPYを使ってデジタル証券の購入やNFTなどのデジタル資産の売買、自治体からの補助金・給付金の受け取りが可能になる見込みである。
78.0,2025-09-01 16:00:00,国内初、日本円建てステーブルコイン「JPYC」金融庁が承認―今秋発行へ - 知財図鑑,https://chizaizukan.com/news/6l7Ool5HvjmBJNYiwFRWPg/,chizaizukan.com,制度・規制、発行・資金、提携・連携,0.0,JPYC株式会社、金融庁、アステリア株式会社、資金移動業者登録,95.0,EVT-20250901-01,2025-09-01,done,JPYC株式会社は2025年8月18日付で資金移動業者の登録を得て、国内初となる日本円建てステーブルコイン「JPYC」を発行可能になった。同ステーブルコインは日本円と1：1で連動し、預貯金および国債で保全される電子決済手段として、Ethereum、Avalanche、Polygonの3つのチェーンで発行予定である。アステリア株式会社との連携により、企業システムへの統合を実現する「JPYCアダプター」も開発される。
81.0,2025-09-02 01:00:00,JPYC株式会社の一般社団法人日本暗号資産等取引業協会（JVCEA）第一種会員への登録について - PR TIMES,https://prtimes.jp/main/html/rd/p/000000276.000054018.html,prtimes.jp,制度・規制,0.0,JVCEA、資金移動業、岡部典孝,85.0,EVT-20250901-01,2025-09-01,done,JPYC株式会社は2025年8月18日付で、一般社団法人日本暗号資産等取引業協会（JVCEA）の第一種会員（会員番号：1042）として登録されました。同社は資金移動業者として日本円建ステーブルコイン（JPYC）の発行・償還業務を行う予定であり、暗号資産交換業を行うことはありません。
79.0,2025-09-02 01:00:00,JPYC株式会社の一般社団法人日本暗号資産等取引業協会（JVCEA）第一種会員への登録について - JPYC株式会社,https://corporate.jpyc.co.jp/news/posts/JVCEA,corporate.jpyc.co.jp,,,,,,,failed,
80.0,2025-09-02 01:00:00,「 SPAIAコイン 」（仮称）構想に関するお知らせ ― JPYC 承認をきっかけに、円建てステーブルコインを活用した独自決済圏を構築へ ― - ドリームニュース,https://www.dreamnews.jp/press/0000328446,dreamnews.jp,提携・連携、発行・資金,0.0,グラッドキューブ、SPAIA、JPYC株式会社,65.0,EVT-20250901-01,2025-09-01,done,グラッドキューブは、金融庁が承認した円建てステーブルコイン「JPYC」の発行開始を受けて、独自のステーブルコイン「SPAIAコイン」（仮称）を2026年度内に発行する構想を2025年9月1日の取締役会で決議した。本コインは1コイン＝1円相当の価値を持つように設計され、JPYCやUSIDなどの国内準拠型ステーブルコイン、およびUSDTなどの主要ステーブルコインとの互換性を検討しており、スポーツファン向けの安心かつ利便性の高いデジタル決済環境を提供する予定である。
82.0,2025-09-02 06:00:00,1円を秒で世界に送金？日本初「ステーブルコイン」誕生の衝撃と見逃せないリスク - ダイヤモンド・オンライン,https://diamond.jp/articles/-/371769?page=2,diamond.jp,制度・規制、解説・論説、競合・市場環境,1.0,JPYC社、テラUSD、金融庁,75.0,EVT-20250901-01,2025-09-01,done,JPYC社が日本初の円ステーブルコイン「JPYC」を発行し、3年間で1兆円分の発行を目指している。ステーブルコインは法定通貨に対する価値が安定したデジタル決済手段であり、JPYC社は預金や国債を裏付け資産として保有する担保型コインとして運営する。かつてアルゴリズム型の無担保ステーブルコイン「テラUSD」が2022年5月に暴落して市場に大きな打撃を与えたため、現在は法定通貨担保型が主流となっている。
83.0,2025-09-02 16:00:00,ゆうちょ銀行がデジタル通貨を発行（久保田博幸） - エキスパート - Yahoo!ニュース,https://news.yahoo.co.jp/expert/articles/d6dbf57d0ef55b1ea53daa6acb6269f9737dd680,news.yahoo.co.jp,競合・市場環境、解説・論説,1.0,ゆうちょ銀行、ディーカレットDCP、DCJPY,25.0,,,done,ゆうちょ銀行は2026年度に、インターネットイニシアティブグループのディーカレットDCPが開発するデジタル通貨「DCJPY」を貯金者向けに発行する。DCJPYは預金と紐づき、貯金口座の残高から希望額を1円=1DCJPYで発行でき、規制上限がない代わりに利息がつかないため、デジタル証券購入を通じて利息を得る仕組みになっている。
84.0,2025-09-02 20:50:24,JPYC株式会社が一般社団法人日本暗号資産等取引業協会の第一種会員に登録完了 - ニュースメディアVOIX,https://voix.jp/money/cryptocurrency/15436/,voix.jp,制度・規制,0.0,JVCEA（日本暗号資産等取引業協会）、岡部典孝、資金移動業,85.0,EVT-20250901-01,2025-09-01,done,JPYC株式会社は2025年8月18日付で一般社団法人日本暗号資産等取引業協会（JVCEA）の第一種会員に登録され、資金決済に関する法律に基づき日本円建ステーブルコイン「JPYC」の発行・償還業務を行う予定です。同社は暗号資産交換業者ではないことを明確にしており、電子決済手段発行体としての認定を受けています。
85.0,2025-09-03 14:35:04,リブワークとアステリア、NFT活用「住宅資産デジタルプラットフォーム」開発へ。JPYC決済の導入も - あたらしい経済,https://www.neweconomy.jp/posts/492744,neweconomy.jp,活用事例、提携・連携,0.0,リブワーク、アステリア、住宅資産デジタルプラットフォーム,75.0,EVT-20250903-01,2025-09-03,done,リブワークとアステリアが業務提携し、NFTを活用した「住宅資産デジタルプラットフォーム」を構築することで、3Dプリンター住宅の設計データの改ざん防止と補修履歴の透明化を実現する。同時に、リブワークは住宅購入・施工費の支払いに日本円建てステーブルコイン「JPYC」を導入し、将来的には米ドル建てステーブルコインへの対応も検討している。
86.0,2025-09-04 06:15:00,初の「円建てステーブルコイン」発行!?銀行の送金・決済システムを代替する“夢の通貨”となるか - ダイヤモンド・オンライン,https://diamond.jp/articles/-/371993,diamond.jp,発行・資金、制度・規制、市場・統計、解説・論説,1.0,JPYC、資金移動業、USDT、USDC,85.0,EVT-20250901-01,2025-09-01,done,フィンテック企業のJPYCが8月18日に資金移動業の認可を受け、今秋にも国内初の円建てステーブルコインを発行する見通しで、今後3年間で1兆円分の発行を目標としている。ステーブルコインは法定通貨と1：1で価値が連動するため価格が安定しており、低い手数料で送金や決済に利用できることが強みである。本格的に普及すれば、銀行の送金・決済システムに大きな影響を与える可能性がある。
87.0,2025-09-04 16:00:00,【日本株】急速に関心高まるステーブルコイン関連銘柄 - マネクリ,https://media.monex.co.jp/articles/-/27755,media.monex.co.jp,市場・統計、競合・市場環境、解説・論説,1.0,Speee、SBIホールディングス、シンプレクス・ホールディングス、GMOインターネットグループ,65.0,EVT-20250901-01,2025-09-01,done,金融庁が今秋にも国内初のステーブルコイン発行を認める予定で、フィンテック企業JPYCが資金移動業者登録を完了し、1JPYC＝1円の価値を保つステーブルコイン「JPYC」を発行する。ブロックチェーン技術を基盤とした即時・低コストの送金手段として、国際送金や越境決済での活用が期待されている。
88.0,2025-09-05 13:24:19,緊急開催！ アステリア×JPYC ステーブルコインフォーラム レポート - Asteria Corporation,https://www.asteria.com/jp/inlive/finance/7798/,asteria.com,制度・規制、提携・連携、取扱い・対応、市場・統計,0.0,アステリア株式会社、JPYC株式会社、Circle社、金融庁,95.0,EVT-20250901-01,2025-09-01,done,JPYC株式会社が2025年8月17日に金融庁から資金移動業者として承認され、国内初の円建てステーブルコイン「JPYC」の発行体となりました。アステリア株式会社はこれを受けて、主力製品「ASTERIA Warp」で利用できる「新JPYCアダプター」を開発し、企業システムとJPYCのノーコード連携を実現しました。ステーブルコイン市場は急速に成長しており、世界市場規模は2915億ドルに達していますが、日本円のシェアはほぼゼロの状態で、今後10～15%程度のシェア獲得が見込まれています。
89.0,2025-09-06 01:00:00,米国で進むステーブルコインの規制整備（10）：日本では初の円建てステーブルコインが発行へ（NRI研究員の時事解説） - Yahoo!ニュース,https://news.yahoo.co.jp/articles/6c2f4d1eac774137b49284e6f2037a2c31d8b9a1,news.yahoo.co.jp,解説・論説,1.0,NRI、米国,25.0,,,done,申し訳ございませんが、本文が「指定されたURLは存在しませんでした」というエラーメッセージのみであるため、記事の実質的な内容が確認できず、要約を生成することができません。
90.0,2025-09-06 15:00:27,仮想通貨ニュース週間まとめ「XRP・ゆうちょ銀行・ATM・JPYC」などの注目記事 - bittimes.net,https://bittimes.net/news/210410.html,bittimes.net,提携・連携,0.0,リブワーク、アステリア、COINHUB,35.0,EVT-20250903-01,2025-09-03,done,"2025年8月31日〜9月6日の1週間で、XRPのブリッジ通貨としての可能性、ゆうちょ銀行の2026年度DCJPY導入計画、COINHUBの日本国内3,000台の暗号資産ATM展開、Lib WorkのJPYC決済対応住宅資産NFTプラットフォーム構築など、ブロックチェーン・暗号資産関連の注目ニュースが報じられた。"
91.0,2025-09-07 16:00:00,今秋、日本初の円建てステーブルコイン「JPYC」発行へ ビットコインやイーサリアムと違い価値が安定する仕組みを採用、投資家が注目すべきポイントを解説 - マネーポストWEB,https://www.moneypost.jp/1313566,moneypost.jp,解説・論説,1.0,藤川里絵、USDT、USDC,45.0,EVT-20250901-01,2025-09-01,done,ステーブルコインは法定通貨と1対1で連動するように設計された仮想通貨で、ビットコインのような価格変動がなく価値が安定しているのが特徴である。送金が数分～数十分で完了し手数料も格安なため、海外送金の手段として注目を集めており、今秋には日本初の円建てステーブルコイン「JPYC」の発行が予定されている。
92.0,2025-09-07 16:00:00,今秋、日本初の円建てステーブルコイン「JPYC」発行へ ビットコインやイーサリアムと違い価値が安定する仕組みを採用、投資家が注目すべきポイントを解説 - マネーポストWEB,https://www.moneypost.jp/1313566/2/,moneypost.jp,解説・論説,1.0,藤川里絵、金融庁、マネーポストWEB,45.0,EVT-20250901-01,2025-09-01,done,日本初の円建てステーブルコイン「JPYC」が今秋に発行される予定である。ビットコインやイーサリアムと異なり、価値が安定する仕組みを採用しており、投資家から注目を集めている。
93.0,2025-09-08 05:55:00,ゆうちょ銀行「DCJPY」や「JPYC」で急転の日本の“デジタル通貨”…先行する中国の「現金回帰」が示すものは - Business Insider Japan,https://www.businessinsider.jp/article/2509japans-digital-currency-future/,businessinsider.jp,市場・統計、制度・規制、解説・論説、競合・市場環境,1.0,JPYC社、ゆうちょ銀行、金融庁、DCJPY,75.0,EVT-20250901-01,2025-09-01,done,日本でJPYC社が円建てステーブルコイン「JPYC」を、ゆうちょ銀行がデジタル通貨「DCJPY」を導入する動きが進んでいる。暗号資産は投資手段と決済手段に二分化しており、ステーブルコインやデジタル通貨は送金・決済の効率化を目的とした社会インフラとしての利用が期待されている。
94.0,2025-09-10 18:30:27,ステーブルコイン「JPYC」、クレカで買い物も 使い道広がるか - 日本経済新聞,https://www.nikkei.com/article/DGXZQOUB042X80U5A900C2000000/,nikkei.com,取扱い・対応、市場・統計,0.0,ナッジ、JPYC（発行企業）、クレジットカード,75.0,EVT-20250901-01,2025-09-01,done,日本円に価値が連動するステーブルコイン「JPYC」の発行開始を前に、決済事業者がJPYCを活用したサービス開発を進めており、フィンテック企業のナッジは10月からJPYCで買い物ができるようにする。日常決済での利便性の高いサービス登場により、ステーブルコインの普及が促進される見込みである。
95.0,2025-09-10 18:49:11,Komlock lab、JPYC活用の新開発支援サービス「Stablecoin Assist」提供開始のご案内 - ニュースメディアVOIX,https://voix.jp/biz/news/151583/,voix.jp,活用事例、提携・連携,0.0,Komlock lab、Stablecoin Assist、JPYC株式会社,85.0,EVT-20250910-01,2025-09-10,done,Komlock lab株式会社は、日本円ステーブルコイン「JPYC」の導入を支援する新サービス「Stablecoin Assist」の提供を開始しました。本サービスは、ウォレット接続や決済フロー設計など企業がJPYC導入時に直面する技術的課題を解決し、EC決済の追加やAI Agent同士の自動決済など多様なユースケースを実現できます。
97.0,2025-09-11 01:00:00,【国内初】クレジットカード返済方法に、日本円建ステーブルコイン「JPYC」が導入されます。 - JPYC株式会社,https://corporate.jpyc.co.jp/news/posts/Nudge,corporate.jpyc.co.jp,,,,,,,failed,
96.0,2025-09-11 01:00:00,Komlock lab、日本円ステーブルコイン「JPYC」の導入を加速する開発支援サービス「Stablecoin Assist」を提供開始 - PR TIMES,https://prtimes.jp/main/html/rd/p/000000006.000166095.html,prtimes.jp,取扱い・対応、提携・連携,0.0,Komlock lab、JPYC株式会社、Stablecoin Assist,85.0,EVT-20250910-01,2025-09-10,done,Komlock lab株式会社は、JPYC株式会社が発行する日本円建ステーブルコイン「JPYC」の導入を支援する開発支援サービス「Stablecoin Assist」の提供を開始しました。本サービスは、ウォレット接続や決済フロー設計などの技術的課題を解決し、ECサイト向け決済ゲートウェイ、B2B間決済プラットフォーム、MtoM決済システムなど複数のユースケースに対応しています。
98.0,2025-09-11 02:00:00,ステーブルコイン「JPYC」、クレカでも買い物OK 来月から - 日本経済新聞,https://www.nikkei.com/article/DGKKZO91246050Q5A910C2EE9000/,nikkei.com,活用事例、取扱い・対応,0.0,ナッジ、JPYC株式会社、クレジットカード,85.0,EVT-20250911-01,2025-09-11,done,フィンテック企業のナッジは10月から、日本円に価値が連動するステーブルコイン「JPYC」で買い物ができるサービスを開始する。カードの利用代金をステーブルコインで返済できる仕組みは日本初となる。
99.0,2025-09-11 08:30:48,クレジットカード返済方法に日本円建ステーブルコイン「JPYC」導入（JPYC/ナッジ） - ペイメントナビ,https://paymentnavi.com/paymentnews/165426.html,paymentnavi.com,取扱い・対応、提携・連携,0.0,ナッジ、Nudge（ナッジカード）、Visa,85.0,EVT-20250911-01,2025-09-11,done,"JPYCは、ナッジが提供するクレジットカード「Nudge」において、日本円建ステーブルコイン「JPYC」での返済受付を2025年10月を目処に開始する。これにより、世界約1億5,000万超のVisa加盟店での買い物に対してJPYCによる返済が可能となり、既存のカード決済インフラを活用してステーブルコインの日本での普及促進を図る。"
100.0,2025-09-11 09:18:58,ナッジ、次世代デジタルクレカでJPYC払いの受付を開始し新たな決済時代を切り開く - ニュースメディアVOIX,https://voix.jp/credit-cards/immediate-issuing/nudge-launches-jpyc-payment/,voix.jp,取扱い・対応、提携・連携、活用事例,0.0,ナッジ株式会社、Nudge、JPYC株式会社,85.0,EVT-20250911-01,2025-09-11,done,ナッジ株式会社は次世代クレジットカード「Nudge」において、2025年10月を目処にJPYC株式会社が発行予定のステーブルコイン「JPYC」での返済受付を開始し、世界中の約1億5000万店舗超のVISA加盟店でJPYCを使用した買い物が可能になります。これにより日本初となる「クレジットカードの支払いをステーブルコインで行える仕組み」が実現し、ステーブルコインの利用拡大に向けた課題である利用可能店舗の拡大と身近なインターフェースの整備が推進されます。
101.0,2025-09-11 10:39:48,国内初、クレジットカード返済にステーブルコインJPYC導入 ナッジカードが10月開始予定 - CoinPost,https://coinpost.jp/?p=650355,coinpost.jp,活用事例、提携・連携、取扱い・対応,0.0,ナッジ株式会社、Nudgeカード、JPYC株式会社,95.0,EVT-20250911-01,2025-09-11,done,"JPYC株式会社は、ナッジ株式会社のクレジットカード「Nudgeカード」において、日本円建ステーブルコイン「JPYC」による返済受付を2025年10月に開始することを発表した。国内のクレジットカードでステーブルコインによる返済が可能となるのは初めてで、世界約1億5,000万超のVISA加盟店での決済に対してJPYCによる返済が可能になる。"
102.0,2025-09-11 12:46:12,クレカのナッジ、“ステーブルコイン払い”10月開始 - Impress Watch,https://www.watch.impress.co.jp/docs/news/2046573.html,watch.impress.co.jp,取扱い・対応、活用事例,0.0,ナッジ、Nudge、Visa,85.0,EVT-20250911-01,2025-09-11,done,ナッジはクレジットカード「Nudge」において、JPYCが発行予定のステーブルコイン「JPYC」での返済受付を10月を目処に開始する。これにより日本初となる「クレジットカードの支払いをステーブルコインで行なえる仕組み」が実現し、VISA加盟店でJPYCによる決済が可能になる。
104.0,2025-09-11 16:00:00,次世代クレカ「Nudge」、国内初 (※1) となるステーブルコイン「JPYC」払いの受付をスタート | ナッジ株式会社のプレスリリース - PR TIMES,https://prtimes.jp/main/html/rd/p/000000257.000073456.html,prtimes.jp,活用事例、提携・連携,0.0,Nudge、ナッジ株式会社、JPYC株式会社,95.0,EVT-20250911-01,2025-09-11,done,ナッジ株式会社は次世代クレジットカード「Nudge」において、JPYC株式会社が発行予定の円建てステーブルコイン「JPYC」での返済受付を2025年10月を目処に開始します。これにより、世界約1億5000万店舗超のVISA加盟店でステーブルコイン決済が可能になり、日本初となるクレジットカード支払いのステーブルコイン対応が実現します。
103.0,2025-09-11 16:00:00,【国内初（※1）】クレジットカード返済方法に、日本円建ステーブルコイン「JPYC」が導入されます。 - PR TIMES,https://prtimes.jp/main/html/rd/p/000000277.000054018.html,prtimes.jp,活用事例、提携・連携,0.0,ナッジ株式会社、Nudgeカード、資金移動業者,95.0,EVT-20250911-01,2025-09-11,done,"JPYC株式会社とナッジ株式会社は、次世代クレジットカード「Nudge」において日本円建ステーブルコイン「JPYC」での返済受付を2025年10月を目処に開始することを発表した。これにより、世界約1億5,000万超のVISA加盟店での購入代金をJPYCで後払い可能となり、ステーブルコインの日常生活での利用を促進する。"
105.0,2025-09-11 16:09:20,ナッジのクレカ、ステーブルコイン「JPYC」でVISA加盟店の支払い可能に - あたらしい経済,https://www.neweconomy.jp/posts/495423,neweconomy.jp,取扱い・対応、活用事例,0.0,ナッジ、Nudgeカード、VISA,85.0,EVT-20250911-01,2025-09-11,done,"ナッジが提供するクレジットカード「Nudgeカード」において、10月を目処にステーブルコイン「JPYC」での返済受付が開始され、世界約1億5,000万店舗超のVISA加盟店でステーブルコインでの買い物が可能になる。サービス開始時は対象者が限定され、対応チェーンはポリゴンから始まる予定である。"
108.0,2025-09-12 01:00:00,【9/11話題】ナッジのクレカがJPYC対応へ、新経連が税制改正提言、バイナンスとフランクリン・テンプルトンが提携など（音声ニュース） - あたらしい経済,https://www.neweconomy.jp/posts/495335,neweconomy.jp,取扱い・対応,0.0,ナッジ、新経連、バイナンス,45.0,EVT-20250911-01,2025-09-11,done,本記事はポッドキャスト番組の紹介記事で、ナッジのクレカがJPYCに対応してVISA加盟店での支払いが可能になることや、新経連が暗号資産分離課税などを含む2026年度税制改正提言を公表したこと、バイナンスとフランクリン・テンプルトンが提携してデジタル資産の新製品を共同開発することなど、複数のブロックチェーン・暗号資産関連のニュースを紹介している。
107.0,2025-09-12 01:00:00,ナッジ、ステーブルコイン「JPYC」決済をVISA加盟店で展開｜世界1.5億店舗で利用可能に - bittimes.net,https://bittimes.net/news/210597.html,bittimes.net,取扱い・対応、活用事例、提携・連携,0.0,ナッジ株式会社、Visa、JPYC株式会社,95.0,EVT-20250911-01,2025-09-11,done,"ナッジ株式会社は2025年10月をめどに、クレジットカード「Nudgeカード」の利用代金を日本円連動型ステーブルコイン「JPYC」で支払えるサービスを開始し、世界約1億5,000万のVisa加盟店での決済が可能になる見通しです。これはクレジットカード支払いをステーブルコインで行える国内初の仕組みとされており、JPYC社は2025年8月に資金移動業者として登録を完了し、今後3年間で累計1兆円規模のJPYC発行を目標としています。"
106.0,2025-09-12 01:00:00,日本円連動ステーブルコイン「JPYC」、日常決済から企業間取引まで導入が加速 - JinaCoin,https://jinacoin.ne.jp/jpyc-stablecoin-20250911/,jinacoin.ne.jp,活用事例、取扱い・対応、提携・連携、制度・規制,0.0,JPYC株式会社、ナッジ株式会社、Komlock lab株式会社、アステリア株式会社,95.0,EVT-20250912-01,2025-09-12,done,日本円連動ステーブルコイン「JPYC」を巡る動きが急速に拡大しており、JPYC株式会社が8月18日に資金移動業者登録を完了し、今秋の発行見通しが立った。ナッジ株式会社がJPYCでの返済受付を2025年10月から開始するほか、Komlock lab株式会社やアステリア株式会社など複数の民間企業が決済機能の追加や開発支援パッケージの提供を予定するなど、日常決済から企業間取引まで導入が加速している。
109.0,2025-09-12 01:00:00,ステーブルコイン「JPYC」で支払い可能なクレジットカード登場 - NADA NEWS,https://www.nadanews.com/313149/,nadanews.com,活用事例、取扱い・対応,0.0,ナッジ、Nudge、VISA,95.0,EVT-20250911-01,2025-09-11,done,クレジットカード「Nudge」を発行するナッジが、ステーブルコイン「JPYC」での返済受付を10月を目処に開始すると発表した。これにより、世界約1億5000万超のVISA加盟店でJPYCでのお買い物が可能となり、日本初となる「クレジットカードの支払いをステーブルコインで行える仕組み」が実現する。
110.0,2025-09-12 01:00:00,ナッジのクレカ、ステーブルコイン「JPYC」でVISA加盟店の支払い可能に（あたらしい経済） - Yahoo!ニュース,https://news.yahoo.co.jp/articles/a855fa5fcca158cbb26d03a09fa2d3976035717b,news.yahoo.co.jp,取扱い・対応、活用事例,0.0,ナッジ株式会社、Visa、JPYC社,95.0,EVT-20250911-01,2025-09-11,done,"ナッジ株式会社は2025年10月をめどに、クレジットカード「Nudgeカード」の利用代金を日本円連動型ステーブルコイン「JPYC」で支払えるサービスを開始し、世界約1億5,000万のVisa加盟店での決済が可能になる見通しです。これは国内初の仕組みであり、JPYC社は2025年8月に資金移動業者として登録を完了し、今後3年間で累計1兆円規模のJPYC発行を目標としています。"
111.0,2025-09-12 16:00:00,「JPYC」って何のこと？3分でわかるデジタル円、ステーブルコインの基礎知識 - @DIME アットダイム,https://dime.jp/genre/2021126/,dime.jp,解説・論説、活用事例,1.0,JPYC株式会社、改正資金決済法、資金移動業,85.0,EVT-20250901-01,2025-09-01,done,JPYCは2025年8月にJPYC株式会社が資金移動業に登録した、1円＝1JPYCで扱える日本円建てステーブルコインであり、ブロックチェーンの速さと自動化を活用して法人決済、越境EC、地域通貨など様々な場面での送金・決済を実現します。改正資金決済法による法整備の整備と実需により注目されており、発行体による厳格な準備資産管理により「常に1円に戻せる」安心感が担保されています。
112.0,2025-09-13 17:34:52,ステーブルコイン・暗号資産・電子決済手段・前払式支払手段、今さら聞けない それらの違いは？ - あたらしい経済,https://www.neweconomy.jp/features/stablecoin/496234,neweconomy.jp,解説・論説,1.0,資金移動業、前払式支払手段、電子決済手段、暗号資産,75.0,EVT-20250901-01,2025-09-01,done,JPYC社が資金移動業者の登録を得たことで、JPYCは日本円と1：1で連動するステーブルコインとなりました。当初は「前払式支払手段」として発行されていたJPYCは、2025年秋に「電子決済手段」として発行される予定であり、ブロックチェーン技術を用いていますが暗号資産ではありません。前払式支払手段、電子決済手段、ステーブルコイン、暗号資産はそれぞれ異なる特性を持つ決済手段です。
114.0,2025-09-17 01:00:00,ノーコードアプリ開発ツール「Click」にJPYCとの連携機能を新規追加！ | プレスリリース | ニュース - アステリア株式会社,https://jp.asteria.com/news/2025091625206/,jp.asteria.com,取扱い・対応、提携・連携,0.0,アステリア株式会社、MikoSea株式会社、Click,85.0,EVT-20250917-01,2025-09-17,done,アステリア株式会社とMikoSea株式会社は、ノーコードアプリ開発ツール「Click」に日本円建ステーボルコイン「JPYC」との連携機能を追加し、ユーザーが開発するモバイルアプリやWebアプリでJPYCの送受信が可能になることを発表した。この機能により、ECアプリやサブスクリプション決済など、コンシューマー向けアプリでの決済手段の多様化とステーブルコインの普及推進を図る。
113.0,2025-09-17 01:00:00,「JPYC」をアプリで使える支払い手段に── アステリア、MikoSea買収でステーブルコイン普及を促進 - NADA NEWS,https://www.nadanews.com/314342/,nadanews.com,取扱い・対応、提携・連携、活用事例,0.0,アステリア、MikoSea、Click,85.0,EVT-20250917-01,2025-09-17,done,アステリアは9月16日、ノーコードアプリ開発ツール「Click」を手掛けるMikoSeaを買収し、今秋発行予定の日本円連動型ステーブルコイン「JPYC」の決済機能をClick内に追加することを発表した。この新機能により、既存の約2万7000ユーザーと7万個以上のアプリに対してJPYC決済が簡単に導入でき、特に手数料負担が重い小規模事業者にとって有力な決済手段となる可能性がある。
115.0,2025-09-17 15:18:55,【材料】 電算システムが後場終盤に上げ幅拡大、ＪＰＹＣと日本円ステーブルコインの社会実装に向け共同検討 - かぶたん,https://kabutan.jp/news/marketnews/?b=n202509170704,kabutan.jp,提携・連携、活用事例,0.0,電算システム、JPYC,75.0,EVT-20250917-02,2025-09-17,done,電算システムが、全国のコンビニエンスストアやドラッグストアなどで構築した6万5000店超の収納代行・コンビニ決済ネットワークと、JPYCが発行する日本円ステーブルコイン「JPYC」を活用して、B2C/B2B決済及び企業間精算のユースケースの具体化に向けて共同検討を進める。実店舗決済とEC決済など複数チャネルで横断的に使える設計を目指し、社会実装を見据えたサービス化を進めていくという。
117.0,2025-09-17 16:00:00,株式会社電算システムと、B2C/B2B決済・送金・精算システムの共同検討に関する基本合意書締結のお知らせ - PR TIMES,https://prtimes.jp/main/html/rd/p/000000278.000054018.html,prtimes.jp,活用事例、提携・連携,0.0,株式会社電算システム、コンビニエンスストア決済ネットワーク、アステリア株式会社、HashPort,95.0,EVT-20250917-02,2025-09-17,done,JPYC株式会社は株式会社電算システムと、日本円建ステーブルコイン「JPYC」を活用したB2C/B2B決済・送金・精算システムの共同検討に関する基本合意書を2025年9月17日に締結しました。電算システムが構築した6万5千店超のコンビニ決済ネットワークとJPYCを組み合わせ、実店舗決済とEC決済などの各チャネルで横断的に使える決済サービスの実装を目指します。
116.0,2025-09-17 16:00:00,JPYC株式会社と、日本円ステーブルコイン「JPYC」の社会実装に向けた共同検討に関する基本合意書締結について - PR TIMES,https://prtimes.jp/main/html/rd/p/000000019.000002917.html,prtimes.jp,提携・連携、活用事例,0.0,電算システム、JPYC株式会社、資金移動業者,95.0,EVT-20250917-02,2025-09-17,done,電算システムとJPYC株式会社は、2025年9月17日に日本円ステーブルコイン「JPYC」の社会実装に向けた共同検討に関する基本合意書を締結しました。両社は、電算システムが構築した6万5千店超のコンビニ決済ネットワークとJPYCを活用し、B2C/B2B決済および企業間精算のユースケースを具体化し、実店舗とEC決済で横断的に使える設計を進めます。
119.0,2025-09-18 01:00:00,JPYC、電算システムと基本合意──全国コンビニでステーブルコイン決済実現目指す - NADA NEWS,https://www.nadanews.com/314493/,nadanews.com,提携・連携、活用事例,0.0,電算システム、HashPort、ナッジ,85.0,EVT-20250917-02,2025-09-17,done,JPYC社は9月17日、電算システムと基本合意を締結し、全国6万5千店以上のコンビニやドラッグストアでJPYCのステーブルコイン決済を実現することを目指す。利用者はQRコードやバーコード決済と同じ体験のままステーブルコインでの支払いが可能になる仕組みを構想している。JPYC社は今秋から日本円と1対1で交換可能なJPYCの発行・償還を開始する予定である。
118.0,2025-09-18 01:00:00,電算システムHDとJPYC社が共同で日本円ステーブルコイン「JPYC」の実装に向けた基本合意書を締結 - ニュースメディアVOIX,https://voix.jp/money/cryptocurrency/16610/,voix.jp,提携・連携、活用事例、制度・規制,0.0,電算システムホールディングス、JPYC株式会社、資金移動業者登録,95.0,EVT-20250917-02,2025-09-17,done,電算システムHDとJPYC社は、日本円ステーブルコイン「JPYC」の実装に向けた基本合意書を締結しました。両社は全国約6万5千店のコンビニエンスストアやドラッグストアのネットワークを活用し、B2CおよびB2B決済のユースケースを具体化する予定です。JPYC社は2025年秋より日本初の日本円ステーブルコイン「JPYC」の発行・償還を開始予定であり、両社は安心して日常的に利用できる決済システムの実現に向けて取り組みます。
120.0,2025-09-18 11:05:24,【材料】 電算システムホールディングス--- JPYCと日本円ステーブルコインの社会実装へ向けた共同検討に関する基本合意書を締結 - かぶたん,https://kabutan.jp/news/marketnews/?b=n202509180409,kabutan.jp,提携・連携、活用事例,0.0,電算システムホールディングス、電算システム、コンビニエンスストア,85.0,EVT-20250917-02,2025-09-17,done,電算システムホールディングスは、日本円ステーブルコイン「JPYC」の社会実装に向けてJPYCと基本合意書を締結した。全国6万5千店超のコンビニエンスストアやドラッグストアのネットワークを活用し、B2CおよびB2B決済と企業間精算領域での具体的なユースケース創出を目指す。今後、要件定義から実証、運用設計を段階的に進め、事業化を目指す。
121.0,2025-09-18 16:00:00,メタプラネット、完全子会社「ビットコインジャパン」設立 ビットコイン関連事業を集約 - ITmedia,https://www.itmedia.co.jp/news/articles/2509/18/news077.html,itmedia.co.jp,,0.0,メタプラネット、ビットコインジャパン、Bitcoin Magazine Japan,0.0,,,done,メタプラネットは9月17日、ビットコイン関連事業を集約するための完全子会社「ビットコインジャパン」を設立すると発表した。新会社では「Bitcoin Magazine Japan」や「Bitcoin Japan Conference」の運営、「Bitcoin.jp」ドメインの取得を予定している。
122.0,2025-09-18 16:50:12,「社会のジレンマを突破する」日本初のステーブルコイン発行ライセンス取得、JPYC岡部典孝氏が語る｜独占インタビュー - CoinPost,https://coinpost.jp/crypto/interview/jpyc-stablecoin-license/,coinpost.jp,制度・規制、解説・論説,1.0,岡部典孝、金融庁、三菱UFJ信託,95.0,,,done,JPYC株式会社が日本初の日本円建てステーブルコイン発行ライセンスを金融庁から取得し、手数料無料・24時間365日利用可能な「JPYC EX」を展開している。同社は3年で10兆円、5年で83兆円の発行目標を掲げており、発行時に日本国債を準備金として購入することで日本経済への波及効果を期待している。
125.0,2025-09-19 01:00:00,『N Suite』が法人向けウォレットとして円建てステーブルコイン『JPYC』に国内初（※１）対応を開始 - PR TIMES,https://prtimes.jp/main/html/rd/p/000000197.000034671.html,prtimes.jp,取扱い・対応、提携・連携,0.0,N Suite、double jump.tokyo株式会社、JPYC株式会社,95.0,EVT-20250919-01,2025-09-19,done,double jump.tokyoが提供する企業向けウォレットサービス「N Suite」が、円建てステーブルコイン「JPYC」に法人向けウォレットとして国内初対応を開始した。これにより企業は秘密鍵管理やワークフローの課題を解決し、JPYCを安全かつ効率的に活用できるようになり、JPYC株式会社との業務提携のもと実現した。
124.0,2025-09-19 01:00:00,【国内初】法人向けweb3ウォレット「N Suite」が日本円建ステーブルコイン「JPYC」に対応します - JPYC株式会社,https://corporate.jpyc.co.jp/news/posts/DJT,corporate.jpyc.co.jp,取扱い・対応、提携・連携,0.0,N Suite、double jump.tokyo株式会社、SBIグループ,85.0,EVT-20250919-01,2025-09-19,done,JPYC株式会社とdouble jump.tokyo株式会社は業務提携により、法人向けweb3ウォレット「N Suite」が日本円建ステーブルコイン「JPYC」に対応することを発表した。N Suiteは複数担当者による承認フローを備えており、企業が暗号資産やステーブルコインを安全に管理・運用できるサービスで、すでに60社以上に導入されている。
123.0,2025-09-19 01:00:00,「社会のジレンマを突破する」日本初のステーブルコイン発行ライセンス取得、JPYC岡部典孝氏が語る｜独占インタビュー - CoinPost,https://coinpost.jp/?p=646900,coinpost.jp,制度・規制、解説・論説,1.0,岡部典孝、金融庁、JPYC EX、WalletConnect,95.0,,,done,JPYC株式会社が金融庁から日本初となる日本円建てステーブルコイン発行ライセンスを取得し、手数料無料・24時間365日利用可能な「JPYC EX」を開始した。同社は3年後に10兆円の発行目標を掲げており、ステーブルコインが国債購入を通じて日本経済に影響をもたらす可能性があるとしている。
126.0,2025-09-19 12:00:55,ステーブルコインに関する税金の基本 仮想通貨初心者こそ覚えておきたいポイント｜Aerial Partners寄稿 - CoinPost,https://coinpost.jp/investment/tax/stablecoin/,coinpost.jp,解説・論説,1.0,Aerial Partners、USDC、DeFi,35.0,,,done,日本でUSDCやJPYCなどのステーブルコインの取扱いが開始されたが、電子マネーと異なり税務上の取扱いが重要である。ステーブルコインでNFTや他の暗号資産を購入して売却した場合や、DeFiサービスに預けて利息を得た場合は雑所得として課税対象となり、利益計算は「売却価格（円換算）−取得価格（円換算）」で行う必要がある。初心者は二段階認証の設定やウォレットの分散管理、取引履歴の保管など基本的なリスク管理を徹底することが重要である。
127.0,2025-09-19 14:08:31,JPYC株式会社が提携した法人向けweb3ウォレット『N Suite』の新機能導入 - ニュースメディアVOIX,https://voix.jp/business-cards/jpyc-n-suite-web3-wallet-launch/,voix.jp,取扱い・対応、提携・連携,0.0,N Suite、double jump.tokyo株式会社、JPYC株式会社,95.0,EVT-20250919-01,2025-09-19,done,JPYC株式会社とdouble jump.tokyo株式会社は、法人向けweb3ウォレット『N Suite』において日本円建ステーブルコイン『JPYC』の標準対応を発表しました。N Suiteは複数担当者による承認フローを備え、すでに60社以上が導入しており、JPYCへの対応により契約当日からJPYCを利用した入出金が可能となります。今後、電算システムやASTERIA Warpとの連携により、JPYCを活用した資金移動の自動化やワークフロー連携の実現が予定されています。
128.0,2025-09-19 14:22:21,日本円ステーブルコイン「JPYC」に法人向けウォレット「N Suite」が対応──国内初 - NADA NEWS,https://www.nadanews.com/314898/,nadanews.com,取扱い・対応、提携・連携,0.0,double jump.tokyo、N Suite、電算システム,95.0,EVT-20250919-01,2025-09-19,done,JPYC社は、ブロックチェーンゲーム開発のdouble jump.tokyoが提供する法人向けWeb3ウォレット「N Suite」がJPYCに対応することを発表した。これは法人向けWeb3ウォレットにおけるJPYCへの対応として国内初の事例であり、複数担当者による承認フローなどの内部統制機能により、企業が安全かつ効率的にJPYCを管理・運用できるようになる。JPYC社は電算システムや決済サービス「Nudge」、アステリアなど多様なパートナーとの協業を通じ、幅広い場面でJPYCが利用される経済圏の拡大を図っている。
129.0,2025-09-19 16:00:00,【国内初(※1)】法人向けweb3ウォレット『N Suite』が日本円建ステーブルコイン『JPYC』に対応します - PR TIMES,https://prtimes.jp/main/html/rd/p/000000279.000054018.html,prtimes.jp,取扱い・対応、提携・連携、活用事例,0.0,double jump.tokyo株式会社、N Suite、電算システム、アステリア株式会社,95.0,EVT-20250919-01,2025-09-19,done,JPYC株式会社とdouble jump.tokyo株式会社は業務提携し、法人向けweb3ウォレット『N Suite』において日本円建ステーブルコイン『JPYC』が標準対応することを発表しました。これにより、契約当日からJPYCを利用した入出金や送受金が可能となり、企業における資金決済の効率化とセキュリティ向上が実現します。
130.0,2025-09-20 01:00:00,ステーブルコインに関する税金の基本 仮想通貨初心者こそ覚えておきたいポイント｜Aerial Partners寄稿 - CoinPost,https://coinpost.jp/?p=651896,coinpost.jp,解説・論説,1.0,USDC、Aerial Partners、CoinPost,45.0,,,done,日本でUSDCやJPYCなどのステーブルコインの取扱いが増える中、ステーブルコインは価格が安定した仮想通貨であるが電子マネーと異なり、NFTや暗号資産の購入・売却、DeFiサービスへの預入による利息など利用方法によっては雑所得として課税対象となる。利益計算は売却価格と取得価格の差額で行い、取引履歴の正確な記録と確定申告が必要である。
131.0,2025-09-20 01:00:00,ナッジカード、日本円ステーブルコイン「JPYC」返済を10月開始｜VISA加盟店1億5000万店で利用可能 - innovaTopia,https://innovatopia.jp/blockchain/blockchain-news/66630/,innovatopia.jp,活用事例、提携・連携、制度・規制、解説・論説,1.0,ナッジ株式会社、Nudge（ナッジカード）、Polygonチェーン,95.0,EVT-20250911-01,2025-09-11,done,"JPYC株式会社とナッジ株式会社は、クレジットカード「ナッジカード」において日本円建ステーブルコイン「JPYC」での返済受付を2025年10月に開始すると発表した。これにより世界約1億5,000万超のVISA加盟店での買い物に対してJPYCによる返済が可能となり、日本初のステーブルコイン普及の起爆剤となる可能性がある。"
132.0,2025-09-20 01:00:00,ナッジカード、ステーブルコインJPYC返済を開始 VISA加盟店で利用可能 - plus-web3.com,https://plus-web3.com/media/latestnews_1000_5244/,plus-web3.com,活用事例、提携・連携、制度・規制、解説・論説,1.0,ナッジ株式会社、Nudgeカード、資金移動業者,95.0,EVT-20250911-01,2025-09-11,done,"JPYC株式会社とナッジ株式会社は、クレジットカード「ナッジカード」において日本円建ステーブルコイン「JPYC」での返済を2025年10月を目処に開始することを発表した。これにより世界約1億5,000万超のVISA加盟店での買い物がJPYCで返済可能となり、日本でステーブルコインが一般的なクレジットカード決済システムと連携する初の事例となる。"
133.0,2025-09-21 01:00:00,円建てステーブルコインJPYC承認決定｜日本の国債市場にも影響か - innovaTopia,https://innovatopia.jp/blockchain/blockchain-news/63496/,innovatopia.jp,制度・規制、解説・論説、競合・市場環境,1.0,金融庁、Circle、Tether,85.0,EVT-20250921-01,2025-09-21,done,日本の金融庁は2025年秋にもJPYCという円建てステーブルコインの発行を承認する予定で、東京のフィンテック企業JPYCが資金移動業として登録し、1JPY＝1円の固定価値を銀行預金や日本国債で裏付けする国内初の円ペッグ型デジタル通貨を展開する。グローバルステーブルコイン市場はドルペッグ資産が支配する中で、JPYCが大量の日本国債を買い上げる可能性があり、日本の債券市場に大きな影響を与える可能性がある。
134.0,2025-09-22 09:00:00,「推し活」クレカのナッジがカスタムクレカ、リアルタイム決済通知、JPYCでのVisa加盟店利用など機能強化 - ペイメントナビ,https://paymentnavi.com/paymentnews/165742.html,paymentnavi.com,取扱い・対応、提携・連携,0.0,ナッジ、Nudge、十六銀行,35.0,,,done,クレジットカード「Nudge」を運営するナッジは、サービス開始4周年を記念してカスタムクレカ機能、リアルタイム決済通知機能、JPYCでのVisa加盟店利用などの新サービスを発表した。Z世代を中心に利用が拡大しており、2025年8月時点で取扱高ベースで20代が50％、10代を合わせて7割を占めている。マイクロサービスアーキテクチャーを採用した柔軟なシステムと、推し活と連動した独自サービス設計により、他社との差別化を図っている。
135.0,2025-09-24 11:03:27,Gate Japan、今期中のサービス開始を目指す──グローバルで培った技術力で図る差別化戦略 - CoinPost,https://coinpost.jp/crypto/interview/gate-japan-launch-strategy/,coinpost.jp,取扱い・対応、制度・規制,0.0,Gate Japan、Coin Master、金融庁,5.0,,,done,Gate.comは2024年12月にCoin Master株式会社を買収し「Gate Japan株式会社」に商号変更して、日本市場への再参入を目指している。グローバルで培った技術力とコンプライアンスを強みに今期中のサービス開始を目指しており、金融庁との協議や人材採用を進めており、日本市場向けの取引所・販売所の構築を準備している。
136.0,2025-09-25 07:30:00,実店舗決済やEC決済などにも日本円ステーブルコイン「JPYC」を活用へ。電算システム、JPYCと社会実装に向けた共同検討で合意 - ネットショップ担当者フォーラム,https://netshop.impress.co.jp/node/14837,netshop.impress.co.jp,提携・連携、活用事例,0.0,電算システムホールディングス、電算システム、金融庁,85.0,EVT-20250917-02,2025-09-17,done,電算システムとJPYCは、日本初の日本円ステーブルコイン「JPYC」を活用した決済・送金・精算の社会実装に向けた共同検討に関する基本合意書を締結した。6万5千店超のコンビニエンスストアなどのネットワークと日本円ステーブルコインを組み合わせ、実店舗決済とEC決済の各チャネルで横断的に使える設計を進める。
137.0,2025-09-25 11:03:36,UPC国内上場から半年、「誰でも使える決済インフラをつくる」──UPCX・佐藤CMOに聞く今後の展望 - CoinPost,https://coinpost.jp/crypto/interview/upcx-payment-vision/,coinpost.jp,解説・論説,1.0,UPCX、ペイクル、NTT Digital,5.0,,,done,UPCXは2025年3月27日にビットトレードで国内上場し、ペイクル・NTT Digitalとの協業により次世代分散型決済システムの社会実装を推進している。同社CMO佐藤氏は、独自のハイブリッドコンセンサスアルゴリズムにより高速かつ低コストな取引を実現し、MPA発行制度により多様なユースケース拡大を目指していると述べた。長期ビジョンは「どこにいても、誰でも使える決済インフラ」を作り、国による金融格差をなくすことである。
138.0,2025-09-26 01:00:00,「JPYC」経済圏始動、ノーコードで決済機能 クレカ返済にも活用 - nikkinonline.com,https://www.nikkinonline.com/article/326191,nikkinonline.com,活用事例、取扱い・対応,0.0,ノーコード開発ツール、クレジットカード決済,75.0,EVT-20250917-01,2025-09-17,done,今秋に発行予定の日本円建てステーブルコイン「JPYC」を用いた経済圏の構築が始動している。決済機能をノーコードで開発できるサービスやクレジットカード返済での活用について、事業者から実装表明が相次いでいる。既存の決済手段の課題解決を軸に、発行開始前からユースケース発掘が進展している。
139.0,2025-09-26 01:00:00,JPYCを活用した事業戦略立案・導入支援およびシステム開発サービスを提供開始 | キリフダ株式会社のプレスリリース - PR TIMES,https://prtimes.jp/main/html/rd/p/000000062.000100604.html,prtimes.jp,活用事例、提携・連携,0.0,キリフダ株式会社、JPYC株式会社、岡部典孝,75.0,EVT-20250926-01,2025-09-26,done,キリフダ株式会社は、JPYC株式会社が発行する日本円建ステーブルコイン「JPYC」を活用した事業戦略立案・導入支援およびシステム開発サービスを提供開始しました。本サービスは、ステーブルコイン活用における概念の混乱、規制・制度対応、技術実装の課題に対し、コンサルティング支援とシステム開発支援を一気通貫で提供することで、企業が安心してWeb3活用に取り組める環境を実現します。
140.0,2025-09-26 12:00:00,円建てステーブルコイン､国債買い手に名乗り ｢普及にハードル｣指摘も - 日本経済新聞,https://www.nikkei.com/article/DGXZQOUB2502K0V20C25A9000000/,nikkei.com,発行・資金、解説・論説,1.0,JPYC、岡部典孝、内田善彦、日本国債,75.0,EVT-20250921-01,2025-09-21,done,フィンテック企業JPYCは、日本円に価値が連動するステーブルコイン「JPYC」の発行を今秋にも開始する予定であり、日本国債や預金を裏付け資産として保有し運用益を得るビジネスモデルを展開する。一方で、普及に向けたハードルが指摘されている。
141.0,2025-09-27 01:00:00,暗号資産ETFが日本で解禁秒読み、減税もほぼ確実…国が「バクチ」を後押しする大義はあるのか？ - JBpress,https://jbpress.ismedia.jp/articles/-/90772?page=4,jbpress.ismedia.jp,解説・論説、競合・市場環境,1.0,暗号資産ETF、ステーブルコイン市場、我妻佳祐,25.0,,,done,暗号資産ETFが日本で解禁される見通しが強まり、減税もほぼ確実とみられている。記事は、国が暗号資産への投資を後押しすることの正当性について疑問を呈している。
142.0,2025-09-27 02:00:00,円建てステーブルコイン、今秋発行 裏付け資産の8割は国債 JPYC社長 岡部典孝氏 - 日本経済新聞,https://www.nikkei.com/article/DGKKZO91566980W5A920C2ENG000/,nikkei.com,発行・資金、市場・統計,0.0,JPYC株式会社、岡部典孝、日本国債,85.0,EVT-20250921-01,2025-09-21,done,フィンテック企業のJPYC（東京・千代田）が、日本円に価値が連動するステーブルコイン「JPYC」の発行を今秋にも始める。裏付け資産として日本国債や預金を保有し、発行量を拡大させながら運用益を得る事業モデルで、裏付け資産の8割は国債となる。
143.0,2025-09-27 04:00:00,日本初の円建てステーブルコイン 発行と償還の手数料は当面ゼロ - 日本経済新聞,https://www.nikkei.com/article/DGXZQOUB198R70Z10C25A9000000/,nikkei.com,発行・資金、取扱い・対応,0.0,JPYC株式会社、POSレジシステム、ウォレットアプリ,85.0,EVT-20250921-01,2025-09-21,done,フィンテック企業のJPYCは、日本初の円建てステーブルコイン「JPYC」を今秋に発行開始する。「1JPYC=1円」に価値が保たれ、いつでも日本円に交換できるため決済手段に向いており、発行と償還の手数料は当面ゼロとなる。
144.0,2025-09-29 16:00:00,ステーブルコインとは 法定通貨連動で安定を狙う、仮想通貨の試行錯誤 - 日経ビジネス電子版,https://business.nikkei.com/atcl/gen/19/00081/111500618/,business.nikkei.com,解説・論説、制度・規制、競合・市場環境,1.0,Libra/Diem、GENIUS法、SBIホールディングス、岡部典孝,45.0,,,done,ステーブルコインは法定通貨と連動するよう設計された暗号資産で、価格変動が大きい一般的な仮想通貨と異なり安定した価値を保つことが強みである。日本では23年6月の改正資金決済法施行により規制が整備され、25年9月にスタートアップJPYCが国内初の円建てステーブルコイン「JPYC」を発行する見通しであり、米国でも25年7月にジーニアス法が成立するなど、世界的に規制の枠組みが明確化されている。
145.0,2025-09-30 01:00:00,京都市でベンチャー企業の代表が講演 「ステーブルコインで今までできなかったビジネスできる」 - 京都新聞デジタル,https://www.kyoto-np.co.jp/articles/-/1570877,kyoto-np.co.jp,解説・論説,1.0,インパクト・ハブ・キョ、京都市,25.0,,,done,京都市上京区の創業支援拠点「インパクト・ハブ・キョ」で28日、法定通貨に連動して価値を安定させるデジタル通貨「ステーブルコイン」について学ぶ講演会が開催された。ベンチャー企業の代表が、ステーブルコインにより今までできなかったビジネスが可能になると述べた。
146.0,2025-09-30 16:00:00,日本で初めて円建てステーブルコイン「JPYC」で支払いが可能に！ファンダム金融の実現をめざす「Nudge」の狙い - @DIME アットダイム,https://dime.jp/genre/2029154/,dime.jp,活用事例、取扱い・対応,0.0,ナッジ、Nudge、VISA,85.0,EVT-20250930-01,2025-09-30,done,ナッジ株式会社は、Nudgeカードで10月をめどに国内初となる円建てステーブルコイン「JPYC」での返済受付を開始すると発表した。これにより世界1.5億以上のVISA加盟店でJPYCによる決済が可能となり、既存クレジットカードインフラを活用してステーブルコインの日常的な利用を実現する。Z世代を主要ターゲットとするNudgeは、金融サービスとエンタメを融合させた「ファンダム金融」の実現を目指している。
147.0,2025-10-02 16:00:00,『会社四季報プロ500』注目テーマ⑪:｢大化け期待｣ - 四季報オンライン,https://shikiho.toyokeizai.net/news/0/904611,shikiho.toyokeizai.net,,0.0,,0.0,,,done,本文の取得ができません。提供されたテキストはコンテンツブロック機能に関するエラーメッセージのみであり、記事の実際の内容が含まれていないため、要約を生成することができません。
148.0,2025-10-02 16:00:00,コンヴァノが円建てステーブルコインを活用したＲＷＡの決済・流通支援事業を開始 - ライブドアニュース,https://news.livedoor.com/article/detail/29693330/?from_page=internal,news.livedoor.com,活用事例、提携・連携,0.0,コンヴァノ、RWA、実物資産,75.0,EVT-20251002-01,2025-10-02,done,コンヴァノが円建てステーブルコイン（JPYC）を活用したRWA（実物資産）の決済・流通支援事業を開始すると発表した。RWA事業を展開する企業との業務提携を進め、既存の運用ノウハウやネットワークと結び付けるとともに、必要に応じて資本提携も検討する。
149.0,2025-10-02 17:07:51,【材料】 コンヴァノが円建てステーブルコインを活用したＲＷＡの決済・流通支援事業を開始 - かぶたん,https://kabutan.jp/news/marketnews/?b=n202510020959,kabutan.jp,活用事例、提携・連携,0.0,コンヴァノ、RWA、実物資産,85.0,EVT-20251002-01,2025-10-02,done,コンヴァノ<6574>が、円建てステーブルコイン（JPYC）を活用したRWA（実物資産）の決済・流通支援事業を開始すると発表した。RWA事業を展開する企業との業務提携を進め、既存のノウハウやネットワークと結び付けるとともに、必要に応じて資本提携を検討する。
150.0,2025-10-03 09:44:30,【材料】 コンヴァノは３日ぶり反発、円建てステーブルコインを活用したＲＷＡの決済・流通支援事業を開始 - かぶたん,https://kabutan.jp/news/marketnews/?b=n202510030287,kabutan.jp,活用事例、提携・連携,0.0,コンヴァノ、RWA、実物資産,75.0,EVT-20251002-01,2025-10-02,done,コンヴァノは円建てステーブルコイン（JPYC）を活用したRWA（実物資産）の決済・流通支援事業を開始すると発表し、3日ぶりに株価が反発した。同社はRWA事業を展開する企業との業務提携を進め、既存の運用ノウハウやネットワークと結び付けるほか、必要に応じて資本提携も検討する。
151.0,2025-10-03 16:00:00,StrolyがJPYCを採用、イラストデジタルマップにステーブルコイン「JPYC」を導入 - PR TIMES,https://prtimes.jp/main/html/rd/p/000000089.000086283.html,prtimes.jp,活用事例、提携・連携,0.0,Stroly、JPYC株式会社、イラストデジタルマップ,85.0,EVT-20251003-01,2025-10-03,done,株式会社Strolyが運営するイラストデジタルマップ『Stroly』に、JPYC株式会社が発行する日本円建ステーブルコイン「JPYC」が採用されました。これにより、地域への寄付や投げ銭が可能となり、観光地や地域イベントの運営者が訪問者からの支援をより手軽に受け取ることができるようになります。
153.0,2025-10-04 01:00:00,株式会社コンヴァノ ビットコイン保有戦略室、円建てステーブルコイン（JPYC）を活用した実物資産（RWA）の決済・流通支援事業を開始 - PR TIMES,https://prtimes.jp/main/html/rd/p/000000113.000006824.html,prtimes.jp,活用事例、提携・連携,0.0,株式会社コンヴァノ、ビットコイン保有戦略室、RWA（実物資産）,95.0,EVT-20251002-01,2025-10-02,done,株式会社コンヴァノのビットコイン保有戦略室は、円建てステーブルコイン（JPYC）を活用した実物資産（RWA）の決済・流通支援事業を開始することを決定しました。不動産、再生可能エネルギー、アートなどの資産のデジタル化により、投資家の流動性向上と資産オーナーの投資家層拡大を実現することを目指し、初期投資として総額14億円を予定しています。
152.0,2025-10-04 01:00:00,地図上でステーブルコイン投げ銭、イラストデジタルマップのStrolyがJPYC導入へ(NADA NEWS) - Yahoo!ファイナンス,https://finance.yahoo.co.jp/news/detail/09eab09abc4a9dfe28e1c8bd60d7d689d3888b96,finance.yahoo.co.jp,取扱い・対応、提携・連携、活用事例,0.0,Stroly、JPYC株式会社、イラストデジタルマップ,95.0,EVT-20251003-01,2025-10-03,done,イラストデジタルマップ『Stroly』を運営する株式会社Strolyが、JPYC株式会社が発行する日本円建ステーブルコイン『JPYC』を採用することをお知らせいたします。本活用により、Strolyのマップ上で地域への寄付や投げ銭が可能となり、観光地や地域イベントの運営者がより手軽に訪問者からの支援を受け取ることで、地域経済の循環やまちづくりの活性化に貢献してまいります。
155.0,2025-10-06 16:00:00,【難解略語】「JPYC」が何の略か分かりますか？ 今注目されている決済手段です！ - 現代ビジネス,https://gendai.media/articles/-/158293?page=2,gendai.media,解説・論説,1.0,JPYC株式会社、Japanese Yen Coin,45.0,,,done,JPYCは「Japanese Yen Coin」の略で、JPYC株式会社が発行する日本円に連動するステーブルコインです。1 JPYC = 1円として、ブロックチェーン上でクレジットカードや銀行を介さずに送金や決済が可能な「デジタル日本円プリペイド通貨」です。
154.0,2025-10-06 16:00:00,ブロックチェーンEXPOに出展＆事業者によるJPYC導入事例の特別セッションも実施！ - PR TIMES,https://prtimes.jp/main/html/rd/p/000000280.000054018.html,prtimes.jp,活用事例、提携・連携,0.0,電算システム、アステリア、ブロックチェーンEXPO,75.0,EVT-20251006-01,2025-10-06,done,JPYC株式会社は、2025年10月8日から3日間幕張メッセで開催される「ブロックチェーンEXPO [秋]」に出展し、電算システムとアステリアと共に店舗決済やノーコード連携によるステーブルコインの社会実装について議論する特別セッションを実施します。JPYCブースでは、ステーブルコインについて学べる漫画チラシや実装ガイドの配布、導入事例の紹介など、初心者から関心層まで幅広く対応する展示を予定しています。
156.0,2025-10-06 16:00:00,【難解略語】「JPYC」が何の略か分かりますか？ 今注目されている決済手段です！ - 現代ビジネス,https://gendai.media/articles/-/158293,gendai.media,解説・論説,1.0,,15.0,,,done,本文に要約可能な具体的な内容が記載されていないため、要約の生成ができません。記事は「JPYC」の正式名称や詳細説明ではなく、クイズ形式で正解が別ページに掲載されている構成となっています。
157.0,2025-10-07 16:00:00,ステーブルコインの可能性、JPYC岡部社長と金融DXインサイド編集長が対談 - 日経クロステック,https://xtech.nikkei.com/atcl/nxt/column/18/03332/100500007/,xtech.nikkei.com,制度・規制、解説・論説,1.0,岡部典孝、山端宏実、ジーニアス法,65.0,,,done,米国で2025年7月にステーブルコイン規制の「ジーニアス法」が成立し、国内外でステーブルコイン活用の機運が高まっている。日本ではJPYCが2025年8月に資金移動業者の登録を取得し、円建てステーブルコインの発行を予定しており、2025年10月16～17日の「日経クロステックNEXT 東京 2025」でJPYC岡部社長と金融DXインサイド編集長がステーブルコインの可能性について議論する。
158.0,2025-10-08 16:00:00,SuicaやPayPayと何が違う？JPYC代表に聞く、日本初の円建てステーブルコイン「JPYC」がもたらす決済革命の本質 - @DIME アットダイム,https://dime.jp/genre/2032293/,dime.jp,解説・論説,1.0,岡部典孝、JPYC社、金融庁,85.0,,,done,2025年8月18日、JPYC社が日本初の円建てステーブルコイン「JPYC」の発行を認可されました。JPYCは日本円と1対1で常に同じ価値を保つデジタル通貨で、SuicaやPayPayと異なり、いつでも日本円に換金可能なオープンな金融インフラとして、クロスボーダー送金やマイクロペイメント、プログラマブルマネーなど新たな可能性をもたらします。
159.0,2025-10-09 16:00:00,金融庁、公式サイトにAI翻訳機能 英語でリアルタイム発信 - ITmedia,https://www.itmedia.co.jp/news/articles/2510/09/news068.html,itmedia.co.jp,,0.0,金融庁,0.0,,,done,金融庁は10月9日、公式Webサイトに AI による英語翻訳機能を導入し、リアルタイムでの英語情報発信を推進する。ユーザーが「Language」ボタンで「Machine translation」を選択すると、AIによる翻訳結果が表示されるが、機械翻訳のため内容が正確とは限らず、公式な作成物は日本語版とされている。
160.0,2025-10-10 08:00:58,Aleo創設者が語る「プライベートスマートコントラクト」の将来性と日本市場への期待｜CoinPostインタビュー - CoinPost,https://coinpost.jp/crypto/interview/aleo-private-smart-contract/,coinpost.jp,競合・市場環境、解説・論説,1.0,Aleo、ハワード・ウー、ゼロ知識証明,5.0,,,done,Aleo創設者のハワード・ウー氏は、ゼロ知識証明技術を用いてプライベートスマートコントラクトをサポートする初のブロックチェーンであるAleoの利点を強調し、既存のプライバシーチェーンにはないカスタムコンプライアンスルール定義機能を提供していると述べた。規制当局との積極的な協力を重視し、プライベートステーブルコインや年齢認証などの実用化を通じて、プライバシー技術が金融機関と統合された持続的な価値を生み出すことが重要だと主張している。
161.0,2025-10-10 16:00:00,決済から始まる金融革命～ステーブルコインが拓く社会の変化 - KPMG,https://kpmg.com/jp/ja/insights/2025/10/web3-blockchain-10.html,kpmg.com,競合・市場環境、制度・規制、解説・論説,1.0,GENIUS法、MiCA規制、Circle社,15.0,,,done,アメリカではGENIUS法の施行によりステーブルコインの発行ルールが明確化され、EUではMiCA規制、シンガポール・香港でも規制枠組みが整備されるなど、各地域でステーブルコインに関する規制環境が整備されている。今後、これらの規制に準拠したステーブルコインの展開が予測されている。
162.0,2025-10-15 16:00:00,今秋に日本初の円建てステーブルコインが誕生。金融各社が開発・発行に取り組む目的やメリットは？ - 健美家,https://www.kenbiya.com/ar/ns/jiji/diversion/9477.html,kenbiya.com,解説・論説、競合・市場環境,1.0,ビットコイン、金融庁、日本銀行,45.0,,,done,日本でもステーブルコインへの取り組みが加速しており、今秋に日本初の円建てステーブルコインが誕生する予定である。ステーブルコインは法定通貨や現物資産の価格と連動するよう設計された暗号資産で、ビットコインなどの大きな価格変動を持つ暗号資産とは異なり、安定性を重視した送金・決済手段として注目されている。
163.0,2025-10-15 16:00:00,「ステーブルコイン」 秋に日本導入へ 世界で広がる電子決済（2025年10月15日掲載）｜日テレNEWS NNN - 日テレNEWS NNN,https://news.ntv.co.jp/category/economy/7294e44eb199407aa7a8ceb8bcb601b2,news.ntv.co.jp,解説・論説,1.0,金融庁、ビットコイン、後閑駿一記者,45.0,,,done,ステーブルコインは法定通貨を資産として担保し価値を安定させた電子決済手段で、価格変動が大きい暗号資産とは異なり日常の支払いや送金に適している。日本では今年秋に円を担保とする初のステーブルコイン「JPYC」の発行が予定されており、銀行を介さずに海外への送金が可能になるなど利点がある。
164.0,2025-10-16 15:13:06,クリプトリンク株式会社とJPYC株式会社が提携し、JPYCの会計処理に対応したサービス開始 - NFT-TIMES,https://nft-times.jp/blockchain/132208/,nft-times.jp,提携・連携、取扱い・対応,0.0,クリプトリンク株式会社、JPYC株式会社、資金移動業,85.0,EVT-20251016-01,2025-10-16,done,クリプトリンク株式会社とJPYC株式会社が提携し、クリプトリンクが資金移動業型ステーブルコイン「JPYC」の会計処理に対応を開始しました。JPYCは「暗号資産」ではなく「電子決済手段」として扱われるため、クリプトリンクのサービスによりブロックチェーントランザクションを自動解析して損益計算および会計用仕訳を一貫して自動化できます。
166.0,2025-10-16 16:00:00,【国内初(※1)】確定申告・会計ツールの会計処理に、日本円建ステーブルコイン「JPYC」が対応 - PR TIMES,https://prtimes.jp/main/html/rd/p/000000281.000054018.html,prtimes.jp,提携・連携、取扱い・対応,0.0,クリプトリンク株式会社、会計処理プラットフォーム,85.0,EVT-20251016-01,2025-10-16,done,JPYC株式会社とクリプトリンク株式会社が連携し、クリプトリンクの仮想通貨収支計算プラットフォームで日本円建ステーブルコイン「JPYC」の会計処理に対応することになりました。これにより、JPYCの取引履歴を自動で解析し、損益計算および会計用仕訳の作成を自動化し、確定申告や会計処理を効率的に行うことが可能になります。
165.0,2025-10-16 16:00:00,イオレが暗号資産の実用に向けた次世代金融インフラ「Neo Crypto Bank」構想を発表 - PR TIMES,https://prtimes.jp/main/html/rd/p/000000251.000030850.html,prtimes.jp,競合・市場環境、解説・論説,1.0,イオレ、Neo Crypto Bank、finoject、Animoca Brands,15.0,,,done,株式会社イオレは、暗号資産の実用に向けた次世代金融インフラ「Neo Crypto Bank」構想を発表しました。本構想は、資金調達・レンディング・資産運用・活用を統合し、技術を信用担保とすることで銀行や決済などの既存金融サービスを再設計することを目指しており、2027年度末までにキャッシュレス決済で1％シェアの獲得を目標としています。
170.0,2025-10-17 01:00:00,クリプトリンクが初の日本円建ステーブルコインJPYCの会計処理に対応開始した魅力 - ニュースメディアVOIX,https://voix.jp/biz/news/154438/,voix.jp,提携・連携、取扱い・対応,0.0,クリプトリンク株式会社、JPYC株式会社,85.0,EVT-20251016-01,2025-10-16,done,クリプトリンク株式会社がJPYC株式会社との業務提携により、日本円建ステーブルコイン「JPYC」の会計処理に対応を開始しました。特許取得済みの損益計算サービスにより、JPYCの取引履歴を自動で解析し、確定申告や会計処理を効率化します。JPYCは現金同等の処理が可能な電子決済手段として扱われ、ユーザーは簡単に会計業務に取り組めるようになります。
169.0,2025-10-17 01:00:00,日本円建てステーブルコイン「JPYC」の発行迫る、N.Avenueが事業導入講座を11月5日開催 - Yahoo!ニュース,https://news.yahoo.co.jp/articles/8af6922bf610361f0d727b42582ac30356f3fc5c?page=2,news.yahoo.co.jp,実証実験、解説・論説,1.0,N.Avenue、岡部典孝、TMI総合法律事務所、double jump.tokyo,65.0,EVT-20251017-01,2025-10-17,done,2023年の改正資金決済法により国内でのステーブルコイン発行環境が整い、今秋に国内初の日本円建てステーブルコイン「JPYC」の発行が控えている。N.Avenueは11月5日に都内でステーブルコイン事業導入講座を開催し、法的根拠、ユースケース、管理体制などを体系的に学べる実践型研修を提供する。
167.0,2025-10-17 01:00:00,日本円建てステーブルコイン「JPYC」の発行迫る、N.Avenueが事業導入講座を11月5日開催 - NADA NEWS,https://www.nadanews.com/319365/,nadanews.com,解説・論説,1.0,N.Avenue、岡部典孝、TMI総合法律事務所,45.0,,,done,2023年の改正資金決済法により国内のステーブルコイン発行環境が整備され、秋の国内初の日本円建てステーブルコイン「JPYC」発行を控える中、N.Avenueは11月5日に「日本円ステーブルコイン事業導入講座」を開催します。本講座ではJPYC株式会社代表取締役の岡部典孝氏をはじめ、法務・経理・事業開発の専門家が登壇し、企業経営層や実務担当者を対象に、ステーブルコインの法的根拠、ユースケース、管理体制、会計実務に関する知識を体系的に学べます。
168.0,2025-10-17 01:00:00,【国内初】仮想通貨（暗号資産）の確定申告・会計ツール「クリプトリンク」 日本円建ステーブルコイン『JPYC』の会計処理に対応開始 - PR TIMES,https://prtimes.jp/main/html/rd/p/000000038.000031230.html,prtimes.jp,提携・連携、取扱い・対応,0.0,クリプトリンク株式会社、JPYC株式会社、資金移動業,85.0,EVT-20251016-01,2025-10-16,done,クリプトリンク株式会社は、JPYC株式会社が発行する日本円建ステーブルコイン「JPYC」の損益計算と会計処理に国内初で対応を開始しました。JPYCはブロックチェーントランザクションを自動解析し、確定申告や会計処理に必要な損益計算を効率的に行うことが可能になります。
171.0,2025-10-17 16:00:00,ステーブルコイン、共同発行へ 三菱ＵＦＪ銀など大手３行 - 時事ドットコム,https://www.jiji.com/jc/article?k=2025101701042&g=eco,jiji.com,競合・市場環境、提携・連携,0.0,三菱UFJ銀行、三井住友銀行、みずほ銀行、プログマ,35.0,,,done,三菱ＵＦＪ銀行、三井住友銀行、みずほ銀行の大手３行が、日本円や米ドルなどの法定通貨と連動するステーブルコインを共同発行する方向で調整しており、企業の資金決済での利用を想定している。フィンテック企業「プログマ」のシステムを活用して実証を進め、今後ステーブルコインの国内普及を促進する計画である。
172.0,2025-10-17 18:53:58,3メガバンク、円建てステーブルコインを共同発行へ 導入第一弾は三菱商事＝報道 - CoinPost,https://coinpost.jp/?p=658845,coinpost.jp,競合・市場環境,0.0,三菱UFJ銀行、三井住友銀行、みずほ銀行、プログマ,45.0,,,done,三菱UFJ銀行、三井住友銀行、みずほ銀行の3メガバンクが、プログマのシステムを使って共通規格の円建てステーブルコインを共同発行し、今年度内の実用化を目指す。第一弾として三菱商事が導入予定であり、信託型の仕組みにより高い安全性と迅速な手続きを実現する。
173.0,2025-10-17 20:24:32,3メガバンク、共同で円建てステーブルコイン発行へ──日経報じる - NADA NEWS,https://www.nadanews.com/319685/,nadanews.com,提携・連携、制度・規制、競合・市場環境,0.0,三菱UFJ銀行、三井住友銀行、みずほ銀行、Progmat,25.0,,,done,三菱UFJ銀行、三井住友銀行、みずほ銀行の3メガバンクが円建てステーブルコインを共同発行する計画で、Progmatのシステムを利用し「信trusty型」で発行する。企業内および企業間の低コスト決済手段として普及を目指し、今年度内の実用化を見込んでいる。
174.0,2025-10-18 02:26:33,日本メガバンク3行、共通規格で円建てステーブルコイン発行へ｜年内実用化とドル建ても視野 - bittimes.net,https://bittimes.net/news/212229.html,bittimes.net,競合・市場環境、提携・連携、制度・規制,0.0,三菱UFJ銀行、三井住友銀行、みずほ銀行、Progmat,45.0,,,done,三菱UFJ銀行、三井住友銀行、みずほ銀行のメガバンク3行は、共通規格に基づく円建てステーブルコインを共同で発行する方針であり、プログマのシステムを活用して今年度内の実用化を目指しています。三菱UFJ信託銀行も連携し、信託型スキームで裏付け資産を管理することで、改正資金決済法に対応しながら企業間決済の効率化を図るとしています。
175.0,2025-10-19 05:00:00,広がるステーブルコイン経済圏 「円建て」今秋に始動、普及の条件は - 日本経済新聞,https://www.nikkei.com/article/DGXZQOSG149ZE0U5A011C2000000/,nikkei.com,発行・資金、競合・市場環境、解説・論説,1.0,JPYC株式会社、N.Avenue、ジーニアス法,75.0,EVT-20251017-01,2025-10-17,done,日本円に価値が連動するステーブルコイン「JPYC」が今秋に発行が始まり、ブロックチェーン基盤で24時間リアルタイムな低コスト送金・決済が可能になる。米国でのジーニアス法成立など世界的なデジタル通貨競争の中で、日本でもステーブルコイン関連サービスの開発が進み普及への機運が高まっている。
176.0,2025-10-20 01:00:00,【モヤモヤ経済！クリアファイル】ステーブルコイン発行 価値安定のデジタルマネー 円建ては国内初、今秋にも - 静岡新聞DIGITAL,https://news.at-s.com/article/1829513,news.at-s.com,発行・資金、解説・論説,1.0,JPYC株式会社、ステーブルコイン、円建て,75.0,EVT-20251017-01,2025-10-17,done,電子決済ベンチャー「JPYC」が今秋にも国内初の円建てステーブルコインを発行する予定である。発行されるコインは日本円と1対1で交換可能であり、国際送金など従来時間やコストがかかっていた決済の効率化が期待されている。
177.0,2025-10-20 16:00:00,動き出すステーブルコイン、デジタル通貨が起こす変革とは【第97回】 - デジタルクロス,https://dcross.impress.co.jp/docs/column/column20170918-1/004315.html,dcross.impress.co.jp,解説・論説、競合・市場環境,1.0,DCJPY、ゆうちょ銀行、SBI新生銀行、TerraUSD,45.0,,,done,JPYCやDCJPYなどのステーブルコインが広がっており、価格変動を抑え決済手段として機能するデジタル通貨として期待されている。ステーブルコインは金融資産担保型、暗号資産担保型、アルゴリズム型の3種類に分類され、24時間365日の迅速な決済やブロックチェーンによる透明性などのメリットを持つ一方、ペッグの不確実性や発行元の信用リスクが課題である。
178.0,2025-10-21 01:00:00,メガ3行がステーブルコインを発行へ（NRI研究員の時事解説） - Yahoo!ニュース,https://news.yahoo.co.jp/articles/b152f4535728d709f6d29dba561cffb522cdcfbd,news.yahoo.co.jp,競合・市場環境、制度・規制、解説・論説,1.0,三菱UFJ銀行、三井住友銀行、みずほ銀行、プログマ,45.0,,,done,三菱UFJ銀行、三井住友銀行、みずほ銀行の3行は、法人向けステーブルコインを共同で発行することを検討しており、まずは円建て、将来はドル建てのステーブルコイン発行を計画している。メガ3行による発行により、利用者の信用不安が解消されて日本でのステーブルコイン利用が広がる可能性が高まる一方で、銀行が準備資産から得られる運用益が決済手数料収入の減少を補うことが期待される。
179.0,2025-10-21 01:00:00,JPYC岡部氏登壇、double jump.tokyo株式会社が2025年11月14日にステーブルコインビジネスイベントをTISと共催 - PR TIMES,https://prtimes.jp/main/html/rd/p/000000198.000034671.html,prtimes.jp,提携・連携,0.0,double jump.tokyo株式会社、TIS株式会社、岡部典孝,65.0,EVT-20251021-01,2025-10-21,done,double jump.tokyo株式会社とTIS株式会社は、2025年11月14日にステーブルコイン活用をテーマとした無料イベントをTIS豊洲オフィスで共催します。JPYC岡部氏を含むステーブルコイン業界のトップランナーが、発行、システム開発、ガバナンス、会計といった各領域の最新動向と具体的なユースケース、導入時の課題を解説します。
180.0,2025-10-22 15:57:57,ステーブルコインが金融・決済業界にもたらす可能性とは？ - シンプレクス株式会社,https://www.simplex.inc/insight/3337/,simplex.inc,解説・論説、競合・市場環境,1.0,シンプレクス株式会社、Xspear Consulting株式会社、USDT、USDC,65.0,,,done,ステーブルコインは価格変動リスクを回避しながら迅速・低コストで送金決済を実現する手段であり、2030年までに最大3.7兆ドルの市場規模に達すると予測されています。日本でもJPYC株式会社が2025年秋に円建てステーブルコイン「JPYC」の発行を開始予定であり、規制整備やブロックチェーン活用の進展により、決済業界全体でステーブルコインへの取り組みが急速に進んでいます。
181.0,2025-10-23 16:00:00,double jump .tokyoとBifrost、日本円建てステーブルコイン「JPYC」を活用したDeFiレンディングの企業向け提供を共同で推進 - PR TIMES,https://prtimes.jp/main/html/rd/p/000000199.000034671.html,prtimes.jp,活用事例、提携・連携,0.0,double jump.tokyo、Bifrost、N Suite、BTCFi Boost,85.0,EVT-20251023-01,2025-10-23,done,double jump .tokyoとBifrostが提携し、企業向けウォレットサービス「N Suite」を基盤として、日本円建てステーブルコイン「JPYC」を活用したDeFiレンディング技術の企業向け提供に向けた取り組みを開始しました。両社は分散管理型ウォレット機能と承認ワークフローを活用し、企業が法人財務・会計・内部統制の観点から適合する形でステーブルコインを安全に管理・運用できる環境の実現を目指しています。
182.0,2025-10-24 01:00:00,double jump .tokyoとBifrostが提携 JPYC活用の法人向けDeFiレンディング提供へ - plus-web3.com,https://plus-web3.com/media/latestnews_1000_5932/,plus-web3.com,活用事例、提携・連携,0.0,double jump .tokyo、Bifrost、N Suite、BTCFi Boost,95.0,EVT-20251023-01,2025-10-23,done,double jump .tokyoとBifrostが提携し、企業向けウォレットサービス「N Suite」を基盤として、日本円建てステーブルコイン「JPYC」を活用したDeFiレンディング技術の企業への提供に向けた取り組みを開始しました。この連携により、企業が制度整合的な形でステーブルコインを安全に管理しながら、トレジャリー戦略および資産管理の新たなモデルを構築できる環境の実現を目指しています。
183.0,2025-10-24 01:00:00,double jump .tokyoとBifrost、日本円建てステーブルコイン「JPYC」を活用したDeFiレンディングの企業向け提供を共同で推進 - マピオン,https://www.mapion.co.jp/news/release/000000199.000034671/,mapion.co.jp,提携・連携、活用事例,0.0,double jump .tokyo、Bifrost、N Suite、BTCFi Boost,85.0,EVT-20251023-01,2025-10-23,done,double jump .tokyoとBifrostが提携し、企業向けウォレットサービス「N Suite」を基盤として、日本円建てステーブルコイン「JPYC」を活用したDeFiレンディング技術の企業への提供に取り組みを開始しました。両社は分散管理型ウォレット機能と承認ワークフローを活用し、企業のデジタル資産管理と法人財務に適合するステーブルコイン活用フレームワークの確立を目指します。
184.0,2025-10-24 16:00:00,【国内初】日本円ステーブルコイン「JPYC」および発行・償還プラットフォーム「JPYC EX」を正式リリース - PR TIMES,https://prtimes.jp/main/html/rd/p/000000283.000054018.html,prtimes.jp,発行・資金、制度・規制、提携・連携、取扱い・対応,0.0,JPYC EX、資金移動業、株式会社電算システム、アステリア株式会社,100.0,EVT-20251024-01,2025-10-24,done,JPYC株式会社は、2025年8月18日に資金移動業者として登録され、2025年10月27日より国内初となる日本円建てステーブルコイン「JPYC」の正式発行を開始します。JPYCは日本円と1：1で交換可能であり、ブロックチェーンを利用した低コスト・高速なオンチェーン送金が特徴で、発行価値は日本円によって100%以上保全されています。
185.0,2025-10-24 16:27:17,【速報】日本円ステーブルコイン「JPYC」が10/27より発行開始、発行・償還プラットフォーム「JPYC EX」正式リリースへ - あたらしい経済,https://www.neweconomy.jp/posts/509420,neweconomy.jp,発行・資金、制度・規制,0.0,JPYC EX、資金移動業者、マイナンバーカード,95.0,EVT-20251024-01,2025-10-24,done,日本初の日本円建てステーブルコイン「JPYC」が10月27日より正式に発行開始される。発行・償還プラットフォーム「JPYC EX」も同日13:00より公開され、ユーザーは銀行振込を通じてJPYCの発行と償還ができるようになる。JPYCは日本円と1：1で交換可能であり、イーサリアム、アバランチ、ポリゴンのチェーンに対応している。
186.0,2025-10-24 16:39:34,円建てステーブルコイン「JPYC」、27日から発行 - 日本経済新聞,https://www.nikkei.com/article/DGXZQOUB163QU0W5A011C2000000/,nikkei.com,発行・資金,0.0,JPYC株式会社、日本経済新聞,95.0,EVT-20251024-01,2025-10-24,done,フィンテック企業のJPYCは、日本円に価値が連動するステーブルコイン「JPYC」の発行を27日から開始すると発表した。1JPYC=1円となるように設計され、購入希望者は27日からウェブサイトで申し込むことができる。
187.0,2025-10-24 16:46:54,日本初の円建てステーブルコインJPYC、正式リリースへ - CoinPost,https://coinpost.jp/?p=660584,coinpost.jp,発行・資金、制度・規制、提携・連携,0.0,JPYC株式会社、電算システム、アステリア、HashPort,95.0,EVT-20251024-01,2025-10-24,done,JPYC株式会社は、日本初の円建てステーブルコイン「JPYC」と発行・償還プラットフォーム「JPYC EX」の正式リリースを発表し、10月27日午後1時から購入受付を開始する。JPYCは日本円と1対1で交換でき、発行価値の100%以上を預貯金および国債で保全し、手数料無料で最短1秒の世界中への送金が可能である。
188.0,2025-10-24 19:17:58,JPYC株式会社が日本初の日本円ステーブルコイン「JPYC」を正式発行開始する理由 - ニュースメディアVOIX,https://voix.jp/money/cryptocurrency/19729/,voix.jp,発行・資金、制度・規制、提携・連携,0.0,JPYC株式会社、JPYC EX、資金決済法,95.0,EVT-20251024-01,2025-10-24,done,JPYC株式会社は2025年10月27日より日本初の日本円建てステーブルコイン「JPYC」の正式発行を開始し、発行・償還プラットフォーム「JPYC EX」も公開する。JPYCは日本円と1：1で交換可能で、ブロックチェーン技術により低コスト・高速な送金を実現し、特定の加盟店契約を不要とする「オープンな金融インフラ」として設計されている。
191.0,2025-10-25 01:00:00,日本初の円建てステーブルコイン「JPYC」とは？覚えておきたい仕組みと将来性 - @DIME アットダイム,https://dime.jp/genre/2025471/,dime.jp,制度・規制、解説・論説,1.0,JPYC株式会社、資金移動業、金融庁,85.0,EVT-20251024-01,2025-10-24,done,JPYC株式会社は2025年8月18日に資金移動業者として登録され、日本初の円建てステーブルコイン「JPYC」が2025年秋以降に発行される見込みです。JPYCは日本円と1対1で連動し、ブロックチェーン上で発行される電子決済手段として、24時間365日の資金移動や制限付き決済の実現などにより金融業界に大きな変化をもたらすと期待されています。
192.0,2025-10-25 01:00:00,【速報】円建てステーブルコインJPYC発行日が「10月27日」に決定 - NADA NEWS,https://www.nadanews.com/320650/,nadanews.com,発行・資金、制度・規制,0.0,JPYC EX、資金移動業者登録、Avalanche,95.0,EVT-20251024-01,2025-10-24,done,JPYC社は10月27日午後1時に円建てステーブルコイン「JPYC」の発行・償還プラットフォーム「JPYC EX」を公開し、国内初となる資金決済法上の電子決済手段としての円建てステーブルコインの発行をスタートさせる。ユーザーは銀行振込でJPYCの発行申請や日本円への償還が可能になり、対応ブロックチェーンはAvalanche、Ethereum、Polygonとなる。
190.0,2025-10-25 01:00:00,円建てステーブルコイン「JPYC」、10月27日に正式発行開始──3年で10兆円規模目指す - JinaCoin,https://jinacoin.ne.jp/jpyc-1027-20251024/,jinacoin.ne.jp,発行・資金、制度・規制、取扱い・対応,0.0,JPYC株式会社、JPYC EX、資金移動業者,95.0,EVT-20251024-01,2025-10-24,done,JPYC株式会社は資金移動業者として2025年8月18日に登録され、日本初の日本円建てステーブルコイン「JPYC」を10月27日に正式発行開始する。JPYCは日本円と1対1交換可能で、発行残高の100%以上を日本円で保全し、アバランチ、イーサリアム、ポリゴンのブロックチェーンに対応する。JPYC株式会社は今後3年で10兆円規模の発行残高実現を目指している。
189.0,2025-10-25 01:00:00,【速報】円建てステーブルコインJPYC発行日が「10月27日」に決定 - Yahoo!ニュース,https://news.yahoo.co.jp/articles/4b848761138101b58b036d678c69b8aeb1e477b6,news.yahoo.co.jp,発行・資金、制度・規制,0.0,JPYC EX、Avalanche、Ethereum、Polygon,95.0,EVT-20251024-01,2025-10-24,done,JPYC社は10月27日午後1時に円建てステーブルコイン「JPYC」の発行・償還プラットフォーム「JPYC EX」を公開し、国内初の資金決済法上の電子決済手段としての円建てステーブルコイン発行をスタートさせる。プラットフォーム稼働後、ユーザーは銀行振込を通じてJPYCの発行申請や日本円への償還が可能となり、対応ブロックチェーンはAvalanche、Ethereum、Polygonである。
193.0,2025-10-26 01:00:00,円建てステーブルコイン「JPYC」10月27日リリースへ｜日本円⇄JPYC交換対応の「JPYC EX」公開 - bittimes.net,https://bittimes.net/news/212529.html,bittimes.net,発行・資金、制度・規制、取扱い・対応、提携・連携,0.0,JPYC株式会社、JPYC EX、電算システム、ナッジ,95.0,EVT-20251024-01,2025-10-24,done,JPYC株式会社は、日本円建てステーブルコイン「JPYC」を2025年10月27日に正式発行し、公式プラットフォーム「JPYC EX」で日本円とJPYCの即時交換サービスを開始します。JPYCは資金決済法に基づく第二種資金移動業者として国内第1号として登録され、ユーザーは銀行振込でJPYCを発行・償還でき、ブロックチェーン上で24時間365日即時取引が可能です。
194.0,2025-10-27 00:00:00,円建てステーブルコイン「JPYC」、2025年10月27日から発行へ - ツギノジダイ,https://smbiz.asahi.com/article/16114836,smbiz.asahi.com,発行・資金、制度・規制、活用事例,0.0,電算システム、HashPort、アステリア、ナッジ,95.0,EVT-20251024-01,2025-10-24,done,JPYCは2025年10月27日13時から、資金決済法に基づく「資金移動業者」として国内初の日本円建てステーブルコイン「JPYC」を発行します。JPYCは日本円と1：1で交換可能で、ブロックチェーンを利用した低コスト・高速な送金が可能であり、発行残高の100%以上を日本円で保全します。同社は開発者向けのSDKを無償公開し、複数の事業者がJPYCを組み込んだサービスを提供する予定です。
196.0,2025-10-27 01:00:00,JPYC、いよいよ明日27日発行──岡部氏とJPYCの取り組みをCoinDesk JAPANの記事で振り返る - Yahoo!ニュース,https://news.yahoo.co.jp/articles/eb4155fa65614f5dc6912e7ac799060673ab7514,news.yahoo.co.jp,発行・資金、解説・論説,1.0,岡部典孝、CoinDesk JAPAN、三菱UFJ信託銀行、Circle,85.0,EVT-20251024-01,2025-10-24,done,JPYCは10月27日に日本の法律で認められた初めての円建てステーブルコイン（電子決済手段）として発行される予定である。2019年の設立から2024年まで、代表取締役の岡部典孝氏は資金決済法の改正を経て、複数の金融機関やパートナーとの協業を進めながらJPYCの発行実現にいたった。
195.0,2025-10-27 01:00:00,JPYC、10月27日に日本初の円建てステーブルコイン正式発行｜発行残高10兆円を目指す金融インフラへ - innovaTopia,https://innovatopia.jp/blockchain/blockchain-news/69953/,innovatopia.jp,発行・資金、制度・規制、提携・連携、解説・論説,1.0,JPYC株式会社、資金移動業者、JPYC EX,95.0,EVT-20251024-01,2025-10-24,done,JPYC株式会社は2025年10月27日、資金決済法に基づく第二種資金移動業者として日本初の円建てステーブルコイン「JPYC」の正式発行を開始し、発行価値の100%以上を日本円の預貯金および国債で保全する。同社は今後3年で発行残高10兆円を目指しており、複数企業との連携によりAvalanche、Ethereum、Polygonに対応するプラットフォーム「JPYC EX」を公開する。
197.0,2025-10-27 06:00:00,【本日発行】国内初の円ステーブルコインJPYC、今日からどう使う？ 入手方法から活用法まで岡部代表が語った「最速スタートガイド」 - NADA NEWS,https://www.nadanews.com/320855/,nadanews.com,活用事例、取扱い・対応,0.0,岡部典孝、JPYC EX、DeFi,95.0,EVT-20251024-01,2025-10-24,done,10月27日に国内初の円ステーブルコイン「JPYC」が発行される。JPYCの入手方法は、「JPYC EX」でアカウント開設後、本人確認を経てウォレットアドレスを登録し、銀行振込で購入する仕組みになっており、当面はWeb3の知識がある専門ユーザーを対象としている。JPYCの活用法としては、DeFi市場でのプロ投資家による利用が強く期待されるほか、海外送金やビジネス場面での資金移動の利便性向上が見込まれている。
198.0,2025-10-27 06:30:00,「JPYCを活用した新しいサービスを作る人が儲かります」とJPYCの岡部氏──double jump.tokyoとBifrost、JPYCを活用したDeFiレンディングの企業向け提供へ - NADA NEWS,https://www.nadanews.com/320798/,nadanews.com,提携・連携、活用事例、解説・論説,1.0,double jump.tokyo、Bifrost、岡部典孝,85.0,EVT-20251023-01,2025-10-23,done,10月27日に発行開始される円建てステーブルコイン「JPYC」を活用し、double jump.tokyoとBifrostがDeFiレンディング技術を企業向けに提供する取り組みを開始した。JPYCは価格が1JPYC=1円に固定されており、ボラティリティの大きい暗号資産と異なり、企業のトレジャリー戦略や資産管理に適したデジタル資産として注目されている。
199.0,2025-10-27 10:15:00,“未来の金融体験”を語るPodcast番組「オキタイムズ」配信開始！初回ゲストにJPYC代表 岡部典孝氏 - Excite エキサイト,https://www.excite.co.jp/news/article/Prtimes_2025-10-27-73456-266/,excite.co.jp,解説・論説,1.0,ナッジ株式会社、岡部典孝、オキタイムズ,65.0,EVT-20251027-01,2025-10-27,done,ナッジ株式会社代表の沖田貴史がホストを務めるPodcast番組「オキタイムズ」が2025年10月より配信開始され、初回ゲストにJPYC株式会社代表取締役の岡部典孝氏を迎えた。本番組は「未来にあるべき金融体験の姿とは？」をメインテーマに、金融やビジネスの話題について多彩なゲストと対談する。岡部氏との対談は2025年8月に承認された国内初の日本円建ステーブルコイン「JPYC」の可能性について、前編と後編の全2回で配信される。
200.0,2025-10-27 11:29:03,ナッジ株式会社が提供する次世代クレジットカード「Nudge」にJPYCステーブルコイン対応 - ニュースメディアVOIX,https://voix.jp/money/cryptocurrency/19768/,voix.jp,取扱い・対応、活用事例,0.0,ナッジ株式会社、Nudgeカード、Avalancheネットワーク,85.0,EVT-20251027-02,2025-10-27,done,ナッジ株式会社は次世代クレジットカード「Nudgeカード」において、Avalancheネットワーク上で発行されるJPYCステーブルコインでの返済に対応開始したことを発表した。2025年12月10日までの期間限定で「ステーブルコイン払い100人に1人全額キャッシュバック by Avalanche」キャンペーンを実施する。
201.0,2025-10-27 11:38:16,日本初の ”JPYC払い” にも対応！ 次世代クレカ「Nudge」体験会へ行ってきた - Asteria Corporation,https://www.asteria.com/jp/inlive/finance/7872/,asteria.com,活用事例、提携・連携,0.0,ナッジ株式会社、Nudge、沖田貴史氏,85.0,EVT-20251027-02,2025-10-27,done,ナッジ株式会社が次世代クレジットカード「Nudge」において、2025年10月を目処にJPYC株式会社が発行予定のステーブルコイン「JPYC」での返済受付を開始することを発表しました。これにより世界約1億5000万店舗のVISA加盟店でJPYCでの支払いが可能になります。NudgeはZ世代向けにスマホアプリでの簡単申込、好きなタイミングでの返済、オリジナルカードデザインなどの特徴を備えており、ステーブルコイン払いの実装により暗号資産を生活インフラへと近づけることを目指しています。
202.0,2025-10-27 12:49:54,JPYC、発行を控え記者会見──「平等な競争ができる社会に」岡部氏 - NADA NEWS,https://www.nadanews.com/320913/,nadanews.com,発行・資金,0.0,岡部典孝、JPYC EX、CoinDesk JAPAN,85.0,EVT-20251024-01,2025-10-24,done,JPYC社は10月27日、円ステーブルコイン「JPYC」の発行を控えて東京・大手町で記者会見を開催し、代表取締役の岡部典孝氏がステーブルコインの現状と発行方法などを説明した。岡部氏はJPYC発行の目的として「平等な競争ができる社会にしていきたい」と述べ、AIエージェントが決済を含めた取引を完了させる世界を見通していると語った。
203.0,2025-10-27 13:22:26,JPYCリリース「通貨史に残る分岐点」岡部代表 - CoinPost,https://coinpost.jp/?p=661016,coinpost.jp,発行・資金、取扱い・対応、制度・規制、提携・連携,0.0,岡部典孝、JPYC EX、Coinbase,95.0,EVT-20251024-01,2025-10-24,done,JPYC株式会社は27日午後1時から日本円ステーブルコイン「JPYC」の正式発行を開始し、岡部代表は世界のステーブルコイン市場が5年後に600兆円規模に成長する中、日本が10%のシェアを獲得する可能性を展望した。JPYCは顧客資産を預からないノンカストディ型で手数料無料を実現し、国債約8割と信託預金約2割で裏付けるとともに、発行のみを担い移転はパブリックチェーン、顧客接点はサードパーティーが担う開放的なエコシステムを構築する。
204.0,2025-10-27 13:46:44,アステリア---一時ストップ高、JPYCが本日からステーブルコインを発行へ - かぶたん,https://kabutan.jp/news/marketnews/?b=n202510270545,kabutan.jp,発行・資金、市場・統計,0.0,アステリア、電算システム、インタートレード、SPEEE,75.0,EVT-20251024-01,2025-10-24,done,アステリアが出資するフィンテックベンチャーのJPYCが、日本円に価値が連動するステーベルコイン「JPYC」の発行を27日から開始すると発表し、アステリア株が一時ストップ高となった。1JPYC=1円となるよう設計され、決済などでの利用が見込まれている。
205.0,2025-10-27 13:50:00,国内初の円建てステーブルコイン「JPYC」が発行を開始。会見ではマネロン対策への質問も - Business Insider Japan,https://www.businessinsider.jp/article/2510jpyc-company-begins-issuance-of-jpyc-stablecoin/,businessinsider.jp,発行・資金、制度・規制、取扱い・対応、競合・市場環境,0.0,Circle社、ナッジ株式会社、ゆうちょ銀行、岡部典孝,95.0,EVT-20251024-01,2025-10-24,done,国内初の円建てステーブルコイン「JPYC」が2025年8月18日に資金移動業者登録を取得し、発行を開始した。現在7社がJPYCのサービス組み込みを実装または表明しており、マネロン対策としてはアメリカのUSDC発行元Circle社と協力してブロックリストを共有する規格化を進めている。
206.0,2025-10-27 15:31:47,JPYCとは？将来性・買い方を分かりやすく解説 | 2026年最新 - CryptoDnes.bg,https://cryptodnes.bg/jp/cryptocurrency/what-is-jpyc/,cryptodnes.bg,市場・統計、解説・論説,1.0,JPYC株式会社、三菱UFJ銀行、三井住友銀行、みずほ銀行,75.0,EVT-20251024-01,2025-10-24,done,JPYCは日本円を1円＝1JPYCで担保するステーブルコインで、2025年11月14日に累計発行額が2億円を突破し、ユーザー数も3万人を超えました。イーサリアム、ポリゴン、アバランチなど複数のブロックチェーン上で発行され、信託保全により常に1JPYC＝1円の価値を維持する仕組みを採用しています。
207.0,2025-10-27 15:49:08,日本円ステーブルコイン「JPYC」が正式リリース｜3年で10兆円規模目指す - crypto-times.jp,https://crypto-times.jp/news-japanese-yen-stablecoin-jpyc-officially-launches-targets-%C2%A510-trillion-market-size-within-3-years/,crypto-times.jp,発行・資金、制度・規制、取扱い・対応、提携・連携,0.0,JPYC株式会社、JPYC EX、資金決済法、Polygon,95.0,EVT-20251024-01,2025-10-24,done,JPYC株式会社は10月27日に日本初の日本円建てステーブルコイン「JPYC」の正式発行を開始し、専用プラットフォーム「JPYC EX」も公開しました。JPYCは日本円と1:1で交換可能で、発行価値は日本円（預貯金および国債）によって100%以上保全されています。同社は今後3年で10兆円規模の発行残高を実現することを目指しています。
216.0,2025-10-27 16:00:00,国内初の日本円建ステーブルコイン「JPYC」の発行・償還サービスに「ICおまかせパック」で公的個人認証(JPKI)を提供 - PR TIMES,https://prtimes.jp/main/html/rd/p/000000071.000061051.html,prtimes.jp,提携・連携、取扱い・対応、制度・規制,0.0,株式会社Liquid、LIQUID eKYC、マイナンバーカード,75.0,EVT-20251024-01,2025-10-24,done,株式会社Liquidは、JPYC社が提供する国内初の日本円連動ステーブルコイン「JPYC」の発行・償還サービス「JPYC EX」において、マイナンバーカードのICチップを活用した公的個人認証（JPKI）を提供します。これにより、ユーザーはスマートフォンでマイナンバーカードを読み取ることで本人確認を完了でき、2027年の犯罪収益移転防止法改正にも対応します。
215.0,2025-10-27 16:00:00,キリフダ、日本円ステーブルコイン「JPYC」のダッシュボードを公開 - PR TIMES,https://prtimes.jp/main/html/rd/p/000000069.000100604.html,prtimes.jp,取扱い・対応、市場・統計,0.0,キリフダ株式会社、Dune、赤川英之,65.0,EVT-20251027-03,2025-10-27,done,キリフダ株式会社は、日本円ステーブルコイン「JPYC」のオンチェーン情報を可視化したダッシュボードを公開しました。本ダッシュボードは発行・焼却状況、流通状況、保有ウォレット状況などJPYCに関する透明性の高い情報を提供し、ステーブルコインへの社会的信頼を高める取り組みです。
217.0,2025-10-27 16:00:00,JPYC、日本初の円建ステーブルコイン「JPYC」発行開始 資金移動業登録を経て正式ローンチ - Iolite（アイオライト）,https://iolite.net/news/jpyc-ex-launch-stablecoin-20251027,iolite.net,活用事例、発行・資金、制度・規制、提携・連携,0.0,岡部典孝、電算システム、アステリア、HashPort,95.0,EVT-20251024-01,2025-10-24,done,JPYCは日本初の円建ステーブルコインで、資金移動業登録を経て正式ローンチされた。ノンカストディ型の設計で顧客資産を預からず、裏付け資産の利息収入を運営原資とする手数料ゼロのサービスを目指しており、複数の企業との連携を通じて決済ネットワークやウォレット、カード機能など様々なユースケースの展開が進められている。
214.0,2025-10-27 16:00:00,次世代クレジットカード「Nudge」Avalancheネットワーク上のJPYCステーブルコインに対応 | ナッジ株式会社のプレスリリース - PR TIMES,https://prtimes.jp/main/html/rd/p/000000267.000073456.html,prtimes.jp,活用事例、提携・連携、取扱い・対応,0.0,ナッジ株式会社、Nudge、Avalancheネットワーク,85.0,EVT-20251027-02,2025-10-27,done,ナッジ株式会社は、次世代クレジットカード「Nudge」でAvalancheネットワーク上のステーブルコイン「JPYC」に対応し、クレジットカード返済をJPYCで行える日本初の仕組みを提供します。12月10日までの期間限定で「ステーブルコイン払い100人に1人全額キャッシュバック by Avalanche」キャンペーンを実施し、VISA加盟店であればあらゆる買い物でJPYCでの決済が可能になります。
213.0,2025-10-27 16:00:00,日本円ステーブルコイン「JPYC」に対応したWeb3ウォレット搭載の「運動サプリ®」で、誰でも簡単にJPYCの受け取り・送金が可能に | 株式会社センス・イット・スマートのプレスリリース - PR TIMES,https://prtimes.jp/main/html/rd/p/000000015.000067412.html,prtimes.jp,取扱い・対応、活用事例,0.0,株式会社センス・イット・スマート、運動サプリ®、Web3Auth,85.0,EVT-20251027-04,2025-10-27,done,株式会社センス・イット・スマートは、行動変容型Web3アプリ「運動サプリ®」に日本円ステーブルコイン「JPYC」への対応を開始し、個人がJPYCの受け取りと送金を簡単に行えるようになりました。これまでポイントやトークンで付与されていた報酬が日本円等価のステーブルコインとして直接届くようになることで、報酬の具体的な価値を実感でき、行動経済学的に行動変容を促す効果が高まると期待されています。
212.0,2025-10-27 16:00:00,【Free】JPYC 岡部 典孝 代表取締役 「デジタル円」を国際決済手段に【顔】 - nikkinonline.com,https://www.nikkinonline.com/journal/article/337375,nikkinonline.com,解説・論説、提携・連携、市場・統計,1.0,岡部典孝、北国銀行、電算システム、ナッジ株式会社,75.0,EVT-20251027-01,2025-10-27,done,JPYC代表取締役の岡部典孝氏は、決済手段として使えるステーブルコインの99％が米ドル建てである現状を変えるべく、円建てのステーブルコイン「JPYC」を発行し、デジタル円を国際決済手段として普及させることを目指している。3年間で10兆円分のJPYC発行を目指す方針の下、北国銀行やコンビニ収納代行サービス大手の電算システムなど複数の企業と共同検討を開始し、社会実装を進めている。
211.0,2025-10-27 16:00:00,JPYCとは？特徴・将来性・買い方を詳細解説｜2026 年7月 版 - 99Bitcoins,https://99bitcoins.com/jp/cryptocurrency/what-is-jpyc/,99bitcoins.com,解説・論説、市場・統計、制度・規制,1.0,Circle、JPYC株式会社、金融庁、3メガバンク,85.0,,,done,JPYCは「1円＝1JPYC」の価値を維持するブロックチェーン上の日本円ステーブルコインであり、2025年10月に金融庁の枠組みに準拠した新バージョン「H2JPYC」が正式発行されました。2025年12月15日時点で累計発行額5億円、ホルダー10万人超に達しており、米Circle提携や3メガバンクのステーブルコイン実証推進など、国内外での追い風により注目を集めています。
209.0,2025-10-27 16:00:00,円を資産として担保 日本初のステーブルコイン「JPYC」発行始まる（日テレNEWS NNN） - Yahoo!ニュース,https://news.yahoo.co.jp/articles/2cbbe2e0d7165dfe329f14e39c20fb765aebd59d,news.yahoo.co.jp,発行・資金、市場・統計,0.0,岡部典孝、日本テレビ、G7,95.0,EVT-20251024-01,2025-10-24,done,27日から円を資産として担保した日本初のステーブルコイン「JPYC」の発行が始まった。JPYCは発行などの手数料をゼロ、海外送金手数料を1円未満とする方針で、決済手数料をほぼゼロにすることでイノベーションが起きやすい環境を作ることを目指している。
208.0,2025-10-27 16:00:00,JPYCはデビュー：世界初の円ペッグ・ステーブルコイン登場： - EBC Financial Group,https://www.ebc.com/jp/forex/273349.html,ebc.com,発行・資金、制度・規制、市場・統計,0.0,JPYC株式会社、金融庁、EBC Financial Group,95.0,EVT-20251024-01,2025-10-24,done,JPYC株式会社が2025年10月27日に日本で初めて正式に規制された円ペッグ・ステーブルコインJPYCをローンチした。このトークンは日本円と1:1で交換可能で、銀行預金と日本国債によって裏付けられており、金融庁から資金移動業者の免許を取得している。JPYCはイーサリアム、ポリゴン、アバランチなど複数のブロックチェーン上で利用可能であり、米ドル中心のステーブルコイン市場に多通貨デジタル資産の選択肢をもたらすものとなっている。
210.0,2025-10-27 16:00:00,アステリアはＳ高、ＪＰＹＣがステーブルコイン国内初発行で◇ - ライブドアニュース,https://news.livedoor.com/article/detail/29860664/?from_page=internal,news.livedoor.com,発行・資金、市場・統計,0.0,アステリア、電算システムホールディングス、ユナイテッド,75.0,EVT-20251024-01,2025-10-24,done,フィンテックベンチャーのJPYC（東京都千代田区）が24日、国内初となる円建てステーブルコインの発行を27日から開始すると発表し、出資企業のアステリアなどステーブルコイン関連銘柄に買いが集中している。
218.0,2025-10-27 17:39:18,センス・イット・スマートが提供する運動サプリがJPYCに対応し健康報酬の新時代へ - ニュースメディアVOIX,https://voix.jp/money/cryptocurrency/19797/,voix.jp,取扱い・対応、活用事例,0.0,センス・イット・スマート、運動サプリ、Ethereum、Polygon,85.0,EVT-20251027-04,2025-10-27,done,株式会社センス・イット・スマートは、行動変容型Web3アプリ「運動サプリ」において2025年10月27日より日本円連動ステーブルコイン「JPYC」への対応を開始しました。これにより、ユーザーはJPYCの受け取りと送金が可能になり、報酬を金銭的価値として直接実感できるようになります。JPYCの導入により、従来のポイント交換プロセスが削減され、心理的な満足度の向上と行動変容の促進が期待されています。
219.0,2025-10-27 18:23:45,"【速報】日本初のステーブルコイン「JPYC」、リリース初日に発行額1,500万円突破 - あたらしい経済",https://www.neweconomy.jp/posts/509918,neweconomy.jp,発行・資金、市場・統計,0.0,JPYC EX、JPYC Analytics、Polygon,95.0,EVT-20251024-01,2025-10-24,done,"日本初の日本円建てステーブルコイン「JPYC」が10月27日にリリースされ、初日に発行額1,500万円を突破した。JPYC EXプラットフォームを通じて、ユーザーは銀行振込で日本円を入金してJPYCを取得でき、1：1の交換が可能である。"
220.0,2025-10-27 18:29:09,ステーブルコインJPYC初日、3時間で1500万円発行 社長「通貨史の分岐点」 - 日本経済新聞,https://www.nikkei.com/article/DGXZQOUB260ZQ0W5A021C2000000/,nikkei.com,発行・資金、市場・統計,0.0,JPYC株式会社、日本経済新聞,95.0,EVT-20251024-01,2025-10-24,done,フィンテック企業のJPYCは27日、日本円に連動するステーブルコイン「JPYC」の発行を開始し、初日は3時間で1500万円分が発行された。海外ではドル建てステーブルコインが約3000億ドルの市場規模に達する中、円建てのJPYCは日本の通貨史における重要な分岐点となる可能性がある。
221.0,2025-10-27 18:30:14,【速報】国内初の円ステーブルコイン「JPYC」、発行量が1500万を突破 - NADA NEWS,https://www.nadanews.com/320960/,nadanews.com,発行・資金、市場・統計,0.0,JPYC EX、Polygon、Avalanche、Ethereum,95.0,EVT-20251024-01,2025-10-24,done,国内初の円ステーブルコイン「JPYC」は10月27日の発行開始から約4時間で発行量が1500万を超えた。JPYCはイーサリアム、ポリゴン、アバランチの3つのブロックチェーン上で発行されており、ポリゴンチェーンでの発行量が最も多い598万1717JPYCとなっている。
222.0,2025-10-27 18:42:21,日本初のステーブルコインJPYC始動 関連銘柄が急騰 - CoinPost,https://coinpost.jp/?p=661066,coinpost.jp,発行・資金、市場・統計,0.0,アステリア、電算システムホールディングス、ユナイテッド,85.0,EVT-20251024-01,2025-10-24,done,日本初の日本円建てステーブルコイン「JPYC」が10月27日に正式発行を開始し、発行・償還プラットフォーム「JPYC EX」も公開された。これを受けてJPYC出資企業のアステリア、電算システムホールディングス、ユナイテッドをはじめ、ステーブルコインやブロックチェーン関連銘柄が市場で急速に買われ、複数銘柄がストップ高または大幅上昇となった。
226.0,2025-10-28 01:00:00,【材料】 アステリアはＳ高、ＪＰＹＣがステーブルコイン国内初発行で - かぶたん,https://kabutan.jp/news/marketnews/?b=n202510270251,kabutan.jp,発行・資金、市場・統計,0.0,アステリア、電算システムホールディングス、ユナイテッド,75.0,EVT-20251024-01,2025-10-24,done,フィンテックベンチャーのJPYCが24日、国内初となる円建てステーブルコインの発行を27日から開始すると発表し、これを受けてJPYCに出資するアステリアがストップ高となった。同じく出資する電算システムホールディングスやユナイテッド、さらにステーブルコイン関連銘柄に買いが集中している。
234.0,2025-10-28 01:00:00,JPYC、国内初の法的に認められた円建てステーブルコイン「JPYC」を正式に発行 - bitbank,https://bitbank.cc/knowledge/breaking/article/2fw66atngq,bitbank.cc,発行・資金、取扱い・対応、提携・連携,0.0,JPYC株式会社、JPYC EX、Avalanche、Ethereum、Polygon,95.0,EVT-20251024-01,2025-10-24,done,JPYC株式会社は国内初の法的に認められた円建てステーブルコイン「JPYC」を10月27日に正式発行し、1円＝1JPYCの価値を円預金と日本国債で100%裏付けている。AvalancheやEthereum、Polygonに対応し、マイナンバーカード認証によりJPYC EXプラットフォームで取得でき、3年以内に流通額10兆円を目指している。
225.0,2025-10-28 01:00:00,【本日発行】国内初の円ステーブルコインJPYC、今日からどう使う？ 入手方法から活用法まで岡部代表が語った「最速スタートガイド」 - Yahoo!ニュース,https://news.yahoo.co.jp/articles/88d29287acd9a475c4fae0849d4d1ede61359aac,news.yahoo.co.jp,発行・資金、取扱い・対応、解説・論説,1.0,岡部典孝、JPYC EX、MetaMask,95.0,EVT-20251024-01,2025-10-24,done,10月27日に国内初の日本円建てステーブルコイン「JPYC」が発行される。JPYCは専用プラットフォーム「JPYC EX」でアカウント開設とKYCを行い、ウォレットアドレスを登録して銀行振込により購入でき、発行されたJPYCはユーザーのウォレットに直接届く仕組みになっている。当面はWeb3の知識を有する経験者向けサービスとして展開され、将来的にはユーザーサポート体制やアプリケーションの充実により一般層への拡大を目指している。
233.0,2025-10-28 01:00:00,キリフダ、日本円ステーブルコイン「JPYC」のダッシュボードを公開 - FNNプライムオンライン,https://www.fnn.jp/articles/-/951471,fnn.jp,取扱い・対応、市場・統計,0.0,キリフダ株式会社、Dune、JPYC株式会社,85.0,EVT-20251027-03,2025-10-27,done,キリフダ株式会社は、日本円ステーブルコイン「JPYC」のオンチェーン情報をまとめたダッシュボードを公開しました。本ダッシュボードはJPYCの発行・焼却状況、流通状況、保有ウォレット状況などの情報を誰もが確認でき、ブロックチェーンの透明性を活かしてステーブルコインへの社会的信頼を高める取り組みです。
228.0,2025-10-28 01:00:00,日本円ステーブルコイン「JPYC」に対応したWeb3ウォレット搭載の「運動サプリ(R)」で、誰でも簡単にJPYCの受け取り・送金が可能に - Excite エキサイト,https://www.excite.co.jp/news/article/Prtimes_2025-10-27-67412-15/,excite.co.jp,取扱い・対応、活用事例,0.0,株式会社センス・イット・スマート、運動サプリ、Web3Auth,85.0,EVT-20251027-04,2025-10-27,done,センス・イット・スマートは、ウォーキングアプリ「運動サプリ(R)」に日本円ステーブルコイン「JPYC」への対応機能を追加し、ユーザーがメールアドレスやSNSアカウントで簡単にJPYCの受け取り・送金が可能になりました。これにより、従来のポイントやトークンではなく、日本円等価のステーブルコインで直接報酬を受け取ることで、行動経済学における心理的会計と現在バイアスの効果により、より強い行動変容が期待されます。
236.0,2025-10-28 01:00:00,Web3健康アプリ「運動サプリ®」が日本円ステーブルコインJPYCに対応 誰でも簡単に受け取り・送金可能に - plus-web3.com,https://plus-web3.com/media/latestnews_1000_6003/,plus-web3.com,活用事例、取扱い・対応,0.0,株式会社センス・イット・スマート、運動サプリ、JPYC株式会社,85.0,EVT-20251027-04,2025-10-27,done,株式会社センス・イット・スマートの健康アプリ「運動サプリ®」は、2025年10月27日に発行された日本円ステーブルコイン「JPYC」への対応を開始し、ウォーキングなどの健康活動に対する報酬がポイントやトークンから日本円等価のステーブルコインとして直接受け取れるようになった。メールアドレスやSNSアカウントで簡単にウォレットを生成でき、複雑な秘密鍵管理の負担を軽減することで、Web3の普及促進を目指している。
232.0,2025-10-28 01:00:00,円建てステーブルコインJPYCがローンチ｜イーサリアム等で展開 - icobench.com,https://icobench.com/jp/news/jpyc-launches-regulated-yen-stablecoin-japan/,icobench.com,発行・資金、制度・規制、市場・統計,0.0,JPYC株式会社、金融庁、改正資金決済法,95.0,EVT-20251024-01,2025-10-24,done,JPYC株式会社は27日、日本円と1対1に固定された円建てステーブルコインJPYCと発行・償還プラットフォームJPYC EXを正式ローンチした。同社は金融庁から改正資金決済法に基づく国内初の資金移動業者ライセンスを取得し、JPYCはイーサリアム、アバランチ、ポリゴンの3つのブロックチェーンで利用可能となる。
235.0,2025-10-28 01:00:00,キリフダ、JPYCステーブルコインのオンチェーンダッシュボード公開 - plus-web3.com,https://plus-web3.com/media/latestnews_1000_5984/,plus-web3.com,取扱い・対応,0.0,キリフダ株式会社、Dune,75.0,EVT-20251027-03,2025-10-27,done,キリフダ株式会社は、日本円ステーブルコイン「JPYC」のオンチェーンデータをまとめたダッシュボードを公開しました。本ダッシュボードはJPYCの発行・焼却状況、流通状況、保有ウォレット情報などを誰もが簡単に確認でき、ブロックチェーン上の透明性を活かしてステーブルコインへの信頼を高める取り組みです。
224.0,2025-10-28 01:00:00,偽のトークン（偽JPYC）取引および偽のSNSアカウントに関する注意喚起 - JPYC株式会社,https://corporate.jpyc.co.jp/news/posts/Notice,corporate.jpyc.co.jp,リスク・懸念,0.0,JPYC株式会社、偽トークン、偽SNSアカウント,85.0,EVT-20251028-01,2025-10-28,done,JPYC株式会社は、偽のトークン（偽JPYC）取引および偽のSNSアカウントについて注意喚起しており、JPYCを受け取る際はトークンの見た目ではなくブロックチェーン上の公式コントラクトアドレスを確認することを求めています。また、同社および代表を名乗る偽アカウントが確認されており、LINEグループやDiscordなどでの勧誘や暗号資産交換業者等への誘導は一切行わないため、不審なアカウントやメッセージの場合はアクセスせず削除または通報するよう呼びかけています。
230.0,2025-10-28 01:00:00,キリフダが日本円ステーブルコインJPYCの透明性を向上させるダッシュボードを公開 - ニュースメディアVOIX,https://voix.jp/money/cryptocurrency/19774/,voix.jp,取扱い・対応、市場・統計,0.0,キリフダ株式会社、Dune,85.0,EVT-20251027-03,2025-10-27,done,キリフダ株式会社は、日本円ステーブルコイン「JPYC」のオンチェーン情報をまとめたダッシュボードを公開し、発行・焼却状況や流通量、保有ウォレット情報など誰もが簡単に確認できる機能を提供することで、JPYCの透明性と健全性を確保している。2025年10月27日にJPYCの発行・償還が開始された背景のもと、このダッシュボードはWeb3時代における金融の信頼性を高めるための取り組みである。
229.0,2025-10-28 01:00:00,アステリア---一時ストップ高、JPYCが本日からステーブルコインを発行へ - ｄメニューニュース,https://topics.smt.docomo.ne.jp/article/fisco/business/fisco-0009350020251027050,topics.smt.docomo.ne.jp,発行・資金、市場・統計,0.0,アステリア、JPYC株式会社、電算システム,75.0,EVT-20251024-01,2025-10-24,done,アステリアが出資するフィンテックベンチャーのJPYCが、日本円に価値が連動するステーブルコイン「JPYC」の発行を27日から開始すると先週末に発表した。1JPYC=1円に設計され、決済での利用が見込まれており、この発表によりアステリアなどの関連銘柄への期待感が高まっている。
223.0,2025-10-28 01:00:00,JPYC、日本初の円建てステーブルコイン発行 Web3決済対応「JPYC EX」公開 - plus-web3.com,https://plus-web3.com/media/latestnews_1000_5977/,plus-web3.com,発行・資金、制度・規制、取扱い・対応,0.0,JPYC株式会社、JPYC EX、資金決済法、Avalanche、Ethereum、Polygon,95.0,EVT-20251024-01,2025-10-24,done,JPYCは2025年10月27日から、資金決済法に基づく「資金移動業者」として日本初の円建てステーブルコイン「JPYC」を発行します。専用プラットフォーム「JPYC EX」を通じて発行・償還を行い、開発者向けのSDKを無償公開することで、あらゆる事業者が自由に利用できるオープンな金融インフラとして設計されています。
227.0,2025-10-28 01:00:00,“未来の金融体験”を語るPodcast番組「オキタイムズ」配信開始！初回ゲストにJPYC代表 岡部典孝氏 - PR TIMES,https://prtimes.jp/main/html/rd/p/000000266.000073456.html,prtimes.jp,提携・連携,0.0,ナッジ株式会社、岡部典孝氏、オキタイムズ,65.0,EVT-20251027-01,2025-10-27,done,ナッジ株式会社の代表・沖田貴史がホストを務めるPodcast番組「オキタイムズ」が2025年10月より配信開始され、初回ゲストにJPYC株式会社代表・岡部典孝氏を迎えます。2025年8月に承認された国内初の日本円建ステーブルコイン「JPYC」の可能性と未来の金融体験について、前編と後編の全2回にわたって対談が配信されます。
231.0,2025-10-28 01:00:00,【本日発行】国内初の円ステーブルコインJPYC、今日からどう使う？ 入手方法から活用法まで岡部代表が語った「最速スタートガイド」／ビットコイン、パウエルFRB議長のタカ派発言を受けて11万ドル割れまで急落【日曜日に読みたい厳選10本】（CoinDesk JAPAN） - Yahoo!ニュース,https://news.yahoo.co.jp/articles/211a5c48581d0bb0929a290a18dd6e7d713c91d0,news.yahoo.co.jp,発行・資金、取扱い・対応、解説・論説,1.0,岡部典孝、JPYC EX、MetaMask,95.0,EVT-20251024-01,2025-10-24,done,10月27日に国内初の円ステーブルコイン「JPYC」が発行され、JPYC EXプラットフォームでの本人確認、ウォレットアドレス登録、銀行振込を経て入手できる。発行当初はWeb3の知識がある利用者を対象としており、ユーザーはJPYCを受け取るブロックチェーン（ポリゴンやアバランチなど）を選択して利用することになる。
237.0,2025-10-28 06:30:00,国内初ステーブルコイン発行開始 JPYC、3年で10兆円分目指す - 朝日新聞,https://www.asahi.com/articles/ASTBW3DZKTBWULFA01MM.html,asahi.com,発行・資金、制度・規制、活用事例,0.0,JPYC株式会社、金融庁、岡部典孝,95.0,EVT-20251024-01,2025-10-24,done,スタートアップ企業JPYCが27日、国内初となる日本円連動型ステーブルコイン「JPYC」の発行を開始した。1JPYC=1円の価値を保ち、ブロックチェーン上で世界中へ最短1秒、1円未満のコストで送金できるのが特徴で、今後3年で10兆円分の発行を目指している。
238.0,2025-10-28 08:00:00,国内初の円建てステーブルコイン「JPYC」発行開始 次世代の“通貨”目指す - Impress Watch,https://www.watch.impress.co.jp/docs/news/2058390.html,watch.impress.co.jp,発行・資金、制度・規制、解説・論説,1.0,JPYC株式会社、岡部典孝、Circle、改正資金決済法,95.0,EVT-20251024-01,2025-10-24,done,JPYC社は改正資金決済法に基づき、国内初の円建てステーブルコイン「JPYC」の発行を開始しました。1円=1JPYCで交換可能で、ユーザーが自身で管理するノンカストディ型として、手数料無料で送金や決済などが利用できます。同社は3年で発行額10兆円を目指し、国債と預金の運用利益を収益源としながら、セキュリティやマネーロンダリング対策に取り組む計画です。
239.0,2025-10-28 13:02:24,"日本初のステーブルコイン「JPYC」、リリース後24時間で発行額3,700万円突破 - あたらしい経済",https://www.neweconomy.jp/posts/510123,neweconomy.jp,発行・資金、市場・統計,0.0,JPYC EX、JPYC Analytics、Polygon,95.0,EVT-20251024-01,2025-10-24,done,"日本初のステーブルコイン「JPYC」は正式リリースから24時間で発行額3,700万円を突破した。JPYCはイーサリアム、アバランチ、ポリゴンの3つのブロックチェーンで発行され、10月27日に公開された専用プラットフォーム「JPYC EX」を通じて日本円と1：1で交換可能となっている。"
240.0,2025-10-28 16:00:00,株式会社アイ・ピー・エスとフィリピンにおけるデジタル送金・決済インフラ基盤の構築に向け、ステーブルコイン事業での業務提携に関する基本合意書を締結 - PR TIMES,https://prtimes.jp/main/html/rd/p/000000285.000054018.html,prtimes.jp,提携・連携、活用事例,0.0,"株式会社アイ・ピー・エス、InfiniVAN, Inc.、フィリピン",85.0,EVT-20251028-02,2025-10-28,done,"JPYC株式会社は株式会社アイ・ピー・エスおよびInfiniVAN, Inc.と10月16日にステーブルコイン事業での業務提携に関する基本合意書を締結し、フィリピンペソ建ステーブルコインの発行・流通および日本円建ステーブルコイン『JPYC』のフィリピンでの流通に関する共同事業を検討する。本事業は、高い送金手数料が課題となっている在外フィリピン人労働者の個人送金や、銀行口座を持たない成人が40%以上を占めるフィリピンの金融包摂を支援することを目指している。"
241.0,2025-10-28 16:00:00,Secured Finance、JPYCを活用した新プロダクト群を発表 - PR TIMES,https://prtimes.jp/main/html/rd/p/000000001.000172212.html,prtimes.jp,取扱い・対応、提携・連携、活用事例,0.0,Secured Finance AG、Yearn Finance、Coinbase,85.0,EVT-20251028-03,2025-10-28,done,Secured Finance AGは、日本円ステーブルコイン「JPYC」を活用した複数の新プロダクトを発表しました。JPYC固定金利レンディング市場の提供、WBTC/ETH担保によるJPYC借入、Yearn Financeとの連携、オンチェーン円金利ベンチマークの構築、およびx402プロトコルを通じたJPYC自動決済の実現により、日本円市場の金利構造をオンチェーン上に再現し、世界中の投資家がアクセス可能な分散型インフラを構築することを目指しています。
242.0,2025-10-28 16:00:00,JPYCを活用したDeFi・決済アプリケーション開発サポートサービスを本格開始 - PR TIMES,https://prtimes.jp/main/html/rd/p/000000005.000134530.html,prtimes.jp,活用事例、提携・連携,0.0,GustoDevelopment株式会社、SuzuPay、USDT、USDC,75.0,EVT-20251028-04,2025-10-28,done,GustoDevelopment株式会社は、日本円連動ステーブルコイン「JPYC」を活用したDeFiおよび決済アプリケーションの開発サポートサービスを開始しました。本サービスにより、既存のWebサービスやECサイトへのステーブルコイン決済導入に加えて、JPYCを基盤とした独自のDeFiサービスや決済ソリューション構築まで、ワンストップでの支援が可能になります。SuzuPayとのパートナーシップにより、JPYC以外のグローバルなステーバルコイン決済にも対応できるようになります。
243.0,2025-10-28 17:59:05,Secured Finance、JPYCを基盤にした新たな分散型金融プロダクト群の発表 - ニュースメディアVOIX,https://voix.jp/life/news/67769/,voix.jp,活用事例、提携・連携,0.0,Secured Finance、Yearn Finance、Coinbase,95.0,EVT-20251028-03,2025-10-28,done,スイス・ツークのSecured Finance AGは、日本円ステーブルコイン「JPYC」を活用した新プロダクト群を発表しました。JPYC建ての固定金利レンディング市場、Yearn Financeとの連携によるVault開発、オンチェーン日本円金利ベンチマーク指標の構築、およびCoinbaseのx402プロトコルを通じた自動決済機能の実装により、日本円金利カーブをオンチェーン化し、DeFiと実世界金融を結ぶ新しいインフラの構築を目指しています。
252.0,2025-10-29 01:00:00,暗号資産の損益計算サービス「クリプタクト」、日本円建ステーブルコイン「JPYC」の損益計算に対応 - PR TIMES,https://prtimes.jp/main/html/rd/p/000000078.000031324.html,prtimes.jp,取扱い・対応,0.0,株式会社pafin、クリプタクト、JPYC株式会社,75.0,EVT-20251016-01,2025-10-16,done,株式会社pafinが運営する暗号資産損益計算サービス「クリプタクト」が、JPYC株式会社が発行する日本円建ステーブルコイン「JPYC」の損益計算に対応しました。これにより、JPYC保有者はウォレット内のJPYCを暗号資産と共に資産管理でき、JPYC建ての取引における損益計算が可能になります。
247.0,2025-10-29 01:00:00,ステーブルコインJPYCに登録してみた - london3.jp,https://london3.jp/2025/10/jpyc-regist/,london3.jp,取扱い・対応,0.0,MetaMask、POLYGON,45.0,,,done,著者はステーブルコインJPYCに登録し、投資ではなく決済手段としての利用を期待している。BtoBの送金や海外送金での手数料削減を想定しており、実際にマイナンバーカード認証を経てアカウントを開設し、POLYGONネットワークで1万円分のJPYCを発行することに成功した。
248.0,2025-10-29 01:00:00,円と連動、初発行 ステーブルコイン 最短１秒送金・コストも減 - 朝日新聞,https://www.asahi.com/articles/DA3S16332219.html,asahi.com,発行・資金、制度・規制,0.0,JPYC株式会社、金融庁、朝日新聞,85.0,EVT-20251024-01,2025-10-24,done,スタートアップ企業のJPYCが27日、国内初となる日本円と連動するステーブルコイン「JPYC」の発行を開始した。1JPYC=1円の価値を保ち、最短1秒での送金が可能であり、今後3年で10兆円分の発行を目指している。
250.0,2025-10-29 01:00:00,「現金王国」日本がついにデジタル金融の扉を大きく開いた。世界で初めて円に価値が連動するステーブルコインJPYCが日本当局の規制承認を受けて公式デビューした。これは昨年6月に施行された改正資金決済法(P.. - 매일경제,https://www.mk.co.kr/jp/stock/11453204,mk.co.kr,制度・規制、市場・統計、競合・市場環境、解説・論説,1.0,JPYC株式会社、改正資金決済法、三菱UFJ金融グループ、日本銀行,92.0,EVT-20251024-01,2025-10-24,done,世界初の円連動ステーブルコインJPYCが日本当局の規制承認を受けて公式デビューし、昨年6月に施行された改正資金決済法を通過した最初の事例となった。日本の3大メガバンクがステーブルコイン共同発行の協議に着手し、日本中央銀行も民間ステーブルコインの革新性を認めるなど、デジタル金融ハブへの跳躍が図られている。ただし、日本国内の現金選好文化により、ステーブルコインの大衆化には相当な時間がかかると専門家は指摘している。
254.0,2025-10-29 01:00:00,"日本初のステーブルコイン「JPYC」、リリース後24時間で発行額3,700万円突破（あたらしい経済） - Yahoo!ニュース",https://news.yahoo.co.jp/articles/167b4f86c039cb7e98be690f0a7cc84f0b2564c9,news.yahoo.co.jp,発行・資金、市場・統計,0.0,JPYC EX、ポリゴン、イーサリアム,95.0,EVT-20251024-01,2025-10-24,done,"日本初のステーブルコイン「JPYC」は、10月27日の正式リリースから24時間で発行額3,700万円を突破した。JPYCはイーサリアム、アバランチ、ポリゴンの3つのブロックチェーンで発行されており、JPYC EXプラットフォームを通じて日本円との1：1交換が可能である。"
244.0,2025-10-29 01:00:00,暗号資産の損益計算サービス「クリプタクト」で、日本円建ステーブルコイン「JPYC」の損益計算が可能に - PR TIMES,https://prtimes.jp/main/html/rd/p/000000287.000054018.html,prtimes.jp,取扱い・対応、提携・連携,0.0,株式会社pafin、クリプタクト、Ethereum,75.0,EVT-20251029-01,2025-10-29,done,JPYC株式会社は、株式会社pafinが提供する暗号資産の自動損益計算サービス「クリプタクト」において、同社が発行する日本円建ステーブルコイン「JPYC」の損益計算に対応したことを発表しました。この対応により、JPYC建てでの暗号資産売買時の損益計算やキャンペーン取得したJPYCに係る所得計算など、確定申告に必要な会計処理の自動化と効率化が実現します。
249.0,2025-10-29 01:00:00,GustoDevelopmentがJPYCを活用したDeFi・決済アプリ開発支援サービスを開始 - ニュースメディアVOIX,https://voix.jp/biz/news/155134/,voix.jp,活用事例、提携・連携,0.0,GustoDevelopment株式会社、SuzuPay、Secured Finance,95.0,EVT-20251028-04,2025-10-28,done,GustoDevelopment株式会社は、日本円連動のステーブルコイン「JPYC」を活用したDeFi・決済アプリケーション開発支援サービスを本格的に開始しました。本サービスでは、既存のECサイトへのステーブルコイン決済導入支援に加え、JPYCを基盤とした独自のアプリケーション開発をワンストップで提供します。また、マルチチェーン対応の決済ゲートウェイ「SuzuPay」との提携により、USDTやUSDCといったグローバルなステーブルコイン決済にも対応し、国内外のユーザー向けの決済ソリューション構築を可能にします。
251.0,2025-10-29 01:00:00,JPYC株式会社と株式会社アイ・ピー・エスがフィリピンでのステーブルコイン事業で提携合意書を締結 - ニュースメディアVOIX,https://voix.jp/money/cryptocurrency/19903/,voix.jp,提携・連携、活用事例,0.0,株式会社アイ・ピー・エス、InfiniVAN、フィリピン,95.0,EVT-20251028-02,2025-10-28,done,JPYC株式会社と株式会社アイ・ピー・エスは10月16日、フィリピンでのステーブルコイン事業に関する業務提携の基本合意書を締結した。フィリピンペソ建てステーブルコインの共同発行と日本円建てステーブルコイン『JPYC』のフィリピンでの流通を検討し、海外労働者からの送金に伴う社会課題の解決と国際送金の効率化を目指す。
245.0,2025-10-29 01:00:00,JPYC社、フィリピンでデジタル送金・決済インフラ基盤の構築へ、IPS社とMoU締結で（あたらしい経済） - Yahoo!ニュース,https://news.yahoo.co.jp/articles/a6349bd7d77fca5e738d712c21ef5bf6edf2b6d0,news.yahoo.co.jp,提携・連携、活用事例,0.0,"株式会社アイ・ピー・エス、InfiniVAN, Inc.、フィリピン",95.0,EVT-20251028-02,2025-10-28,done,"JPYC株式会社は株式会社アイ・ピー・エスおよびInfiniVAN, Inc.と10月16日にステーブルコイン事業での業務提携に関する基本合意書を締結し、フィリピンペソ建ステーブルコインの発行・流通と日本円建ステーバルコイン『JPYC』のフィリピンでの流通を検討する。本事業は、在外フィリピン人労働者からの送金負担軽減と、フィリピンの金融包摂推進を目指しており、国境を越えたデジタル通貨の安全で低コストなやり取りを実現する共通決済基盤の構築を目指している。"
246.0,2025-10-29 01:00:00,日本初の円建てステーブルコインJPYC、正式リリースへ - Iolite（アイオライト）,https://iolite.net/news/coinpost-660584,iolite.net,,0.0,,0.0,,,done,本文は雑誌Ioliteの目次情報であり、日本初の円建てステーブルコインJPYCの正式リリースに関する具体的な記事内容が含まれていません。
253.0,2025-10-29 01:00:00,JPYC、国内初の日本円連動ステーブルコインを正式ローンチ - Coinspeaker,https://www.coinspeaker.com/jp/jpyc-launches-official-yen-stablecoin-japan/,coinspeaker.com,発行・資金、制度・規制、解説・論説,1.0,JPYC株式会社、岡部典孝、金融庁、日本国債,95.0,EVT-20251024-01,2025-10-24,done,JPYC株式会社が日本円と1:1で連動するステーブルコインJPYCを正式ローンチし、金融庁の承認を受けた国内初の非米ドル建てステーブルコインとなった。準備金は銀行預金と日本国債で100%裏付けられており、アバランチ、イーサリアム、ポリゴンなど複数のブロックチェーンで利用できる。
255.0,2025-10-29 05:30:24,JPYCとは？日本円ステーブルコインの将来性｜2026 年最新 - Cryptonews,https://cryptonews.com/jp/cryptocurrency/what-is-jpyc/,cryptonews.com,解説・論説、市場・統計,1.0,JPYC株式会社、岡部CEO、三菱UFJ銀行,75.0,EVT-20251024-01,2025-10-24,done,JPYCは日本円建てのステーブルコインで、JPYC株式会社によって発行され、2023年6月の改正資金決済法に基づき日本初の電子決済手段として認められています。2025年11月に3メガバンクがステーブルコイン実証実験に参加し、2025年12月時点で発行額5億円、口座開設数1万件を突破するなど普及が加速しており、今後3年以内に発行額10兆円を目指す戦略が掲げられています。
256.0,2025-10-29 10:05:13,DeFi開発企業Secured Finance、ステーブルコイン「JPYC」の新プロダクト群を発表 - CoinPost,https://coinpost.jp/?p=661550,coinpost.jp,活用事例、提携・連携,0.0,Secured Finance、Yearn Finance、Coinbase,95.0,EVT-20251028-03,2025-10-28,done,DeFi開発企業Secured Financeは、日本円ステーブルコイン「JPYC」の新プロダクト群を発表しました。固定金利レンディング市場の提供、暗号資産担保によるJPYC借入、Yearn Financeとの連携、オンチェーン円金利ベンチマークの構築、およびx402プロトコルを活用した自動決済の実現など、5つの主な取り組みを通じて、日本円金利をオンチェーン上に再現し、世界の投資家がアクセスできる分散型インフラの構築を目指しています。
257.0,2025-10-29 11:03:11,【速報】JPYC、発行量5000万を突破 - NADA NEWS,https://www.nadanews.com/321318/,nadanews.com,市場・統計,0.0,岡部典孝、Polygon、Avalanche,85.0,EVT-20251024-01,2025-10-24,done,国内初の日本円建てステーブルコイン「JPYC」の発行量が10月29日午前に5000万を突破し、11時時点で5438万4602JPYCに達した。イーサリアム、ポリゴン、アバランチの3つのブロックチェーン上で発行されており、発行開始から2日での大台到達となった。一方、JPYC社の岡部典孝代表は、JPYCを活用した運用方法は全て公式運営ではないため、ユーザーに自己責任での慎重な利用を呼びかけている。
258.0,2025-10-29 15:08:59,abcが支援するWOWOOとWOW Dexに円建てステーブルコイン「JPYC」が導入決定 - ニュースメディアVOIX,https://voix.jp/money/cryptocurrency/19982/,voix.jp,取扱い・対応,0.0,abc株式会社、WOWOO、WOW Dex,85.0,EVT-20251029-02,2025-10-29,done,abc株式会社が支援するWeb3アプリ「WOWOO」および分散型取引所「WOW Dex」に、日本初の円建てステーブルコイン「JPYC」を導入することを発表しました。JPYCは日本円に1:1で連動し、法令に準拠した前払式支払手段として発行されており、ユーザーは円建てでのトークン取引やNFT決済を直感的に行えるようになります。
259.0,2025-10-29 15:13:40,Secured Finance、「JPYC」対応のレンディングや担保付き借入、自動決済など新機能を発表 - あたらしい経済,https://www.neweconomy.jp/posts/510635,neweconomy.jp,活用事例、提携・連携,0.0,Secured Finance、Yearn Finance、Coinbase,95.0,EVT-20251028-03,2025-10-28,done,セキュアードファイナンスは、日本初のステーブルコイン「JPYC」を活用した複数の新プロダクトを10月28日に発表した。JPYC建ての固定金利レンディング市場の提供、WBTCおよびETHを担保とした借り入れ機能、Yearn Financeとの連携によるVault開発、日本円金利のオンチェーンベンチマーク指標の開発、およびx402プロトコルに対応した自動決済機能の実装を予定している。
260.0,2025-10-29 17:51:15,“金利のインバウンド”が集まるか──Secured Finance、JPYCを活用したプロダクト群を発表 - NADA NEWS,https://www.nadanews.com/321462/,nadanews.com,活用事例、提携・連携、解説・論説,1.0,Secured Finance、菊池マサカズ、岡部典孝、x402プロトコル,95.0,EVT-20251028-03,2025-10-28,done,Secured Financeは日本円ステーブルコイン「JPYC」の発行開始にあわせて、JPYC固定金利レンディングやWBTC/ETH担保によるJPYC借入などの複数プロダクトを発表し、世界中の投資家がブロックチェーン上で日本円の貸し借りができる環境を構築する。これにより、日本の低金利を活用した円キャリートレードがオンチェーンで民主化され、BTCやETH保有者が資産を売却せずに利回りを得ることが可能になる。
263.0,2025-10-30 01:00:00,GUILD株式会社、日本円ステーブルコイン「JPYC」を活用した事業の企画・開発支援サービスを提供開始 - PR TIMES,https://prtimes.jp/main/html/rd/p/000000026.000103459.html,prtimes.jp,提携・連携、活用事例,0.0,GUILD株式会社、小宮滉,75.0,EVT-20251030-01,2025-10-30,done,GUILD株式会社は、日本円ステーブルコイン「JPYC」を活用した新規事業の立ち上げと既存事業への導入を支援するコンサルティング・開発サービスを開始しました。同社は事業戦略立案から法規制対応、システム開発・実装までをワンストップでサポートし、規制・法務、戦略・収益、技術実装の「3つの壁」を克服するとともに、2025年11月5日に活用事業戦略ウェビナーを開催予定です。
268.0,2025-10-30 01:00:00,ナッジ、Avalanche上のJPYC対応を開始 ステーブルコインでクレカ返済可能に - plus-web3.com,https://plus-web3.com/media/latestnews_1002_5980/,plus-web3.com,取扱い・対応、活用事例,0.0,ナッジ株式会社、Nudge、Avalancheネットワーク,85.0,EVT-20251027-02,2025-10-27,done,ナッジ株式会社は2025年10月27日、次世代クレジットカード「Nudge」でのJPYC（日本円建てステーブルコイン）のAvalancheネットワーク対応を開始し、国内クレジットカード初となるオンチェーン返済を実現した。同時に12月10日まで「100人に1人全額キャッシュバック」キャンペーンを実施している。
267.0,2025-10-30 01:00:00,1日で完結！日本円ステーブルコイン事業導入講座 開催のお知らせ - PR TIMES,https://prtimes.jp/main/html/rd/p/000000060.000047016.html,prtimes.jp,実証実験,0.0,N.Avenue株式会社、JPYC株式会社、double jump.tokyo株式会社、TMI総合法律事務所,75.0,EVT-20251017-01,2025-10-17,done,"N.Avenue株式会社は2025年11月5日に「1日で完結！日本円ステーブルコイン事業導入講座」を東京都内で開催します。本講座は、JPYC代表、金融庁出身弁護士、Web3実務者が登壇し、法的根拠からユースケース、管理体制、会計実務までをカバーする実践型研修で、一般参加費は30,000円（税込）、学生は無料です。"
266.0,2025-10-30 01:00:00,日本初の円ステーブルコイン「JPYC」、abcが支援するSocialFiアプリ「WOWOO」および、分散型取引所「WOW Dex」に導入決定 - PR TIMES,https://prtimes.jp/main/html/rd/p/000000048.000153230.html,prtimes.jp,取扱い・対応、提携・連携,0.0,abc株式会社、WOWOO、WOW Dex,90.0,EVT-20251029-02,2025-10-29,done,abc株式会社が支援するSocialFiアプリ「WOWOO」および分散型取引所「WOW Dex」に、日本初の円ステーブルコイン「JPYC」が導入されることが発表された。JPYCは日本円に1:1で連動し法令に準拠した前払式支払手段であり、これにより日本国内ユーザーは円建てでのトークン取引・送金・NFT決済が直感的に可能になる。
269.0,2025-10-30 01:00:00,Secured Finance、「JPYC」対応の新機能群を発表 固定金利レンディングや自動決済など展開 - plus-web3.com,https://plus-web3.com/media/latestnews_1000_6065/,plus-web3.com,活用事例、提携・連携,0.0,Secured Finance、Yearn Finance、Coinbase,95.0,EVT-20251028-03,2025-10-28,done,セキュアードファイナンスは10月28日、日本初のステーブルコイン「JPYC」を活用した複数の新プロダクトを発表し、JPYC建ての固定金利レンディング市場の提供、Yearn Financeとの連携によるJPYC建てVaultの開発、日本円金利のオンチェーンベンチマーク指標の公表、およびx402プロトコル連携によるJPYCの自動決済機能の実装を計画している。これらの取り組みにより、日本円金利カーブをオンチェーン化し、実世界の金融市場とDeFiをつなぐ新しいインフラの構築を目指している。
264.0,2025-10-30 01:00:00,Liquid、公的個人認証でJPYC発行を支援 マイナンバーカード活用で厳格な本人確認を実現 - plus-web3.com,https://plus-web3.com/media/latestnews_1000_6004/,plus-web3.com,提携・連携、制度・規制、取扱い・対応,0.0,株式会社Liquid、LIQUID eKYC、マイナンバーカード,75.0,EVT-20251030-02,2025-10-30,done,株式会社Liquidは、JPYC株式会社のステーブルコイン「JPYC」の発行・償還サービス「JPYC EX」において、マイナンバーカードのICチップを用いた公的個人認証（JPKI）機能を提供すると発表した。ユーザーはマイナンバーカードをスマートフォンで読み取ることで、オンラインでのアカウント登録や取引時確認が完結でき、2027年の犯罪収益移転防止法改正にも適合する体制が整えられた。
262.0,2025-10-30 01:00:00,JPYC、フィリピンでのステーブルコイン事業検討を開始──国際通信インフラのIPSと提携(NADA NEWS) - Yahoo!ファイナンス,https://finance.yahoo.co.jp/news/detail/eb5722078a5cb7325d3527791a4d708798b6dbc2,finance.yahoo.co.jp,提携・連携、活用事例,0.0,アイ・ピー・エス（IPS）、InfiniVAN、フィリピン,85.0,EVT-20251028-02,2025-10-28,done,JPYC社は10月28日、フィリピンの通信インフラ企業IPSおよびその子会社InfiniVANと、フィリピンペソ建てステーブルコインの発行・流通と日本円ステーブルコイン「JPYC」のフィリピン国内流通に関する業務提携の基本合意書を締結した。提携は、高い手数料と煩雑な手続きが課題となっているフィリピンの国際送金インフラ改善および金融包摂の推進を目的としている。
265.0,2025-10-30 01:00:00,JPYC、国内初の円建てステーブルコイン発行にLIQUID eKYCのマイナンバーカード認証を採用 2027年犯収法改正に先行対応 - innovaTopia,https://innovatopia.jp/blockchain/blockchain-news/70263/,innovatopia.jp,提携・連携、制度・規制、解説・論説,1.0,株式会社Liquid、LIQUID eKYC、犯罪収益移転防止法,85.0,EVT-20251024-01,2025-10-24,done,JPYC株式会社が国内初の円建てステーブルコイン「JPYC」の発行・償還サービスにおいて、Liquidのマイナンバーカード認証を採用し、2027年の犯罪収益移転防止法改正に先行対応する。JPYC EXでは1円＝1JPYCの比率で発行・償還でき、公的個人認証（JPKI）により厳格な本人確認を実現する。
261.0,2025-10-30 01:00:00,ｉｐｓ、ＪＰＹＣとステーブルコイン事業で業務提携 速報 - kabushiki.jp,https://kabushiki.jp/news/719928,kabushiki.jp,提携・連携,0.0,株式会社アイ・ピー・エス、InfiniVAN、フィリピン,85.0,EVT-20251028-02,2025-10-28,done,ｉｐｓ（マニラのInfiniVANを含む）とJPYCは、ステーブルコイン事業での業務提携に関する基本合意書を締結した。今後、フィリピンペソ建てステーブルコインの発行・流通の共同事業、およびJPYC発行の円建てステーブルコインのフィリピンでの流通に関する共同事業を検討する。
270.0,2025-10-30 14:45:17,日本初の円連動ステーブルコイン「JPYC」、発行額12億円到達 - crypto-times.jp,https://crypto-times.jp/news-jpyc-japans-first-stablecoin-pegged-to-the-japanese-yen-reaches-1-2-billion-yen-in-issuance-volume/,crypto-times.jp,市場・統計、発行・資金,0.0,JPYC株式会社、資金移動業ライセンス、Dune,95.0,EVT-20251024-01,2025-10-24,done,JPYC株式会社は10月27日に日本初の円連動ステーブルコイン「JPYC」の正式発行を開始し、発行額が12億円に到達しました。JPYCは1JPYCが1円の価値を持つように設計され、発行残高の100%以上が日本円の預貯金および国債で保全されています。直近7日間の新規発行額が約6935万円に達するなど、利用者が決済などの多様な用途で活用し始めていることが示唆されています。
271.0,2025-10-31 15:15:00,チェンジホールディングス、日本円ステーブルコイン「JPYC」を活用した地方創生の取り組みを本格推進 - Excite エキサイト,https://www.excite.co.jp/news/article/Prtimes_2025-10-31-84434-44/,excite.co.jp,活用事例、実証実験、提携・連携,0.0,チェンジホールディングス、トラストバンク、ふるさとチョイス、Onwords,92.0,EVT-20251031-01,2025-10-31,done,チェンジホールディングスは、2025年10月27日に発行開始された日本円ステーブルコイン「JPYC」を活用した地方創生の取り組みを本格推進します。ふるさと納税プラットフォーム「ふるさとチョイス」へのステーブルコイン決済導入検討、インバウンド事業における決済ソリューションの実証実験、地域プロジェクト投資基盤の構築検討の3分野で、Web3技術を活用した新たな地域経済循環モデルの創出を目指します。
272.0,2025-10-31 15:44:34,JPYCがクリプタクトに対応し、暗号資産の損益計算がさらに便利に進化する - ニュースメディアVOIX,https://voix.jp/money/cryptocurrency/20297/,voix.jp,取扱い・対応,0.0,クリプタクト、株式会社pafin、Ethereum、Avalanche,85.0,EVT-20251029-01,2025-10-29,done,JPYC株式会社は、株式会社pafinが提供する暗号資産の自動損益計算サービス「クリプタクト」において、日本円建ステーブルコイン「JPYC」の損益計算に対応したことを発表しました。これにより、JPYCを利用するユーザーは確定申告の実務がサポートされ、計算効率が向上します。JPYCは1円＝1 JPYCで発行・償還され、今後EthereumAvalanchePolygonの3つのチェーンで発行される予定です。
273.0,2025-10-31 15:44:59,HashPort Walletリニューアル記念！JPYC1億円プレゼントキャンペーン開催中 - ニュースメディアVOIX,https://voix.jp/money/cryptocurrency/20319/,voix.jp,取扱い・対応、活用事例,0.0,HashPort、HashPort Wallet,72.0,EVT-20251031-02,2025-10-31,done,HashPortは2025年10月31日に「EXPO2025デジタルウォレット」を「HashPort Wallet」にリニューアルし、記念として「JPYC1億円あげちゃうキャンペーン」を実施します。対象期間中にログインしてキャンペーン参加証明書SBTを取得したユーザーに200円相当のJPYCが配布されるほか、Web3を学ぶクイズキャンペーンも同時開催され、参加者にはJPYCが報酬として付与されます。
274.0,2025-10-31 16:00:00,JPYC以外もスゴイ…ゆうちょ・三井住友も参戦「ステーブルコイン実装競争」大解説 ｜FinTech Journal - ビジネス+IT,https://www.sbbit.jp/article/fj/174141,sbbit.jp,制度・規制、競合・市場環境、解説・論説,1.0,金融庁、資金決済法、ゆうちょ銀行、三井住友銀行,45.0,,,done,2023年の改正資金決済法によってステーブルコインは「電子決済手段」として法的に位置付けられ、2025年6月の追加改正では仲介業の新設や信託型ステーブルコインの裏付資産運用ルール緩和などが盛り込まれた。金融庁は2025年7月に暗号資産制度のワーキング・グループを設置し、デジタル資産全般の制度整備に積極的に取り組んでいる。
275.0,2025-10-31 16:00:00,日本円ステーブルコインは“イバラの道”？ JPYCが乗り越えるべき2つの壁：古田拓也「今更聞けないお金とビジネス」 - ITmedia,https://www.itmedia.co.jp/business/articles/2510/31/news070.html,itmedia.co.jp,解説・論説、競合・市場環境,1.0,Circle、USDC、日本銀行、Progmat,75.0,,,done,日本円ステーブルコインのJPYCは2023年の改正資金決済法のもと「電子決済手段」として初めて正式承認されたが、DeFiとの断絶とビジネスモデルの収益性欠如という2つの課題に直面している。JPYCがグローバル市場での米ドルステーブルコイン競争ではなく、為替リスクを回避したい国内事業者向けのニッチな決済手段に特化し、Progmatなどのインフラと接続するハブとして成長することが重要とされている。
276.0,2025-10-31 18:41:17,万博ウォレットがリニューアル、JPYC対応開始＆総額1億円配布へ - CoinPost,https://coinpost.jp/?p=662576,coinpost.jp,取扱い・対応、活用事例,0.0,HashPort Wallet、HashPort、吉田世博,95.0,EVT-20251031-02,2025-10-31,done,大阪・関西万博で使用された「EXPO2025デジタルウォレット」が10月31日に「HashPort Wallet」としてリニューアルされ、日本初の円建てステーブルコインであるJPYCに対応開始した。リニューアルを記念して総額1億円分のJPYCを配布するキャンペーンが展開され、イーサリアムやポリゴンなど複数のブロックチェーンに対応する予定である。
280.0,2025-11-01 01:00:00,EXPOウォレット後継「HashPort Wallet」、JPYC対応で本日誕生 - Yahoo!ニュース,https://news.yahoo.co.jp/articles/7dc799b8df1107325c1bffdea71e984c5500fb02,news.yahoo.co.jp,取扱い・対応、活用事例,0.0,HashPort Wallet、HashPort、吉田世博,85.0,EVT-20251031-02,2025-10-31,done,大阪・関西万博のキャッシュレス決済を支えた「EXPO2025デジタルウォレット」の後継「HashPort Wallet」が31日23時頃に正式にローンチされ、サービス開始当初から日本円ステーブルコイン「JPYC」に対応することが判明した。100万ダウンロードの実績を持つEXPOウォレットの後継がJPYC対応することで、一般利用者が円建てステーブルコインを扱う上でのハードルが大きく下がり、普及に向けた重要な一歩となる可能性がある。
283.0,2025-11-01 01:00:00,JPYC、IPSとMoU締結 フィリピンでステーブルコイン事業展開へ - plus-web3.com,https://plus-web3.com/media/latestnews_1002_6067/,plus-web3.com,提携・連携、解説・論説,1.0,"株式会社アイ・ピー・エス、InfiniVAN, Inc.、フィリピン",85.0,EVT-20251028-02,2025-10-28,done,"JPYC株式会社は10月16日、IPSおよびInfiniVAN, Inc.とフィリピンでのステーブルコイン事業に関するMoUを締結し、フィリピンペソ建てのステーブルコイン発行・流通事業およびJPYCのフィリピン国内での流通に関する共同プロジェクトを検討していく方針を示した。この提携により、ブロックチェーンを基盤とするステーブルコインを活用した安価で迅速な国際送金と、通信インフラを通じた地方の未銀行化層へのアクセスが実現する可能性がある。"
281.0,2025-11-01 01:00:00,GUILD、日本円ステーブルコイン事業支援を開始 JPYC活用で法規制・技術・戦略を一体支援 - plus-web3.com,https://plus-web3.com/media/latestnews_1000_6063/,plus-web3.com,提携・連携、取扱い・対応,0.0,GUILD株式会社、JPYC株式会社、改正資金決済法,85.0,EVT-20251030-01,2025-10-30,done,GUILD株式会社は、日本円ステーブルコイン「JPYC」を活用した新規事業の企画・開発支援サービスを開始した。本サービスは法規制対応、技術実装、事業戦略立案を一体的に支援し、企業がWeb3ビジネスを安全かつ収益性高く立ち上げられるよう支援するものである。
277.0,2025-11-01 01:00:00,ふるさと納税、インバウンド事業に円ステーブルコイン「JPYC」活用──JPYC発行量は9000万に迫る(NADA NEWS) - Yahoo!ファイナンス,https://finance.yahoo.co.jp/news/detail/72f21a4a02003fe78c247b0a1fd61cdaa00007f8,finance.yahoo.co.jp,活用事例、提携・連携、市場・統計,0.0,チェンジホールディングス、トラストバンク、ふるさとチョイス,85.0,EVT-20251031-01,2025-10-31,done,チェンジホールディングスは、日本円ステーブルコイン「JPYC」を活用した新たな取り組みを開始すると発表し、子会社のトラストバンクが運営する「ふるさとチョイス」やインバウンド事業における決済ソリューションでの活用を検討している。ふるさと納税市場が2024年に1兆円を突破し、インバウンド市場の旅行消費額が約8.1兆円を記録する中、クレジットカード決済の手数料削減と収益の国外流出防止を目指している。
282.0,2025-11-01 01:00:00,クリプタクト、JPYC損益計算に対応 Web3ユーザーの税務処理を効率化 - plus-web3.com,https://plus-web3.com/media/latestnews_1000_6064/,plus-web3.com,取扱い・対応、解説・論説,1.0,株式会社pafinクリプタクト、JPYC株式会社,75.0,EVT-20251029-01,2025-10-29,done,株式会社pafinが提供する暗号資産損益計算サービス「クリプタクト」は、日本円建ステーブルコイン「JPYC」の損益計算に正式対応し、ユーザーがJPYCを他の暗号資産と一括管理できるようになった。これにより、従来は個別に計算が必要だった税務処理が簡略化され、Web3ユーザーの税務申告の手間と時間が大幅に削減される見通しである。
278.0,2025-11-01 01:00:00,チェンジホールディングス、日本円ステーブルコイン「JPYC」を活用した地方活性化の新戦略 - ニュースメディアVOIX,https://voix.jp/money/cryptocurrency/20255/,voix.jp,提携・連携、実証実験、活用事例,0.0,チェンジホールディングス、ふるさとチョイス、Onwords,92.0,EVT-20251031-01,2025-10-31,done,チェンジホールディングスは、日本円ステーブルコイン「JPYC」を活用した地方創生の取り組みを本格推進することを発表しました。子会社トラストバンクの「ふるさとチョイス」へのステーブルコイン決済導入検討やOnwordsのインバウンド事業における決済ソリューション実証実験を含め、ブロックチェーン技術を基盤とした新たな経済圏の形成を目指しています。
279.0,2025-11-01 01:00:00,HashPort、HashPort Walletへのリニューアルを記念して「JPYC1億円あげちゃうキャンペーン」を実施 - PR TIMES,https://prtimes.jp/main/html/rd/p/000000150.000046288.html,prtimes.jp,取扱い・対応,0.0,HashPort、HashPort Wallet、EXPO2025デジタルウォレット,75.0,EVT-20251031-02,2025-10-31,done,HashPortは、大阪・関西万博で提供していた「EXPO2025デジタルウォレット」を、ステーブルコインやマルチチェーンに対応した「HashPort Wallet」として2025年10月31日にリニューアルします。リニューアルを記念して、同日より対象期間中にアプリにログインしSBTを取得したユーザー全員に200円相当のJPYCを配布する「JPYC1億円あげちゃうキャンペーン」を実施します。
284.0,2025-11-01 05:05:08,HashPort Walletリニューアルで万博ウォレットが進化｜1億円相当のJPYC配布キャンペーンも実施 - bittimes.net,https://bittimes.net/news/212867.html,bittimes.net,取扱い・対応、活用事例,0.0,HashPort、HashPort Wallet、EXPO2025デジタルウォレット,85.0,EVT-20251031-02,2025-10-31,done,株式会社HashPortは2025年10月31日、「EXPO2025デジタルウォレット」を全面リニューアルし、ステーブルコインおよびマルチチェーンに対応した次世代Web3ウォレット「HashPort Wallet」を提供開始しました。リニューアルを記念して、総額最大1億円相当のJPYCを配布するキャンペーンと毎週100万円分のJPYCを山分けするWeb3クイズキャンペーンを実施しています。
285.0,2025-11-01 09:50:33,チェンジHD、JPYCで地方創生へ ふるさと納税・インバウンド決済に円ステーブルコイン導入検討 - CoinPost,https://coinpost.jp/?p=662740,coinpost.jp,活用事例、実証実験、提携・連携,0.0,チェンジホールディングス、トラストバンク、ふるさとチョイス、Onwords,95.0,EVT-20251031-01,2025-10-31,done,チェンジホールディングスは、日本円ステーブルコイン「JPYC」を活用した地方創生の取り組みを開始し、子会社のトラストバンクが運営するふるさと納税サイト「ふるさとチョイス」でのステーブルコイン決済導入検討、およびOnwordsが展開するインバウンド事業での決済実証実験を軸に進める。さらに、JPYCを活用した地域プロジェクトへの投資・支援スキームの構築も検討していく。
286.0,2025-11-01 19:10:00,GUILD株式会社、日本円ステーブルコイン「JPYC」を活用した事業の企画・開発支援サービスを提供開始 - Excite エキサイト,https://www.excite.co.jp/news/article/Prtimes_2025-11-01-103459-26/,excite.co.jp,提携・連携、取扱い・対応,0.0,GUILD株式会社、小宮滉、資金決済法,85.0,EVT-20251030-01,2025-10-30,done,GUILD株式会社は、日本円ステーブルコイン「JPYC」を活用した新規事業の立ち上げと既存事業への導入を支援するコンサルティング・開発サービスを開始しました。規制・法務、戦略・収益、技術実装の「3つの壁」に対し、事業戦略立案から法規制対応、システム開発までをワンストップで支援します。
287.0,2025-11-02 11:00:08,週刊仮想通貨ニュース｜Bybitの日本人新規登録停止や日本初のステーブルコインJPYC始動に高い関心 - CoinPost,https://coinpost.jp/?p=662727,coinpost.jp,発行・資金、取扱い・対応、提携・連携、市場・統計,0.0,CoinPost、岡部典孝、Secured Finance、SBIホールディングス,45.0,EVT-20251024-01,2025-10-24,done,この週のニュースで最も関心を集めたのは、日本初のステーブルコインJPYCが10月27日午後1時に正式発行を開始したこと、SBIインシュアランスグループが株主優待制度にXRPを導入すること、そしてBybitが日本人の新規登録を10月31日午後9時から停止することである。
288.0,2025-11-02 15:55:28,HashPort WalletがJPYC対応でリニューアル、1億円キャンペーン始動 - innovaTopia,https://innovatopia.jp/blockchain/blockchain-news/70567/,innovatopia.jp,取扱い・対応、解説・論説,1.0,HashPort、HashPort Wallet、EXPO2025デジタルウォレット,95.0,EVT-20251031-02,2025-10-31,done,株式会社HashPortは2025年10月31日に「EXPO2025デジタルウォレット」を「HashPort Wallet」にリニューアルし、ステーブルコインとマルチチェーンに対応しました。リニューアル記念として「JPYC1億円あげちゃうキャンペーン」を実施し、2025年10月31日から11月30日までの期間中にHashPort Walletへログインしキャンペーン参加証明書SBTを取得した全員に200円相当のJPYCを配布します。
289.0,2025-11-02 19:16:22,【速報】JPYC、発行量1億に到達 - NADA NEWS,https://www.nadanews.com/322108/,nadanews.com,市場・統計,0.0,Ethereum、Polygon、Avalanche,85.0,EVT-20251102-01,2025-11-02,done,国内初の日本円建てステーブルコイン「JPYC」の発行量が11月2日に1億JPYCを突破し、同日19時時点での総発行量は1億1503万6444JPYCとなった。10月27日の発行開始から7日での到達であり、現在イーサリアム、ポリゴン、アバランチの3つのブロックチェーン上で発行されている。
290.0,2025-11-02 19:51:18,日本初ステーブルコイン「JPYC」、発行額が1億円突破、リリース後6日で - あたらしい経済,https://www.neweconomy.jp/posts/511975,neweconomy.jp,市場・統計、発行・資金,0.0,JPYC EX、JPYC Analytics、資金移動業者,95.0,EVT-20251102-01,2025-11-02,done,日本初のステーブルコイン「JPYC」は、10月27日の正式リリースから6日後の11月2日に発行額が1億円を突破した。JPYCはイーサリアム、アバランチ、ポリゴンの3つのブロックチェーンで発行されており、JPYC EXプラットフォームを通じて日本円との1：1交換が可能である。
291.0,2025-11-03 01:00:00,チェンジHDが日本円ステーブルコインで地方創生を加速──JPYC活用の3つの実験 - innovaTopia,https://innovatopia.jp/blockchain/blockchain-news/70573/,innovatopia.jp,活用事例、実証実験、提携・連携、解説・論説,1.0,チェンジホールディングス、トラストバンク、ふるさとチョイス、Onwords,95.0,EVT-20251031-01,2025-10-31,done,株式会社チェンジホールディングスは、2025年10月31日より日本円ステーブルコイン「JPYC」を活用した地方創生に取り組むと発表した。ふるさとチョイスへのステーブルコイン決済導入検討、インバウンド決済ソリューションの実証実験、地域プロジェクト投資基盤の構築検討の3つの分野で実験を進める。クレジットカード決済の高額手数料を削減し、ふるさと納税市場（2024年に1兆円突破）やインバウンド旅行消費（2024年に約8.1兆円）といった日本経済の重要領域におけるブロックチェーン技術の実用化を実現する取り組みである。
292.0,2025-11-03 06:10:19,チェンジHD、ふるさと納税にステーブルコイン「JPYC」導入検討｜インバウンド決済で地方創生へ - bittimes.net,https://bittimes.net/news/212892.html,bittimes.net,活用事例、実証実験、提携・連携,0.0,チェンジホールディングス、ふるさとチョイス、トラストバンク、Onwords,85.0,EVT-20251031-01,2025-10-31,done,チェンジホールディングスは2025年10月31日、日本円ステーブルコイン「JPYC」を活用した地方創生の取り組みを開始すると発表しました。「ふるさとチョイス」へのステーブルコイン決済導入検討とインバウンド事業における実証実験を軸に、ふるさと納税市場の拡大やインバウンド消費の増加に対応し、ブロックチェーン技術を活用して地域経済への資金循環を促進することを目指しています。
293.0,2025-11-03 15:18:55,日本初の円建てステーブルコインJPYC、発行7日で1億円突破 - Cryptonews,https://cryptonews.com/jp/news/japan-jpyc-stablecoin-rapid-growth-milestone/,cryptonews.com,市場・統計、取扱い・対応,0.0,JPYC株式会社、岡部典孝、ポリゴン、アバランチ,95.0,EVT-20251102-01,2025-11-02,done,日本初の円建てステーブルコインJPYCは、10月27日の発行開始から7日間で発行量が1億円を突破し、イーサリアム、ポリゴン、アバランチの3ブロックチェーンで展開している。JPYCは資金決済法に基づく電子決済手段として、1JPYCが常に1円の価値を保つよう日本円の預貯金と国債で100%以上の裏付けが行われており、ノンカストディ型で手数料無料の送金を実現し、同社は3年で10兆円規模の発行残高を目標としている。
294.0,2025-11-04 02:00:00,円建てステーブルコインの本当の用途「オンチェーン・キャリートレード」──DeFiの新たな資金源に - Yahoo!ニュース,https://news.yahoo.co.jp/articles/e6f05f82ce9164a44af630c5a2322b4ce2a2a967,news.yahoo.co.jp,解説・論説、競合・市場環境,1.0,DeFi、Maple、Lista,75.0,EVT-20251024-01,2025-10-24,done,10月27日に発行された円建てステーブルコイン「JPYC」は、日本円の高い交換性を活かし、低金利の円をDeFiに持ち込んでドル建て資産で高利回りを追求する「オンチェーン・キャリートレード」を可能にする。DeFiLlamaのデータではMaple、Lista、Stream Financeなどが年率6〜14％のリターンを提示しており、日本の超低金利との大きな利回り差を利用できるが、現在JPYCは1日あたり100万円の発行上限があり、市場を動かす規模には至っていない。
295.0,2025-11-04 02:00:00,DeFiの荒野に恐る恐る第一歩──「Hashport Wallet」ファーストインプレッション - NADA NEWS,https://www.nadanews.com/322118/,nadanews.com,取扱い・対応、解説・論説,1.0,HashPort Wallet、JPYC EX、EXPO2025デジタルウォレット,45.0,EVT-20251031-02,2025-10-31,done,「EXPO2025デジタルウォレット」からアップデートされた「HashPort Wallet」について、DeFi機能の充実による利便性の向上と複雑性が報告されている。ログイン、ホーム画面、ウォレット、EXPO、DAppsなどのメニュー機能が実装され、JPYC交換やミャクペ！などのサービスが統合されているが、初心者にとっては資産表示の誤差やチェーン切り替えなど理解が難しい点があることが述べられている。
296.0,2025-11-04 17:42:11,【2026年最新】JPYCはどこで買える？購入方法・手順をわかりやすく解説 - CoinChoice,https://coinchoice.net/jpyc-buy-guide/,coinchoice.net,解説・論説,1.0,JPYC EX、MetaMask、マイナンバーカード,45.0,,,done,JPYCは1JPYC＝1円で価値が固定された日本円連動のステーブルコインで、2025年10月から資金決済法上の「電子決済手段」として正式発行が開始されました。購入はJPYC公式プラットフォーム「JPYC EX」から銀行振込のみで可能であり、コインチェックなどの取引所では現在取り扱いがなく、本人確認完了後は最短当日中に発行を受けられます。
297.0,2025-11-05 02:00:00,次世代クレカ「Nudge」、日経トレンディ 2026年ヒット予測にダブル掲載！ - PR TIMES,https://prtimes.jp/main/html/rd/p/000000271.000073456.html,prtimes.jp,取扱い・対応,0.0,ナッジ株式会社、Nudge、日経トレンディ,65.0,EVT-20251027-02,2025-10-27,done,ナッジ株式会社が提供する次世代クレジットカード「Nudge」は、日経トレンディの「2026年ヒット予測」で、円建ステーブルコイン「JPYC」の活用シーンを拡大するサービスとして第9位にランクインし、また「推し活クレカ」として業界別予測マネー部門に選出されました。ナッジカードはガチャやNFT活用のデジタル特典、および利用額の一部をユーザーが選んだ推し（クラブ）に還元できる仕組みなど、推し活を支援する機能が評価されています。
298.0,2025-11-05 15:59:36,JPYC、発行額1億円突破 国内ステーブルコイン市場に新潮流 - PlusWeb3,https://plus-web3.com/media/latestnews_1000_6124_2/,plus-web3.com,市場・統計、解説・論説,1.0,JPYC EX、資金移動業者、ポリゴン,95.0,EVT-20251102-01,2025-11-02,done,JPYC社が発行する日本円建てステーブルコイン「JPYC」は、10月27日の正式リリースから6日後の11月2日に発行額1億円を突破し、イーサリアム、アバランチ、ポリゴンの3つのブロックチェーンで利用が拡大している。JPYCは資金決済法に基づいて登録された資金移動業者により、日本円との1：1交換が保証され、ブロックチェーン上での24時間送金・決済を可能にすることで、国内デジタル決済の新たな手段として期待されている。
301.0,2025-11-06 02:00:00,Fracton Ventures主催のJPYC DeFi Showcaseで日本円建ステーブルコインの新たな可能性を探る - ニュースメディアVOIX,https://voix.jp/money/cryptocurrency/20768/,voix.jp,提携・連携,0.0,Fracton Ventures、JPYC DeFi Showcase,85.0,EVT-20251106-01,2025-11-06,done,Fracton Ventures株式会社は、日本初の日本円建ステーブルコイン「JPYC」を活用したDeFiプロトコル特化イベント「JPYC DeFi Showcase」を2025年11月10日にオンラインで開催する。イベントではCrypto/Web3スタートアップによるDeFiプロトコルの紹介が行われ、JPYCを活用したプロトコル開発チームも募集中である。
299.0,2025-11-06 02:00:00,日本円建ステーブルコイン「JPYC」で広がるオープン金融 — Fracton Venturesが、JPYCを活用したDeFiプロトコル特化イベント「JPYC DeFi Showcase」を開催 - PR TIMES,https://prtimes.jp/main/html/rd/p/000000037.000074402.html,prtimes.jp,実証実験、提携・連携,0.0,Fracton Ventures、JPYC DeFi Showcase、DeFiプロトコル,75.0,EVT-20251106-01,2025-11-06,done,Fracton Venturesは、JPYC株式会社の協賛のもと、日本円建ステーブルコイン「JPYC」を活用するDeFiプロトコルに焦点を当てたイベント「JPYC DeFi Showcase」を2025年11月10日にオンライン開催する。本イベントでは、Crypto/Web3スタートアップによるDeFiプロトコルを紹介し、JPYCを活用したブロックチェーン上の新たな金融インフラの可能性を発信するもので、現在プロトコル開発チームの登壇者を募集中である。
300.0,2025-11-06 02:00:00,JPYCリリース記念、N Suite 3ヶ月無料トライアルキャンペーン実施のお知らせ - PR TIMES,https://prtimes.jp/main/html/rd/p/000000200.000034671.html,prtimes.jp,取扱い・対応,0.0,double jump.tokyo、N Suite,65.0,EVT-20251024-01,2025-10-24,done,double jump.tokyo株式会社は、ステーブルコイン「JPYC」のリリースを記念して、企業向け分散管理型ウォレット「N Suite」のステーブルコインプランを2025年11月5日から2026年2月5日まで3ヶ月間無料で提供するキャンペーンを実施する。本キャンペーンは日本国内の企業・組織・団体を対象とし、ユーザー数上限10人、Ethereum、Polygon、Avalanche、Solanaに対応し、受取・送金等の機能が利用できる。
302.0,2025-11-06 03:24:23,JPYCリリース記念「N Suite」3か月無料トライアル開始｜国内法人のステーブルコイン運用を支援 - bittimes.net,https://bittimes.net/news/213059.html,bittimes.net,取扱い・対応、提携・連携,0.0,double jump.tokyo株式会社、N Suite、MPC（Multi-Party Computation）ウォレット,75.0,EVT-20251106-02,2025-11-06,done,double jump.tokyo株式会社は、日本円建てステーブルコイン「JPYC」のリリースを記念し、法人向けウォレット「N Suite」の3か月無料トライアルキャンペーンを2025年2月5日まで実施します。キャンペーンは国内企業を対象とし、ワークフロー機能やMPCウォレットなどの安全な資産管理機能を備えたN Suiteをステーブルコイン運用に活用できます。
303.0,2025-11-06 10:38:57,HashPort Walletが正式リニューアル 記念キャンペーンでJPYC1億円配布 - plus-web3.com,https://plus-web3.com/media/latestnews_1002_6127/,plus-web3.com,取扱い・対応、市場・統計、解説・論説,1.0,HashPort Wallet、EXPO2025デジタルウォレット、HashPort株式会社,85.0,EVT-20251031-02,2025-10-31,done,株式会社HashPortは2025年10月31日に万博向けアプリ「EXPO2025デジタルウォレット」を「HashPort Wallet」として正式リニューアルし、リニューアル記念として総額1億円相当のステーブルコインJPYCを配布するキャンペーンを開始した。キャンペーン期間は10月31日から11月30日までで、アプリにログインして参加証明書SBTを取得することで、先着50万人は200円相当のJPYCを受け取れる。
304.0,2025-11-07 17:00:00,金融庁が“ステーブルコイン実証実験”を支援へ（2025年11月7日掲載）｜日テレNEWS NNN - 日テレNEWS NNN,https://news.ntv.co.jp/category/economy/067e572ffeab42c08c56a835adc08096,news.ntv.co.jp,実証実験、制度・規制、競合・市場環境,0.0,金融庁、みずほ銀行、三菱UFJ銀行、三井住友銀行,45.0,EVT-20251107-01,2025-11-07,done,金融庁は、みずほ銀行、三菱UFJ銀行、三井住友銀行などが検討している「ステーブルコイン」の共同発行に向けた実証実験の支援を行うと発表しました。金融庁は、海外送金などでの利用者保護が十分に対応できるかなどを検証し、ブロックチェーン技術を活用した高度な電子決済を推進する「決済高度化プロジェクト」の初めての案件として支援します。
305.0,2025-11-07 18:00:00,ステーブルコイン実用段階へ 3メガバンク・JPYC、ドル建て一強に風穴 - 日本経済新聞,https://www.nikkei.com/article/DGXZQOUB301EF0Q5A031C2000000/,nikkei.com,実証実験、競合・市場環境,0.0,三菱UFJ銀行、金融庁、ドル建てステーブルコイン,65.0,EVT-20251107-01,2025-11-07,done,三菱UFJ銀行など3メガバンクは円建てステーブルコインの共同発行に向けた実証実験を開始し、フィンテック企業JPYCによる「JPYC」も10月末に発行が始まった。ドル建てステーブルコインが海外で広がる中、円建てのデジタル決済網の構築を進めている。
306.0,2025-11-08 02:00:00,円建てステーブルコイン実用段階、ドル建て1強に風穴 3メガ・JPYCの2陣営に 越境送金へ弾み - 日本経済新聞,https://www.nikkei.com/article/DGKKZO92470240X01C25A1EA2000/,nikkei.com,市場・統計、競合・市場環境、実証実験,0.0,3メガバンク、JPYC、金融庁,75.0,EVT-20251107-01,2025-11-07,done,3メガバンクが円建てステーブルコインの共同発行に向けた実証実験を開始し、10月にはJPYC（東京・千代田）による「JPYC」の発行が始まった。ドル建てステーブルコインが主流の中、日本でも円建てステーブルコインが実用段階に入り、時間や場所の制約なく低コストで送金が可能となってきた。
307.0,2025-11-09 18:40:00,JPYCリリース記念、N Suite 3ヶ月無料トライアルキャンペーン実施のお知らせ - Excite エキサイト,https://www.excite.co.jp/news/article/Prtimes_2025-11-09-34671-200/,excite.co.jp,取扱い・対応,0.0,double jump.tokyo株式会社、N Suite、JPYCリリース記念キャンペーン,65.0,EVT-20251106-02,2025-11-06,done,double jump.tokyo株式会社は、ステーブルコイン「JPYC」のリリースを記念して、企業向け分散管理型ウォレット「N Suite」の3ヶ月無料トライアルキャンペーンを2025年11月5日から2026年2月5日まで実施します。日本国内の企業・組織・団体を対象に、ユーザー数10人まで、Ethereum、Polygon、Avalanche、Solanaに対応したステーブルコインプランの機能を無料で提供いたします。
309.0,2025-11-10 17:00:00,漫画投稿プラットフォーム「comilio（コミリオ）」、JPYC決済に対応開始 - PR TIMES,https://prtimes.jp/main/html/rd/p/000000018.000137837.html,prtimes.jp,取扱い・対応,0.0,comilio、株式会社ユーツーテック、comilio PAY,85.0,EVT-20251110-02,2025-11-10,done,株式会社ユーツーテックが運営する漫画投稿プラットフォーム「comilio」は、2025年11月10日より日本第1号のステーブルコイン「JPYC」による決済に対応開始し、comilioポイントのチャージや漫画購入、ファンクラブ課金がJPYCで可能になった。これにより国内外のファンがより手軽にクリエイターを支援でき、海外への送金も即時・低コストで実現できるようになる。
308.0,2025-11-10 17:00:00,発行・償還プラットフォーム「JPYC EX」の累計口座開設数が6000件を突破 | JPYC株式会社のプレスリリース - PR TIMES,https://prtimes.jp/main/html/rd/p/000000288.000054018.html,prtimes.jp,活用事例、市場・統計,0.0,JPYC EX、HashPort Wallet、岡部典孝,85.0,EVT-20251110-01,2025-11-10,done,"JPYC株式会社は、2025年10月27日に開始した国内初の日本円建ステーブルコイン「JPYC」の発行・償還プラットフォーム「JPYC EX」の累計口座開設数が6,000件に到達したことを発表した。JPYCは日本円と1:1で交換可能な電子決済手段であり、発行残高の100%以上を日本円と国債で保全している。同社は今後3年で10兆円規模の発行残高を実現することを目指している。"
313.0,2025-11-11 02:00:00,comilio（コミリオ）がJPYC決済対応開始、漫画購入がさらに便利に進化したこと - ニュースメディアVOIX,https://voix.jp/biz/news/155993/,voix.jp,活用事例、取扱い・対応,0.0,comilio、株式会社ユーツーテック,75.0,EVT-20251110-02,2025-11-10,done,株式会社ユーツーテックが運営する漫画投稿プラットフォーム「comilio」は、2025年11月より日本初のステーブルコイン「JPYC」による決済に対応することを発表しました。ユーザーはJPYCを利用してcomilioポイントをチャージし、漫画購入やファンクラブ課金がスムーズに行えるようになります。この導入により、国内外のファンがより手軽にクリエイターを支援できる環境が整い、漫画文化の発展が期待されています。
312.0,2025-11-11 02:00:00,JPYC株式会社の発行・償還プラットフォーム「JPYC EX」が口座開設数6000件を達成した理由 - ニュースメディアVOIX,https://voix.jp/money/cryptocurrency/21169/,voix.jp,市場・統計、取扱い・対応,0.0,JPYC EX、HashPort Wallet、EXPO2025デジタルウォレット,85.0,EVT-20251110-01,2025-11-10,done,"JPYC株式会社は2025年10月27日に開始した国内初の日本円建ステーブルコイン発行・償還サービス「JPYC EX」の口座開設数が6,000件に達したと発表しました。JPYCは日本円と1対1で交換可能で、ブロックチェーンを利用した低コスト・高速な送金を提供し、あらゆる事業者が自由に利用できるオープンな金融インフラとして設計されています。"
310.0,2025-11-11 02:00:00,デジタルプラットフォーマー、アジア最大級のオープンイノベーションイベント「イノベーションリーダーズサミット（ILS）2025」に登壇 - PR TIMES,https://prtimes.jp/main/html/rd/p/000000056.000059855.html,prtimes.jp,提携・連携,0.0,デジタルプラットフォーマー株式会社、JPYC株式会社、Circle、イノベーションリーダーズサミット（ILS）2025,45.0,,,done,デジタルプラットフォーマー株式会社のCEO松田一敬は、2025年12月1日に開催される「イノベーションリーダーズサミット（ILS）2025」において、ステーブルコインとトークン化預金をテーマとしたセッションに登壇する。本セッションではUSDCやJPYCなどの発行主体やメディア、技術事業者が参加し、デジタル通貨の規制・実装・エコシステムの展望について議論する。
311.0,2025-11-11 02:00:00,日本円ステーブルコイン「JPYC」の発行開始を背景に、「通貨の新時代」をテーマとした金融カンファレンス「MoneyX（マネーエックス）」開催決定 - PR TIMES,https://prtimes.jp/main/html/rd/p/000000289.000054018.html,prtimes.jp,提携・連携,0.0,WebX実行委員会、Progmat、SBIホールディングス、CoinPost,65.0,EVT-20251111-01,2025-11-11,done,JPYC株式会社は、日本円ステーブルコイン「JPYC」の発行開始を背景に、「通貨の新時代」をテーマとした金融カンファレンス「MoneyX」を2026年2月27日に東京都内で開催することを決定しました。本カンファレンスは、改正資金決済法の施行により制度化されたステーブルコインやトークン預金が、社会や産業、文化の中でどのように流通・活用されていくかに焦点を当てるもので、WebX実行委員会、Progmat、SBIホールディングス、CoinPostと共同で企画・運営を担当します。
314.0,2025-11-11 11:42:09,ポリゴン（POL）の買い方｜ガス代用途とおすすめ取引所【2026年】 - CoinPost,https://coinpost.jp/crypto/polygon/,coinpost.jp,解説・論説,1.0,Polygon、bitbank、MetaMask,25.0,,,done,Polygon（ポリゴン）はイーサリアムのスケーリングソリューションであり、JPYCなどのステーブルコインやDeFi・NFT・ゲームで採用されています。ポリゴンチェーン上での送金やDeFi利用時には、ネットワーク手数料としてPOLトークンが必要です。POLは2024年9月にMATICからアップグレードされ、ガス代・ステーキング・dApp利用など複数の用途があります。
315.0,2025-11-11 14:45:33,"国内初の円ステーブルコイン「JPYC」発行・償還サービス、口座開設数6,000件に - あたらしい経済",https://www.neweconomy.jp/posts/514684,neweconomy.jp,市場・統計、取扱い・対応,0.0,JPYC EX、JPYC社、JPYC Analytics,85.0,EVT-20251110-01,2025-11-10,done,"国内初の円ステーブルコイン「JPYC」の発行・償還サービス「JPYC EX」の口座開設数が、10月27日の開始より10日で6,000件に到達した。JPYCは日本円と1：1で交換可能であり、裏付け資産は日本円（預貯金および国債）で保全されている。JPYC社は資金移動業者（第二種）として登録されており、同サービスの利用は1回3,000円以上、1日100万円までの制限がある。"
316.0,2025-11-11 17:00:00,日本のステーブルコイン、メガバンクvs.スタートアップの構図に？ - ASCII.jp,https://ascii.jp/limit/group/ida/elem/000/004/350/4350524/,ascii.jp,競合・市場環境、実証実験、解説・論説,1.0,金融庁、みずほ銀行、三菱UFJ銀行、三井住友銀行,75.0,EVT-20251107-01,2025-11-07,done,金融庁は2025年11月7日、みずほ銀行、三菱UFJ銀行、三井住友銀行の3メガバンクによる円建てステーブルコインの共同発行を支援すると発表した。一方、スタートアップのJPYC社は10月27日にJPYCの発行を開始し、11月9日時点で発行額は1億3000万円を超えている。3メガバンク系と既に流通が始まっているスタートアップ系のステーブルコインが競合する構図となっている。
317.0,2025-11-11 17:43:57,Pontaポイントをステーブルコインに交換 KDDIとHashPort - Impress Watch,https://www.watch.impress.co.jp/docs/news/2062362.html,watch.impress.co.jp,提携・連携、取扱い・対応、活用事例,0.0,KDDI、HashPort、Pontaポイント,75.0,EVT-20251111-02,2025-11-11,done,KDDIとHashPortは12月1日から、HashPort Wallet内でPontaポイントをステーブルコインや暗号資産に交換できるサービスを提供開始する。また、ステーブルコイン・暗号資産からau PAY ギフトカードへの交換も可能となり、取得したギフトカードはau PAY マネーライトへのチャージが可能である。
318.0,2025-11-12 02:00:00,KDDI、Pontaポイントをステーブルコインに交換可能へ──HashPortと提携と日経報道 - NADA NEWS,https://www.nadanews.com/323501/,nadanews.com,提携・連携、活用事例,0.0,KDDI、HashPort、Pontaポイント,85.0,EVT-20251111-02,2025-11-11,done,KDDIはHashPortとの資本業務提携により、共通ポイント「Ponta」をステーブルコインに交換できるサービスを年内にも開始する計画である。利用者はHashPort Walletを介してPontaポイントをステーブルコインに交換し、au PAYにチャージすることで、1億2000万人以上のPonta会員がステーブルコインを日々の決済に利用できるようになる予定だ。
319.0,2025-11-12 02:00:00,ステーブルコインの進化と企業オペレーションの再設計──JPYCが拓くWeb3実装（講師：JPYC 岡部典孝）11/19 19:30〜 @幻冬舎 - あたらしい経済,https://www.neweconomy.jp/features/wbh/514561,neweconomy.jp,解説・論説,1.0,岡部典孝、Web3 Business Hub、幻冬舎,65.0,EVT-20251112-01,2025-11-12,done,「あたらしい経済」とKudasaiJPが共同運営するWeb3 Business Hubは、2025年11月19日にJPYC株式会社代表取締役の岡部典孝氏を講師として招き、日本円連動ステーブルコインJPYCが企業オペレーション再設計のインフラとしてどのような役割を果たすかについてのセミナーを開催します。本セミナーではスマートコントラクトの持続可能性、ガスレス署名によるB2B送金自動化、マルチチェーン統一アドレスによるグローバル運用最適化、JGB利回りモデルなど、実装・業務統合・財務運用の観点からステーブルコインの社会的・事業的意義が掘り下げられます。
320.0,2025-11-12 02:00:00,HashPort、KDDIと資本業務提携──12月からHashPort WalletとPonta・au PAYが連携 - NADA NEWS,https://www.nadanews.com/323641/,nadanews.com,提携・連携、取扱い・対応,0.0,HashPort、KDDI、Pontaポイント、au PAY,65.0,EVT-20251111-02,2025-11-11,done,Web3ウォレット開発のHashPortはKDDIとの資本業務提携を発表し、KDDIが発行済株式の20％超を取得した。12月1日からHashPort Wallet内でPontaポイントをステーブルコインや暗号資産に交換でき、さらにそれらをau PAYギフトカードに交換してau PAYにチャージできるサービスが開始される。
321.0,2025-11-12 17:00:00,株式会社タスキホールディングス、日本円ステーブルコイン『JPYC』を活用した不動産価値流通の取り組みを本格化 - PR TIMES,https://prtimes.jp/main/html/rd/p/000000146.000051940.html,prtimes.jp,活用事例、提携・連携,0.0,株式会社タスキホールディングス、不動産クラウドファンディング、ブロックチェーン技術,85.0,EVT-20251112-02,2025-11-12,done,株式会社タスキホールディングスは、Web3技術の社会実装を推進する一環として、日本円ステーブルコイン『JPYC』を活用した新たな不動産クラウドファンディング出資サービスの検討を開始しました。本取り組みは、ブロックチェーン技術を基盤とした透明性の高い資金管理と投資家の利便性向上を目的としており、即時決済や低コスト送金、スマートコントラクトとの組み合わせによる信頼性向上、ならびにブロックチェーン技術を活用した二次流通の促進を検討しています。
322.0,2025-11-13 17:00:00,ステーブルコインは日本の９兆ドルの債券市場における中央銀行の需要に取って代わる可能性がある - SBI VCトレード,https://www.sbivc.co.jp/market-report/crypto/6zpUv5RBOEy8HNAjSgZgEcGBfuhAKXW7R38GwlQy,sbivc.co.jp,発行・資金、解説・論説、市場・統計,1.0,SBI VCトレード、日本銀行、岡部紀孝、金融庁,75.0,EVT-20251113-01,2025-11-13,done,日本初の円建てステーブルコインであるJPYCは、債券購入を縮小している日本銀行に代わり、9兆ドルの日本国債市場における主要な保有者となる可能性がある。JPYCは収益の80％を国債に投資する予定であり、今後3年以内に10兆円の流通量を目標としている。
323.0,2025-11-13 23:37:51,日本円ステーブルコイン「JPYC」、発行額2億円＆ホルダー1.6万人突破 - crypto-times.jp,https://crypto-times.jp/news-japanese-yen-stablecoin-jpyc-issues-200-million-yen-and-exceeds-16000-holders/,crypto-times.jp,市場・統計,0.0,JPYC株式会社、岡部典孝,75.0,EVT-20251113-02,2025-11-13,done,JPYC株式会社が発行する日本円ステーブルコインJPYCの累計発行額が2億円を突破し、ホルダー数が1万6千人を超えました。JPYCは1円の価値を保つよう設計され、銀行を介さずに24時間365日送金・決済が可能で、手数料が安価または無料になる場合があります。
325.0,2025-11-14 02:00:00,日本のステーブルコインJPYC、国債市場の“新たな買い手”に？「日銀の空白を埋める可能性」 - abc株式会社,https://www.gfa.co.jp/crypto/news/market-news/news-2364/,gfa.co.jp,市場・統計、解説・論説、提携・連携,1.0,岡部典孝、金融庁、Payment Innovation Project,85.0,EVT-20251113-01,2025-11-13,done,日本初の円ステーブルコイン発行企業JPYCは、発行額の80％を日本国債に投資する方針を示し、日銀の国債購入縮小に伴う市場の空白を埋める新たな買い手となる可能性がある。JPYCは3年以内に発行額を660億ドル（約10兆円）規模に拡大する目標を掲げており、これが実現すればステーブルコイン企業が国債市場で無視できない存在になる可能性がある。
328.0,2025-11-14 02:00:00,TISがステーブルコイン決済基盤の導入支援 フィンテック新興JPYCと - 日本経済新聞,https://www.nikkei.com/article/DGXZQOUC1188X0R11C25A1000000/,nikkei.com,提携・連携、活用事例,0.0,TIS、JPYC株式会社、ステーブルコイン決済基盤,75.0,EVT-20251114-01,2025-11-14,done,システム開発のTISとフィンテック企業JPYCは、ステーブルコインの普及に向けた事業を共同で進めることで合意し、ステーブルコイン決済システムの開発・導入支援や実証実験を実施していく。企業の既存システムにステーブルコイン決済基盤を導入する支援を共同で手掛ける計画である。
324.0,2025-11-14 02:00:00,CAICA DIGITALのステーブルコイン事業とJPYC提携の最新動向【2025年版】 - CoinChoice,https://coinchoice.net/caica-digital-jpyc-2025/,coinchoice.net,提携・連携、制度・規制、取扱い・対応、解説・論説,1.0,CAICA DIGITAL、Zaif INO、改正資金決済法、JPYC EX,75.0,EVT-20251110-01,2025-11-10,done,"CAICA DIGITALは日本円ステーブルコイン「JPYC」との連携を軸にWeb3領域のデジタル金融事業を推進しており、2025年8月18日にJPYC株式会社が資金移動業者として登録されたことで、国内で円建てステーブルコイン「JPYC」を正式に発行・償還できる枠組みが整いました。2025年10月以降、発行・償還プラットフォーム「JPYC EX」の口座開設が進み、累計6,000件超となっており、Zaif INOにおけるJPYC決済実装が現実化しています。"
329.0,2025-11-14 02:00:00,JPYCホルダー数が1日で約6.6倍に急増、3万人突破 - Yahoo!ニュース,https://news.yahoo.co.jp/articles/ba31e4332f88ee1e07f3d0ad8c877bd382b1a93c,news.yahoo.co.jp,市場・統計、取扱い・対応,0.0,HashPort、Polygon、吉田世博,85.0,EVT-20251031-02,2025-10-31,done,"日本円連dynamicステーブルコイン「JPYC」のホルダー数が3万人を突破し、11月13日午前10時半時点で31,090人に達した。この急増はPolygonネットワーク上で11日の3,249人から29,585人へと1日で約6.6倍に増加したもので、HashPortが実施した「JPYC1億円あげちゃうキャンペーン」および「Web3毎日クイズ」の報酬として25,182名に対するエアドロップが背景にある。"
330.0,2025-11-14 02:00:00,国産ステーブルコインJPYC、保有者数3万人突破｜1日で6.6倍に急増 - CryptoDnes.bg,https://cryptodnes.bg/jp/japan-stablecoin-jpyc-holders-over-30000/,cryptodnes.bg,市場・統計、活用事例,0.0,HashPort、Polygon、HashPort Wallet,75.0,EVT-20251031-02,2025-10-31,done,"日本円連dinamicステーブルコイン「JPYC」のホルダー数が3万人を突破し、11月13日午前10時半時点で31,090人に達した。この急増はPolygonネットワーク上のホルダーが11日の3,249人から29,585人へと1日で約6.6倍に増加したことが主な要因で、HashPortが実施した「JPYC1億円あげちゃうキャンペーン」および「Web3毎日クイズ」の報酬として25,182名へのエアドロップが背景にある。"
327.0,2025-11-14 02:00:00,JPYCホルダー数が1日で約6.6倍に急増、3万人突破 - NADA NEWS,https://www.nadanews.com/323933/,nadanews.com,市場・統計,0.0,HashPort、Polygon、HashPort Wallet,75.0,EVT-20251031-02,2025-10-31,done,"日本円連dong型ステーブルコイン「JPYC」のホルダー数が3万人を突破し、11月13日午前10時半時点で31,090人に達した。この急増はPolygonネットワーク上のホルダー数が11日の3,249人から29,585人へと大幅に増加したためで、1日で約6.6倍の増加を記録している。背景にはHashPortが「JPYC1億円あげちゃうキャンペーン」と「Web3毎日クイズ」の報酬として25,182名にJPYCをエアドロップしたことがある。"
326.0,2025-11-14 02:00:00,円建てJPYC、日本国債の新たな購入者に 日銀の穴埋め役として期待も＝報道 - CoinPost,https://coinpost.jp/?p=665842,coinpost.jp,発行・資金、市場・統計,0.0,岡部典孝、ロイター通信、日本銀行、みずほ銀行,78.0,EVT-20251113-02,2025-11-13,done,JPYC株式会社の岡部典孝代表取締役は、円建てステーブルコイン「JPYC」の準備金が日本国債の新たな購入者となり、日銀の国債購入縮小に伴う穴を埋める可能性があると述べた。JPYCは将来的に約8割を日本国債、約2割を信託預金で保持することを想定しており、同社は今後3年間で10兆円相当のJPYC発行を目指している。
331.0,2025-11-14 04:00:00,円連動のステーブルコイン「JPYC」を買ってみた カード支払いにも - 日本経済新聞,https://www.nikkei.com/article/DGXZQOUB135M90T11C25A1000000/,nikkei.com,取扱い・対応、活用事例,0.0,ナッジ、メタマスク、LIQUID eKYC,75.0,EVT-20251031-01,2025-10-31,done,JPYC社は10月27日、日本円と1対1で交換できるステーブルコイン「JPYC」の発行を開始し、日本円の預貯金や国債を裏付け資産としている。発行・償還は手数料無料で、銀行を介さずに低コストで送金・決済ができるメリットがある一方、直接決済できる場面はまだ少ないが、クレジットカード「ナッジカード」の返済でJPYCを使用することで実質的にVISA加盟店での購入に利用できる。
332.0,2025-11-14 15:06:27,JPYC、米サークル社のオンチェーンFX網「StableFX」でパートナー通貨に採択 - CoinPost,https://coinpost.jp/?p=666386,coinpost.jp,提携・連携、市場・統計,0.0,Circle、StableFX、Arc、USDC,85.0,EVT-20251114-02,2025-11-14,done,JPYCはCircle社の「Circle Partner Stablecoins」プログラムに参画し、日本円通貨圏を担うパートナー通貨として採択された。このプログラムはUSDCを中心にした「オンチェーンFX」インフラを構築し、国際送金や貿易決済など実需の金融領域での活用を想定している。JPYCは資金移動業者としての規制遵守体制やオープンウォレット互換性などの理由から日本円ポジションを担当する。
333.0,2025-11-14 17:00:00,JPYC、USDC発行体であるCircle社の「Circle Partner Stablecoins」プログラムに参画 - PR TIMES,https://prtimes.jp/main/html/rd/p/000000291.000054018.html,prtimes.jp,提携・連携,0.0,Circle Internet Financial、StableFX、Arc,95.0,EVT-20251114-02,2025-11-14,done,JPYC株式会社は、Circle Internet Financial社が発表した「Circle Partner Stablecoins」プログラムにおいて、日本円建ステーブルコイン「JPYC」がパートナー通貨として採択されたことを発表しました。このプログラムは、USDCを軸にして複数の地域通貨建ステーブルコインとの交換を可能にする次世代のオンチェーン為替プラットフォームであり、JPYCは日本円ポジションを担う唯一のステーブルコインとして参画します。
334.0,2025-11-14 17:00:00,TIS株式会社と、「ステーブルコイン決済支援サービス」への組込を通じた日本円建ステーブルコイン「JPYC」の社会実装に向けた基本合意書を締結 - PR TIMES,https://prtimes.jp/main/html/rd/p/000000290.000054018.html,prtimes.jp,提携・連携、活用事例,0.0,TIS株式会社、double jump.tokyo株式会社、ステーバルコイン決済支援サービス,95.0,EVT-20251114-01,2025-11-14,done,JPYC株式会社はTIS株式会社と、日本円建ステーブルコイン「JPYC」の社会実装に向けた基本合意書を2025年10月31日付で締結しました。TISが提供する「ステーブルコイン決済支援サービス」にJPYCを組み込むことで、事業者は決済システムを自ら構築することなく、低コストかつ短期間で国内外の消費者に対して利便性の高い決済手段を提供できるようになり、2026年春～夏のPoC検証を経て、2026年内の正式提供開始を目指しています。
335.0,2025-11-14 17:00:00,【QAあり】アステリア、前年比増収増益、中間期で過去最高益を達成 ストック売上比率77%で安定成長を継続 - ログミーFinance,https://finance.logmi.jp/articles/383047,finance.logmi.jp,取扱い・対応、提携・連携、活用事例,0.0,アステリア、ASTERIA Warp、MikoSea、TECHFUND,45.0,EVT-20251114-01,2025-11-14,done,"アステリア株式会社は2026年3月期中間期決算で売上収益16億1,000万円、営業利益5億2,000万円の前年比増収増益を達成し、中間利益で過去最高益を記録した。ストック売上比率が77%に達し、売上総利益率88%の高い利益率を維持しながら安定成長を実現している。また、円建ステーブルコインJPYCの認可取得やMikoSea株式会社の買収を発表し、データ連携ソリューション「ASTERIA Warp」との連携によって新たなビジネス展開を推進している。"
339.0,2025-11-15 02:00:00,日本初ステーブルコイン「JPYC」、発行額が2億円突破（あたらしい経済） - Yahoo!ニュース,https://news.yahoo.co.jp/articles/361acc1e9dbdb0f965d0e9f69f50a690accff289,news.yahoo.co.jp,市場・統計、解説・論説,1.0,JPYC EX、ポリゴン、イーサリアム,95.0,EVT-20251113-02,2025-11-13,done,日本初のステーブルコイン「JPYC」の発行額が2025年11月13日に2億円を超えた。10月27日の正式リリースから18日での達成であり、イーサリアム、アバランチ、ポリゴンの3チェーンで発行されている。日本円と1：1で交換可能で裏付け資産が日本円と国債であることが強みである一方、利用拡大に伴うオペレーション負荷やサイバー攻撃リスク、規制対応が課題とされている。
340.0,2025-11-15 02:00:00,日本円ステーブルコインJPYC、発行額2億円突破 - CoinPost,https://coinpost.jp/?p=666260,coinpost.jp,市場・統計、発行・資金,0.0,JPYC株式会社、JPYC EX、HashPort Wallet,95.0,EVT-20251113-02,2025-11-13,done,JPYC株式会社は日本円建ステーブルコイン「JPYC」の累計発行額が2億円を突破したことを発表した。正式発行開始から約18日間での達成で、イーサリアム、ポリゴン、アバランチなど複数のブロックチェーン上で展開されており、1JPYC＝1円で日本円建資産により100%以上保全されている。同社は今後3年間で累計10兆円規模のJPYC発行を目指している。
341.0,2025-11-15 02:00:00,JPYC、米サークルのオンチェーンFX基盤「StableFX」のパートナー通貨に採択 - Yahoo!ニュース,https://news.yahoo.co.jp/articles/af1df6472ddfdcb165ad9ec206fb8a2651f29a32,news.yahoo.co.jp,提携・連携、市場・統計,0.0,Circle、StableFX、Circle Partner Stablecoins、USDC,95.0,EVT-20251114-02,2025-11-14,done,日本円ステーブルコイン「JPYC」は、米Circle社の「Circle Partner Stablecoins」プログラムに参画し、日本円通貨圏を担うパートナー通貨として正式採択された。同プログラムはUSDCを中心にした複数国のステーブルコインを相互運用する「オンチェーンFXインフラ」を構築するもので、国際送金や貿易決済などの実需の金融領域での活用が想定されている。
344.0,2025-11-15 02:00:00,TIS、ステーブルコイン普及へ 活用例でJPYCと協業 - nikkinonline.com,https://www.nikkinonline.com/article/342005,nikkinonline.com,提携・連携、取扱い・対応,0.0,TIS、JPYC、ステーブルコイン決済支援サービス,85.0,EVT-20251114-01,2025-11-14,done,TIS（東京都）は、ステーブルコイン（SC）の普及に向けて、円建てSCを発行するJPYC（東京都）と社会実装に向けた基本合意書を11月までに締結した。第1弾として、2026年中に事業者が決済手段にSCを用意できる「ステーブルコイン決済支援サービス」の提供を始める。
342.0,2025-11-15 02:00:00,JPYCも対応｜Circle、オンチェーンFX基盤のテストネット稼働を発表 - crypto-times.jp,https://crypto-times.jp/news-circle-announces-testnet-launch-for-on-chain-fx-platform/,crypto-times.jp,提携・連携、市場・統計,0.0,Circle Internet Financial、Arc、JPYC株式会社,85.0,EVT-20251114-02,2025-11-14,done,米Circle Internet Financial社は機関投資家向けのオンチェーンFX基盤「Circle StableFX」および「Circle Partner Stablecoins」プログラムがArcテストネット上で稼働を開始したと発表しました。JPYC株式会社が発行する日本円建ステーブルコイン「JPYC」は、日本円ポジションを担う唯一のステーブルコインとしてパートナー通貨に採択されています。
337.0,2025-11-15 02:00:00,日本初ステーブルコインJPYCが発行額2億円を突破 正式リリースから18日で急拡大 - plus-web3.com,https://plus-web3.com/media/latestnews_1000_6325/,plus-web3.com,市場・統計、解説・論説,1.0,JPYC EX、ポリゴン、イーサリアム,95.0,EVT-20251113-02,2025-11-13,done,日本初のステーブルコイン「JPYC」が10月27日の正式リリースから18日で発行額2億円を突破した。JPYCは日本円と1：1で交換可能で、イーサリアム、アバランチ、ポリゴンの3チェーンで発行されており、複数チェーン対応による幅広い利用と低コストチェーンでの決済需要拡大が期待されている。
336.0,2025-11-15 02:00:00,日本円ステーブルコイン「JPYC」、累計発行額2億円突破 - CryptoDnes.bg,https://cryptodnes.bg/jp/japanese-stablecoin-jpyc-200-million-yen/,cryptodnes.bg,市場・統計、発行・資金,0.0,JPYC株式会社、HashPort、QuickSwap,95.0,EVT-20251113-02,2025-11-13,done,"日本円建ステーブルコイン「JPYC」の累計発行額が2億円を突破し、正式発行開始から約18日間での達成となった。JPYC EXの口座開設数は6,000件を超え、オンチェーンの保有アドレス数は約2.7万件となっており、同社は今後3年間で累計10兆円規模の発行を目指している。"
338.0,2025-11-15 02:00:00,TIS、JPYCと日本円建ステーブルコイン決済の社会実装に向けた基本合意書を締結 - PR TIMES,https://prtimes.jp/main/html/rd/p/000001849.000011650.html,prtimes.jp,提携・連携、取扱い・対応,0.0,TIS、TISインテックグループ、double jump.tokyo、Ethereum,85.0,EVT-20251114-01,2025-11-14,done,TIS株式会社とJPYC株式会社は、日本円建ステーブルコイン「JPYC」を取り扱う「ステーブルコイン決済支援サービス」の開発に向けた基本合意書を2025年10月31日に締結した。2026年春から夏にかけてのPoC実施を経て、2026年内のサービス正式提供開始を目指し、加盟店手数料削減やインバウンド需要への対応など、利便性の高い決済手段の提供を実現する予定である。
343.0,2025-11-15 02:00:00,TISとJPYC、「ステーブルコイン決済支援サービス」提供に向け協業、26年内に開始へ（あたらしい経済） - Yahoo!ニュース,https://news.yahoo.co.jp/articles/e5d502c1cf5401b08bcbb9b4fe6d96c37f9490ff,news.yahoo.co.jp,提携・連携、活用事例、実証実験,0.0,TIS株式会社、double jump.tokyo株式会社、ステーバルコイン決済支援サービス,95.0,EVT-20251114-01,2025-11-14,done,JPYC株式会社とTIS株式会社は、日本円建ステーブルコイン「JPYC」の普及に向けて基本合意書を締結し、TISが提供する「ステーブルコイン決済支援サービス」にJPYCを組み込むことで、企業が低コストで決済手段を提供できるようにします。2026年春から夏にかけてのPoCを経て、2026年内にサービスの正式提供開始を目指しています。
345.0,2025-11-16 23:07:35,TISとステーブルコイン決済支援サービス提供へ（JPYC） - ペイメントナビ,https://paymentnavi.com/paymentnews/167649.html,paymentnavi.com,提携・連携、実証実験,0.0,TIS、TISインテックグループ、double jump.tokyo,85.0,EVT-20251114-01,2025-11-14,done,JPYCはTISインテックグループのTISと2025年10月31日付で基本合意書を締結し、日本円建ステーブルコイン「JPYC」の普及に向けた事業展開を共同で進める。TISが提供する「ステーブルコイン決済支援サービス」でJPYCを取り扱うことで、事業者は低コストかつ短期間で国内外の消費者に決済手段を提供でき、2026年春～夏のPoC実施を経て2026年内の正式提供開始を目指している。
346.0,2025-11-17 14:46:43,JPYC、円建て通貨としてサークルと連携｜国際展開を加速 - Cryptonews,https://cryptonews.com/jp/news/jpyc-joins-circle-partner-stablecoin-program/,cryptonews.com,提携・連携、市場・統計,0.0,Circle、StableFX、Arc,95.0,EVT-20251114-02,2025-11-14,done,JPYC株式会社はサークルのCircle Partner Stablecoinsプログラムに参加し、サークルのグローバルオンチェーン為替ネットワークStableFXにおいて唯一の日本円パートナー通貨となりました。USDCをハブとして他通貨と円のスムーズな交換が可能になり、リアルタイムで低コストな国際送金の実現が期待されます。JPYCはサークルの独自ブロックチェーンArcの2026年メインネット立ち上げに向けた技術協力も行う予定です。
347.0,2025-11-18 02:00:00,【独自レポ】JPYCで決済してみた──腰痛記者が考えたWeb3社会実装のリアル - Yahoo!ニュース,https://news.yahoo.co.jp/articles/48a3c464d2cf7b96e1d46860af37367f110b6145?page=3,news.yahoo.co.jp,活用事例、解説・論説,1.0,JPYC EX、MetaMask、PayPay,75.0,EVT-20251118-01,2025-11-18,done,JPYCは日本円と1：1で連動する電子決済手段で、クレジットカードやPayPayと比べて決済手数料を大幅に削減でき、浮いた手数料を顧客サービスや従業員還元に充てることで持続可能な仕組みを実現できる可能性がある。しかし現状では、ウォレット開設やガス代準備などの複雑な手続きが障壁となっており、日常の決済手段として普及するには多くの課題を克服する必要がある。
348.0,2025-11-18 02:00:00,日本円ステーブルコインJPYC、発行から18日で2億円を達成 - Coinspeaker,https://www.coinspeaker.com/jp/jpyc-stablecoin-surpasses-200-million-issuance/,coinspeaker.com,市場・統計、発行・資金,0.0,JPYC株式会社、HashPort、TIS株式会社、Circle社,95.0,EVT-20251113-02,2025-11-13,done,JPYC株式会社が発行する日本円ステーブルコインのJPYCが、10月27日の正式発行開始から約18日で累計発行額2億円を突破した。大規模なキャンペーンやポリゴンチェーン上のDeFiエコシステムの活用が成長を牽引し、同社は今後3年間で10兆円規模の発行を目指している。
349.0,2025-11-18 02:00:00,JPYC、Circleの世界8通貨為替インフラに参画｜日本円ステーブルコイン活用拡大に期待 - bittimes.net,https://bittimes.net/news/213484.html,bittimes.net,提携・連携、市場・統計,0.0,Circle、StableFX、Arc,95.0,EVT-20251114-02,2025-11-14,done,JPYC株式会社は、Circle社のオンチェーン為替ソリューション「StableFX」のパートナー通貨に選定されました。JPYCは日本円経済圏を担う唯一のステーブルコインとして、豪ドルやカナダドルなど世界8通貨と共に、24時間365日の安定的な即時決済と為替取引を実現するインフラに参画します。2026年のArcメインネットローンチに向け、国際送金や貿易決済といった世界的マネーフローを支えるインフラとしての活用拡大を目指しています。
350.0,2025-11-18 09:57:50,円建てステーブルコインJPYC、地方金融機関との連携に向けた共同検討を開始 - bittimes.net,https://bittimes.net/news/213678.html,bittimes.net,提携・連携、活用事例,0.0,デジタルプラットフォーマー株式会社、北國銀行、トチカ,85.0,EVT-20251118-02,2025-11-18,done,JPYC株式会社とデジタルプラットフォーマー株式会社は、円建てステーブルコイン「JPYC」と預金型トークン「トチカ」の相互連携、および全国の地方金融機関との発行・償還・決済・国際送金に関わる業務連携モデルの構築に向けて共同検討を開始しました。地域金融機関の預金インフラとブロックチェーン技術を融合させることで、地域経済のデジタル化と送金・決済の効率化を目指しています。
351.0,2025-11-18 10:00:00,通販・ECの新たなカタチ？ JPYC連動・両替、トークン付与などフォーシーズHDの連携トークンが創る新たな経済圏とは - ネットショップ担当者フォーラム,https://netshop.impress.co.jp/node/15127,netshop.impress.co.jp,活用事例、提携・連携,0.0,フォーシーズHD、フェヴリナ、Circle（StableFX）,75.0,EVT-20251118-03,2025-11-18,done,フォーシーズHDは中期経営計画でWeb3.0事業を成長戦略の1つに位置づけ、JPYC等の第三者発行トークンを購入・運用して新たな経済圏を創出する構想を発表した。顧客には購入や口コミ投稿でトークンを付与し、JPYCとの連動・両替で100円分を120円に交換するなどのメリットを提供する予定である。
353.0,2025-11-18 17:00:00,デジタルプラットフォーマー株式会社・JPYC株式会社、JPYCと地方金融機関の業務連携に向け共同検討を開始 - PR TIMES,https://prtimes.jp/main/html/rd/p/000000057.000059855.html,prtimes.jp,提携・連携,0.0,デジタルプラットフォーマー株式会社、北國銀行、トチカ,85.0,EVT-20251118-02,2025-11-18,done,デジタルプラットフォーマー株式会社とJPYC株式会社は、日本円建てステーブルコイン「JPYC」と北國銀行の預金型トークン「トチカ」の相互連携および地方金融機関との業務提携モデル構築に向けた共同検討を開始しました。本取り組みは、地方金融機関の預金・送金インフラとブロックチェーン技術を融合させることで、地域経済の効率化・デジタル化を促進することを目的としています。
352.0,2025-11-18 17:00:00,Digital Platformer 株式会社と地方金融機関の業務連携に向け共同検討を開始 | JPYC株式会社のプレスリリース - PR TIMES,https://prtimes.jp/main/html/rd/p/000000292.000054018.html,prtimes.jp,提携・連携,0.0,Digital Platformer株式会社、北國銀行、トチカ,85.0,EVT-20251118-02,2025-11-18,done,JPYC株式会社とDigital Platformer株式会社は、2025年10月27日に発行開始した日本円建ステーブルコイン「JPYC」と北國銀行の預金型ステーブルコイン「トチカ」の相互連携、および地方金融機関とJPYCの発行・償還・決済・国際送金にかかる業務連携の実現に向けて共同検討を開始した。本取り組みにより、地域の金融機関の信頼基盤とブロックチェーン技術を融合させることで、地域経済の効率化とデジタル化を推進することを目指している。
358.0,2025-11-19 02:00:00,通販・ECの新たなカタチ？ JPYC連動・両替、トークン付与などフォーシーズHDの連携トークンが創る新たな経済圏とは - Yahoo!ニュース,https://news.yahoo.co.jp/articles/e7b3296d80392a98e44d6e6d96bfc7e967a51c0f,news.yahoo.co.jp,活用事例、提携・連携,0.0,フォーシーズHD、フェヴリナ、Web3.0事業,75.0,EVT-20251118-03,2025-11-18,done,フォーシーズHDは中期経営計画でWeb3.0事業を成長戦略として掲げ、JPYCなど第三者発行トークンの購入・運用により新たな経済圏を創出する構想を発表した。顧客には購入や口コミ投稿でトークンを付与し、JPYCとの連動・両替で100円分を120円に交換できるメリットを提供する予定である。
357.0,2025-11-19 02:00:00,日本円ステーブルコイン「JPYC」、地域決済との相互連携へ - crypto-times.jp,https://crypto-times.jp/news-japanese-yen-stablecoin-jpyc-to-collaborate-with-regional-payment-systems/,crypto-times.jp,提携・連携,0.0,デジタルプラットフォーマー株式会社、北國銀行、トチカ,85.0,EVT-20251118-02,2025-11-18,done,JPYC株式会社とデジタルプラットフォーマー株式会社は、日本円ステーブルコイン「JPYC」と地方金融機関との業務連携モデル構築に向けた共同検討を開始しました。北國銀行の預金型トークン「トチカ」との相互連携も視野に入れ、地域決済や国際送金での活用拡張を目指しています。将来的にはステーブルコイン取引所を通じて、国内外の電子決済手段や地域トークン間の交換も可能にする計画です。
356.0,2025-11-19 02:00:00,iUtopia2025：ステーブルコイン「JPYC」で回せる世界初※のガチャを実装 - PR TIMES,https://prtimes.jp/main/html/rd/p/000000324.000061260.html,prtimes.jp,活用事例、実証実験,0.0,iUtopia2025、情報経営イノベーション専門職大学、Imagination Studio、iTouch Platform 25,75.0,EVT-20251119-01,2025-11-19,done,情報経営イノベーション専門職大学の研究プロジェクトとImagination Studioは、2025年11月2日、3日に開催された「iUtopia2025～わ～」において、ステーブルコイン「JPYC」で決済できる世界初のガチャを実装しました。来場者がJPYC決済用のQRコードを読み取るとガチャ機のロックが自動で外れ、スタンプの蓄積と連動して決済からリワード獲得までを一体的に体験できる仕組みです。今後はNFT卒業証書の発行やJPYC決済の学内拡大を通じて、教育×ウォレット×決済を統合した新しい標準の構築を目指します。
355.0,2025-11-19 02:00:00,JPYCとデジタルプラットフォーマー、地方金融機関の業務連携に向け共同検討を開始（あたらしい経済） - Yahoo!ニュース,https://news.yahoo.co.jp/articles/3c1271445c90a1c60a5b5316b8d825f6b4ac8da3,news.yahoo.co.jp,提携・連携,0.0,Digital Platformer株式会社、北國銀行、トチカ,85.0,EVT-20251118-02,2025-11-18,done,JPYC株式会社とDigital Platformer株式会社は、2025年10月27日より発行を開始した日本円建ステーブルコイン「JPYC」と、北國銀行の預金型ステーブルコイン「トチカ」の相互連携、および地方金融機関とJPYCの発行・償還・決済・国際送金に関する業務連携の実現に向けて、共同検討を開始することを発表した。本取り組みは、地域金融機関の信頼基盤とブロックチェーン技術を融合させることで、地域経済の効率化とデジタル化を推進することを目的としている。
354.0,2025-11-19 02:00:00,JPYC、Digital Platformerと共同検討を開始──地方金融機関との連携目指す - NADA NEWS,https://www.nadanews.com/324756/,nadanews.com,提携・連携,0.0,Digital Platformer、北國銀行、トチカ,85.0,EVT-20251118-02,2025-11-18,done,JPYC社は11月18日、Digital Platformerおよび北國銀行と共に、地方金融機関との業務連携に向けた共同検討を開始すると発表しました。この取り組みはブロックチェーン技術と各地域の金融機関の信頼基盤を融合させ、地域経済の効率化とデジタル化を推進することを目的としています。共同検討では、地方金融機関によるJPYCの発行・償還業務モデルの構築や、決済スキームの最適化、国内外送金の効率化などが検討される予定です。
359.0,2025-11-20 17:00:00,ステーブルコインJPYC決済ソリューション提供開始！ | 株式会社CAICA DIGITALのプレスリリース - PR TIMES,https://prtimes.jp/main/html/rd/p/000000323.000097511.html,prtimes.jp,取扱い・対応、提携・連携,0.0,株式会社CAICAテクノロジーズ、株式会社カイカフィナンシャルホールディングス、Zaif INO,75.0,EVT-20251120-01,2025-11-20,done,株式会社CAICAテクノロジーズは、日本円ステーブルコイン「JPYC」決済ソリューションの提供を開始しました。本ソリューションは、JPYC決済導入コンサルティングと決済モジュールの提供を通じて、企業がステーブルコイン決済を安全かつスピーディーに導入できるよう支援するものです。
360.0,2025-11-20 18:27:17,日本円ステーブルコインJPYC、平均保有額は5700円｜小口保有が拡大か - crypto-times.jp,https://crypto-times.jp/news-average-holdings-of-japanese-yen-stablecoin-jpyc-are-5700-yen/,crypto-times.jp,市場・統計,0.0,Dune,75.0,EVT-20251113-02,2025-11-13,done,日本円ステーブルコインJPYCの市場流通量は1億8027万1446円に達し、保有者アドレス数は3万1258件となった。1アドレスあたりの平均保有額が5767円であることから、特定の富裕層だけでなく多くの一般ユーザーが小規模な金額を分散保有しており、少額決済や送金といった実用的な用途で広く普及しつつある。
361.0,2025-11-20 19:42:18,CAICAテクノロジーズが提供開始したJPYC決済ソリューションの魅力と可能性 - ニュースメディアVOIX,https://voix.jp/money/cryptocurrency/22181/,voix.jp,取扱い・対応、活用事例,0.0,CAICAテクノロジーズ、JPYC株式会社、Zaif INO,85.0,EVT-20251120-01,2025-11-20,done,株式会社CAICAテクノロジーズが、日本円ステーブルコイン「JPYC」の決済ソリューション提供を開始しました。JPYCは日本円と連動し価格変動リスクを抑えた決済手段で、導入コンサルティングと決済モジュール提供を通じて企業のステーブルコイン決済導入を支援します。
362.0,2025-11-21 00:00:00,ECサイトなどにステーブルコインJPYC決済ソリューションを提供、CAICAテクノロジーズ - ネットショップ担当者フォーラム,https://netshop.impress.co.jp/n/2025/11/21/15168,netshop.impress.co.jp,取扱い・対応,0.0,CAICAテクノロジーズ、CAICA DIGITAL、カイカフィナンシャルホールディングス,85.0,EVT-20251120-01,2025-11-20,done,CAICAテクノロジーズは11月20日、日本円ステーブルコイン「JPYC」を活用した決済ソリューションの提供を開始しました。このソリューションは、ECサイトや金融サービスなどにおけるステーブルコイン決済導入を支援するコンサルティングサービスと、既存のWebサイトに組み込めるプログラムモジュールの提供により構成されています。
365.0,2025-11-21 02:00:00,CAICAテクノロジーズ、JPYC決済ソリューションの提供を開始 - Iolite（アイオライト）,https://iolite.net/news/coinpost-668216,iolite.net,取扱い・対応、提携・連携,0.0,CAICAテクノロジーズ、カイカフィナンシャルホールディングス、Zaif INO,85.0,EVT-20251120-01,2025-11-20,done,CAICAテクノロジーズは、日本円ステーブルコイン「JPYC」の決済ソリューション提供を開始しました。本ソリューションは、JPYC決済導入コンサルティングと決済モジュール提供により、企業がWeb3市場でステーブルコイン決済を安全かつ迅速に導入できるよう支援します。
363.0,2025-11-21 02:00:00,ＣＡＩＣＡ ＤＩＧＩＴＡＬ[2315]：ステーブルコインJPYC決済ソリューション提供開始！ 2025年11月20日(適時開示) ：日経会社情報DIGITAL - 日本経済新聞,https://www.nikkei.com/nkd/disclosure/tdnr/20251119506392/,nikkei.com,取扱い・対応,0.0,CAICA DIGITAL、決済ソリューション,75.0,EVT-20251120-01,2025-11-20,done,CAICA DIGITAL[2315]は2025年11月20日、ステーブルコインJPYCを用いた決済ソリューションの提供開始を発表した。
364.0,2025-11-21 02:00:00,ステーブルコインJPYC決済導入サービス「ステコネ」「ステコネ for ゲーム」を正式リリース！ - tv-tokyo.co.jp,https://www.tv-tokyo.co.jp/plus/external-pr/entry/17161.html,tv-tokyo.co.jp,活用事例、取扱い・対応,0.0,OpenWorld株式会社、ステコネ、キャリア乙女サバイバー,85.0,EVT-20251121-01,2025-11-21,done,OpenWorld株式会社は、日本円に連動したステーブルコイン「JPYC」を用いた決済導入サービス「ステコネ」および「ステコネ for ゲーム」を正式リリースしました。本サービスは、WebサイトやECサイト、ゲームに短期間で暗号資産決済を実装でき、導入コストと技術障壁を大幅に削減することを目的としています。
366.0,2025-11-21 08:00:24,HashPort Wallet、1inchのスワップ技術を統合 - CoinPost,https://coinpost.jp/?p=667770,coinpost.jp,取扱い・対応、提携・連携,0.0,HashPort Wallet、1inch、Kana Labs,65.0,EVT-20251121-02,2025-11-21,done,HashPort Walletが1inchのスワップ技術「1inch Swap API」を統合し、Kana Labsのシステムを通じてユーザーが複数のブロックチェーン間でJPYCなどの暗号資産をブリッジなしで直接スワップできるようになった。1inchのDEXアグリゲーター機能により、ガス代削減とMEV攻撃からの保護を実現した、より安全で効率的な取引環境が提供される。
367.0,2025-11-21 09:15:21,【材料】 ＣＡＩＣＡＤは大幅続伸、子会社がＪＰＹＣ決済ソリューションの提供開始 - かぶたん,https://kabutan.jp/news/marketnews/?b=n202511210308,kabutan.jp,取扱い・対応,0.0,CAICA DIGITAL、CAICAテクノロジーズ、CAICAD,75.0,EVT-20251120-01,2025-11-20,done,CAICADの子会社が、JPYC決済導入コンサルティングとJPYC決済モジュール提供の2つのJPYC決済ソリューションの提供を開始した。これにより、ECサイトや金融サービスなどのオンラインサービスでステーブルコイン決済を導入できるようになる。
368.0,2025-11-21 13:00:12,Secured Finance CEOが語るJPYC固定金利レンディングの挑戦｜独占インタビュー - CoinPost,https://coinpost.jp/crypto/interview/secured-finance-jpyc-lending/,coinpost.jp,提携・連携、実証実験、解説・論説,1.0,Secured Finance、菊池マサカズ、固定金利レンディングプロトコル,75.0,EVT-20251121-03,2025-11-21,done,Secured FinanceのCEO菊池マサカズ氏は、2025年10月28日に発表したJPYC建ての固定金利レンディングプロダクトについて、日本円が法律に準拠したパブリックチェーンステーブルコインとして登場することの重要性と、DeFiを通じて世界中の投資家が日本円金利に24時間アクセスできるようになることの意義を強調した。固定金利レンディングは貸し手にとってセルフカストディで市場金利を得られ、借り手にとって無審査で予測可能な金利で借りられるメリットがある一方で、初心者向けには段階的な学習と安全マージンの確保を推奨している。
369.0,2025-11-21 14:33:46,JPYCステーブルコイン対応アプリ開発セミナーレポート - Asteria Corporation,https://www.asteria.com/jp/inlive/finance/7899/,asteria.com,実証実験、提携・連携、取扱い・対応,0.0,アステリア、MikoSea、Circle社,75.0,EVT-20251121-04,2025-11-21,done,2025年11月19日にアステリアが主催したオンラインイベントで、日本円建てステーブルコイン「JPYC」の特徴や、ノーコードアプリ開発ツール「Click」へのJPYC決済機能の実装について紹介されました。JPYCは従来の電子マネーと異なり、世界中への即時送金が可能で、発行体への決済フィーが不要な新しいデジタル円として位置付けられています。
370.0,2025-11-21 15:36:44,HashPort、国内初クリプトクレカを発行＝JPYC決済に対応 - BeInCrypto,https://jp.beincrypto.com/hashport-launches-japans-first-jpyc-payment-crypto-card/,jp.beincrypto.com,取扱い・対応、活用事例、提携・連携,0.0,HashPort、ナッジ、HashPortカード,85.0,EVT-20251121-05,2025-11-21,done,フィンテック企業のHashPortとナッジは、日本円ステーブルコインJPYCによる後払い決済と還元に対応した国内初のクレジットカード「HashPortカード」の発行を開始した。本カードはHashPort Walletアプリと連携し、ウォレット内のデジタル資産をクレジットカード経由で決済でき、2026年初頭のアップデート以降はステーブルコインでの自動引き落としも選択可能になる予定である。
371.0,2025-11-21 16:10:12,CAICAテクノロジーズ、JPYC決済ソリューションの提供を開始 - CoinPost,https://coinpost.jp/?p=668216,coinpost.jp,取扱い・対応、活用事例,0.0,CAICAテクノロジーズ、Zaif INO、カイカフィナンシャルホールディングス,85.0,EVT-20251120-01,2025-11-20,done,株式会社CAICAテクノロジーズは、日本円ステーブルコイン「JPYC」の決済ソリューション提供を開始し、ECサイトやオンラインサービス事業者向けに決済導入コンサルティングと決済モジュール提供の2つのサービスを展開する。JPYCは日本円と1対1で交換可能な電子決済手段で、イーサリアム、ポリゴン、アバランチの3つのブロックチェーン上で発行されており、11月13日時点で発行額が2億円を突破している。
374.0,2025-11-21 17:00:00,ＣＡＩＣＡ ＤＩＧＩＴＡＬの傘下ＣＡＩＣＡテクノロジーズがＪＰＹＣ決済提供開始、企業のＷｅｂ３活用を後押し - kabu-ir.com,https://kabu-ir.com/article/519062608.html,kabu-ir.com,取扱い・対応、活用事例,0.0,CAICA DIGITAL、CAICAテクノロジーズ、HashPort,75.0,EVT-20251120-01,2025-11-20,done,CAICA DIGITALの傘下企業CAICAテクノロジーズがJPYC決済の提供を開始し、企業のWeb3活用を支援する。同社はブロックチェーン技術を活用したデジタル決済ソリューションにより、企業の効率的な資金管理と決済処理を実現する。
372.0,2025-11-21 17:00:00,ＣＡＩＣＡＤは大幅続伸、子会社がＪＰＹＣ決済ソリューションの提供開始 - ライブドアニュース,https://news.livedoor.com/article/detail/30034238/?from_page=internal,news.livedoor.com,取扱い・対応,0.0,CAICA DIGITAL、CAICAテクノロジーズ,75.0,EVT-20251120-01,2025-11-20,done,CAICA DIGITALの子会社CAICAテクノロジーズが、日本円ステーブルコイン「JPYC」決済ソリューションの提供を開始したことが材料視され、同社株が大幅続伸している。提供内容はJPYC決済導入コンサルティングと既存システムに組み込めるJPYC決済モジュールの2つである。
373.0,2025-11-21 17:00:00,日本初のクリプトクレジットカード「HashPortカード」を本日から発行開始 - PR TIMES,https://prtimes.jp/main/html/rd/p/000000156.000046288.html,prtimes.jp,取扱い・対応、活用事例,0.0,HashPort、ナッジ株式会社、HashPortカード,85.0,EVT-20251121-05,2025-11-21,done,株式会社HashPortとナッジ株式会社は、2025年11月21日より日本初のクリプトクレジットカード「HashPortカード」の発行を開始しました。本カードは日本円ステーブルコインJPYCでの後払い決済・還元に対応し、決済額の0.3%がJPYCで還元される特徴を持っています。
375.0,2025-11-21 20:34:16,【11/21話題】バイナンスジャパンでPayPayでの暗号資産購入可能に、ナッジのJPYC決済対応HashPortカード発行開始など（音声ニュース） - あたらしい経済,https://www.neweconomy.jp/posts/519221,neweconomy.jp,取扱い・対応,0.0,ナッジ、HashPortカード、バイナンスジャパン,35.0,EVT-20251121-05,2025-11-21,done,本記事は、ブロックチェーン・仮想通貨・フィンテックについてのニュースをポッドキャストで解説する音声番組の配信情報であり、バイナンスジャパンがPayPayでの暗号資産購入に対応したこと、ナッジが「JPYC」決済・還元対応クレカ「HashPortカード」の発行を開始したことなど、複数の暗号資産関連ニュースを紹介している。
382.0,2025-11-22 02:00:00,ＣＡＩＣＡＤは大幅続伸、子会社がＪＰＹＣ決済ソリューションの提供開始 - みんかぶ,https://minkabu.jp/news/4386166,minkabu.jp,取扱い・対応,0.0,CAICA DIGITAL、CAICAテクノロジーズ,75.0,EVT-20251120-01,2025-11-20,done,CAICA DIGITAL<2315.T>の子会社CAICAテクノロジーズが、日本円ステーブルコイン「JPYC」決済ソリューションの提供を開始したと発表し、同社株が大幅続伸となっている。提供内容はJPYC決済導入コンサルティングと、既存システムに組み込めるJPYC決済モジュール提供の2つである。
383.0,2025-11-22 02:00:00,Secured Finance CEOが語るJPYC固定金利レンディングの挑戦｜独占インタビュー - CoinPost,https://coinpost.jp/?p=664815,coinpost.jp,活用事例、提携・連携、解説・論説,1.0,Secured Finance、菊池マサカズ、DeFi固定金利レンディング,85.0,EVT-20251121-03,2025-11-21,done,Secured FinanceのCEO菊池マサカズ氏は、2025年10月28日にJPYC建ての固定金利レンディングプロダクトを発表し、パブリックチェーン上で法的に準拠した日本円ステーブルコインであるJPYCが、国内の円と国外で取引されるユーロ円の両方の特性を持つ初のステーブルコインであることから、世界中の投資家が日本円金利にアクセスできるDeFiインフラの構築を目指していると述べた。オーダーブック方式による公開市場での固定金利決定により、貸し手は担保ベースの安全な運用で市場金利を得られ、借り手は予測可能で低スプレッドの借入が可能となり、従来の銀行サービスでアクセスできなかった金融市場に個人が直接参加できることが特徴である。
381.0,2025-11-22 02:00:00,暗号資産の会計監査ツール「Lensa」、日本円ステーブルコイン「JPYC」に対応開始 - PR TIMES,https://prtimes.jp/main/html/rd/p/000000047.000062107.html,prtimes.jp,取扱い・対応,0.0,Lensa、暗号屋、日本公認会計士協会,65.0,EVT-20251122-01,2025-11-22,done,合同会社暗号屋は、暗号資産の会計監査ツール「Lensa」において、日本円ステーブルコイン「JPYC」への対応を開始しました。Lensaは企業が自社でブロックチェーンフルノードを構築・管理し、外部エクスプローラやAPIサービスに依存せずに取引の実在性を自ら検証できるツールです。
384.0,2025-11-22 02:00:00,ステーブルコインで後払い可能に HashPortカードが発行開始（0.3％JPYC還元） - ポイ探ニュース,https://www.poitan.jp/archives/156057,poitan.jp,取扱い・対応、活用事例,0.0,HashPort、ナッジ、HashPortカード,85.0,EVT-20251121-05,2025-11-21,done,HashPortはナッジと提携し、ステーブルコインで後払い決済できる日本初のクリプトクレジットカード「HashPortカード」の発行を2025年11月21日より開始した。年会費は無料で、カード発行事務手数料は2500円、決済金額の0.3％がJPYCで還元される。
380.0,2025-11-22 02:00:00,ふるさと納税、インバウンド事業に円ステーブルコイン「JPYC」活用──JPYC発行量は9000万に迫る - Yahoo!ニュース,https://news.yahoo.co.jp/articles/72f21a4a02003fe78c247b0a1fd61cdaa00007f8,news.yahoo.co.jp,活用事例、提携・連携、市場・統計,0.0,チェンジホールディングス、トラストバンク、ふるさとチョイス,85.0,EVT-20251122-02,2025-11-22,done,東証プライム上場のチェンジホールディングスは、円ステーブルコイン「JPYC」をふるさと納税とインバウンド事業の決済に活用する新たな取り組みを開始すると発表した。ふるさと納税市場が2024年に1兆円を突破し、インバウンド市場の旅行消費額が約8.1兆円を記録する中、クレジットカード決済の手数料や国外への収益流出の課題への対策として、JPYCなどのWeb3技術を活用する方針である。
377.0,2025-11-22 02:00:00,JPYC、発行を控え記者会見──「平等な競争ができる社会に」岡部氏 - Yahoo!ニュース,https://news.yahoo.co.jp/articles/86610c545930214481cfd6f7d37e698a4ecbfca7,news.yahoo.co.jp,発行・資金,0.0,岡部典孝、JPYC EX、CoinDesk JAPAN,75.0,,,done,JPYC社は10月27日、円ステーブルコイン「JPYC」の発行を前に東京・大手町で記者会見を開催した。代表取締役の岡部典孝氏はグローバルでのステーブルコインの現状やJPYC発行の目的について「平等な競争ができる社会にしていきたい」と述べ、AIエージェントが決済まで含めて取引を完了させる世界を見通していると語った。
376.0,2025-11-22 02:00:00,HashPort、JPYCで支払い可能なクレジットカード発行へ - Cryptonews,https://cryptonews.com/jp/news/hashport-launches-stablecoin-credit-card-service-japan/,cryptonews.com,取扱い・対応、活用事例,0.0,HashPort、Nudge、VISA,85.0,EVT-20251121-05,2025-11-21,done,HashPortはNudgeと提携し、ステーブルコイン「JPYC」での返済に対応したクレジットカード「HashPort Card」の発行を開始した。利用者はHashPort Walletを通じてJPYCを送付して決済でき、2026年前半には自動引き落とし機能の実装が予定されており、カード利用額の0.3%相当のJPYCが還元される。
379.0,2025-11-22 02:00:00,ナッジ、「JPYC」決済・還元対応クレカ「HashPortカード」発行開始（あたらしい経済） - Yahoo!ニュース,https://news.yahoo.co.jp/articles/f10aaa83c3277dcf7d75f30d194a2c736ca2489a,news.yahoo.co.jp,取扱い・対応、提携・連携,0.0,HashPort、ナッジ、HashPortカード、VISA,85.0,EVT-20251121-05,2025-11-21,done,ナッジとハッシュポートの提携により、ステーブルコイン「JPYC」での決済・還元に対応したクレジットカード「HashPortカード」が11月21日に発行開始された。同カードはHashPort Walletと連携し、法定通貨またはJPYCでの返済が可能で、利用額の0.3%がJPYCで還元される。
378.0,2025-11-22 02:00:00,JPYC、いよいよ明日27日発行──岡部氏とJPYCの取り組みをCoinDesk JAPANの記事で振り返る - Yahoo!ニュース,https://news.yahoo.co.jp/articles/eb4155fa65614f5dc6912e7ac799060673ab7514?page=2,news.yahoo.co.jp,発行・資金、制度・規制,0.0,金融庁、JPYC EX、CoinDesk JAPAN,85.0,,,done,JPYCは2025年8月に金融庁から資金移動業者として登録を完了し、10月27日午後1時に発行・償還サービス「JPYC EX」を公開することで、日本初の円建てステーブルコイン「JPYC」の発行を開始する。この発行に向けて、複数の企業がJPYCに対応したサービスやウォレット、決済手段の開発を進めており、ステーブルコイン普及に向けた動きが加速している。
385.0,2025-11-22 13:38:21,HashPort、1inch統合を発表｜日本発Web3ウォレットが大幅進化 - 99Bitcoins,https://99bitcoins.com/jp/news/adoption/hashport-1inch-integration-japanese-web3-wallet-updated/,99bitcoins.com,取扱い・対応,0.0,HashPort Wallet、1inch、Kana Labs,65.0,EVT-20251121-02,2025-11-21,done,HashPortはWeb3ウォレット「HashPort Wallet」に分散型取引所アグリゲーター1inchのSwap APIを実装し、異なるブロックチェーン間での暗号資産交換をウォレット内で完結できるようにした。大阪・関西万博の公式デジタルウォレットから汎用Web3ウォレットへ進化し、AptosやETH、POL、JPYCなど主要チェーンに対応することで、日本市場でのDeFiアクセスの利便性が向上した。
386.0,2025-11-23 02:00:00,仮想通貨ニュース週間まとめ「金融庁・ETF・JPYC・ビットコイン」などの注目記事 - bittimes.net,https://bittimes.net/news/213884.html,bittimes.net,市場・統計、解説・論説,1.0,金融庁、バイナンスジャパン、HashPort,25.0,,,done,金融庁が暗号資産105銘柄を金融商品取引法の対象とする方針を固め、2026年の通常国会に改正案を提出する予定です。また、SBIグローバルアセットマネジメントなど国内大手6社が暗号資産を組み入れた投資信託の開発を検討しており、ハーバード大学がビットコインETFの保有比率を257%増加させるなど、機関投資家によるビットコイン買いが進んでいます。
387.0,2025-11-25 08:36:40,クリプタクト、ステーブルコイン「JPYC」総額220万円分プレゼントキャンペーンを開催 - bittimes.net,https://bittimes.net/news/214000.html,bittimes.net,取扱い・対応,0.0,クリプタクト、Polygon,65.0,EVT-20251125-01,2025-11-25,done,クリプタクトは2025年11月25日から、日本円建てステーブルコイン「JPYC」総額220万円分のプレゼントキャンペーンを実施すると発表しました。キャンペーンは有料プラン新規購入者向けの抽選・先着企画と新規無料会員登録者向けの抽選企画の3種類で構成されており、Polygonブロックチェーンのウォレットアドレス同期が参加条件となっています。
388.0,2025-11-25 09:00:00,日本初の後払い型クリプトクレジットカード「HashPortカード」 - Impress Watch,https://www.watch.impress.co.jp/docs/news/2065787.html,watch.impress.co.jp,取扱い・対応、提携・連携,0.0,HashPort、ナッジ、HashPort Wallet、Avalanche,85.0,EVT-20251121-05,2025-11-21,done,HashPortは11月21日から日本初の後払い型クリプトクレジットカード「HashPortカード」の発行を開始し、ナッジとの連携によってJPYCなどのステーブルコインでの決済・還元に対応している。本カードはHashPort Walletアプリと連携し、ウォレット内のステーブルコインで後払い決済でき、決済額の0.3%がステーブルコインで還元される特徴を持つ。
389.0,2025-11-25 17:00:00,クリプタクト、日本円建てステーブルコイン「JPYC」総額220万円分プレゼントキャンペーンを実施 | 株式会社pafinのプレスリリース - PR TIMES,https://prtimes.jp/main/html/rd/p/000000080.000031324.html,prtimes.jp,取扱い・対応,0.0,クリプタクト、株式会社pafin、Polygon,75.0,EVT-20251125-01,2025-11-25,done,株式会社pafinが運営する暗号資産損益計算サービス「クリプタクト」は、2025年10月に発行された日本円建てステーブルコイン「JPYC」総額220万円分のプレゼントキャンペーンを2025年11月25日から12月31日まで実施します。キャンペーンは有料プラン新規購入者向けの抽選・先着企画と新規無料会員登録者向けの抽選企画の3種類で、Polygonブロックチェーンのウォレットアドレス同期が参加条件となります。
390.0,2025-11-26 10:54:06,クリプタクトがJPYCを220万円分プレゼントするキャンペーンを実施中 - ニュースメディアVOIX,https://voix.jp/money/cryptocurrency/22353/,voix.jp,取扱い・対応,0.0,クリプタクト、株式会社pafin、Polygon,65.0,EVT-20251125-01,2025-11-25,done,株式会社pafinが運営する暗号資産損益計算サービス「クリプタクト」は、日本円建てステーブルコイン「JPYC」を総額220万円分プレゼントするキャンペーンを2025年11月25日から12月31日まで実施します。新規有料プラン購入者や無料会員登録者を対象に、抽選や先着順でJPYCを付与し、参加にはPolygonブロックチェーンのウォレットアドレスが必要です。
393.0,2025-11-26 17:00:00,EllipticのAMLソリューション、本邦初の金融庁承認済み円建てステーブルコイン「JPYC」の実現を支援 - PR TIMES,https://prtimes.jp/main/html/rd/p/000000011.000058672.html,prtimes.jp,提携・連携、制度・規制,0.0,Elliptic Enterprises Limited、JPYC株式会社、金融庁,85.0,EVT-20251126-01,2025-11-26,done,Elliptic Enterprises Limitedは、JPYC株式会社が金融庁の承認のもと2025年8月に取得し10月27日より発行を開始した本邦初の円建てステーブルコイン「JPYC」に対して、ウォレット・トランザクション監視等のAMLソリューションを提供し、高水準のコンプライアンス体制を構築しました。JPYCは日本円と等価で発行・償還され、銀行振込による購入後、個人および法人がデジタルウォレットで受け取ることが可能です。
392.0,2025-11-26 17:00:00,日本版ステーブルコインの“勝ち馬”に乗る！メガバンク・大手通信・商社も参戦、押さえておきたい銘柄リスト - Moomoo,http://www.moomoo.com/ja/community/feed/ride-the-winning-horse-of-the-japanese-stablecoin-megabanks-major-115619942563846,moomoo.com,競合・市場環境、実証実験、市場・統計,0.0,金融庁、メガバンク3社、多業態連合,65.0,,,done,JPYCが10月27日に国内初の円建てステーブルコインを発行開始し、メガバンク3社による共同発行実証実験も金融庁の支援を受けて進行している。現在、JPYC、3メガバンク、多業態連合など主に5陣営がステーブルコイン発行に名乗りを上げており、勝者となった陣営は大きなメリットが期待できる。
391.0,2025-11-26 17:00:00,Ellipticと、AML体制整備を通じた日本円建ステーブルコイン「JPYC」の安全性・信頼性向上を実現 - PR TIMES,https://prtimes.jp/main/html/rd/p/000000293.000054018.html,prtimes.jp,提携・連携、制度・規制,0.0,Elliptic、資金移動業登録、AMLソリューション,85.0,EVT-20251126-01,2025-11-26,done,JPYC株式会社は、Ellipticのマネーロンダリング対策ソリューションを導入し、2025年8月に金融庁から国内初の資金移動業者としての登録を取得した日本円建ステーブルコイン「JPYC」を10月27日より発行開始しました。同コインは日本円と1：1で発行・償還され、ウォレット・トランザクション監視などの高水準のコンプライアンス体制により、安全な利用環境を実現しています。
394.0,2025-11-27 00:00:00,ノーコードアプリ開発ツール「Click」のJPYC決済機能を提供開始！ | プレスリリース | ニュース - アステリア株式会社,https://jp.asteria.com/news/2025112726284/,jp.asteria.com,取扱い・対応、活用事例,0.0,アステリア株式会社、MikoSea株式会社、Click,75.0,EVT-20251127-01,2025-11-27,done,"アステリア株式会社の子会社MikoSeaが提供するノーコードアプリ開発ツール「Click」に、日本円建てステーブルコイン「JPYC」の決済機能が追加されました。これにより、Clickのユーザーは約27,000人おり、コーディング不要でECアプリや予約アプリなどにJPYC決済機能を実装でき、個人から企業まで幅広くステーブルコイン決済の利用が可能になります。"
397.0,2025-11-27 02:00:00,ステーブルコイン×デジタルアセットが変える”決済の行方”──12月10日、N.Avenueが特別ワークショップ - NADA NEWS,https://www.nadanews.com/326108/,nadanews.com,解説・論説,1.0,N.Avenue、Fireblocks、Circle,45.0,,,done,ステーブルコインとデジタルアセットが決済の新たな選択肢となる中、N.Avenueは12月10日に決済事業者向けの特別ワークショップを開催し、JPYCなどの円ステーブルコインを自社の決済モデルに組み込む具体的なステップを提示する。イベントでは決済フロー最適化や新たなビジネスモデルなど、実務レベルのユースケースを多角的に議論する予定である。
396.0,2025-11-27 02:00:00,EllipticとJPYC、金融庁承認の日本初円建ステーブルコイン「JPYC」でAML体制を強化 - NFT-TIMES,https://nft-times.jp/blockchain/132831/,nft-times.jp,提携・連携、制度・規制,0.0,Elliptic、JPYC株式会社、金融庁,85.0,EVT-20251126-01,2025-11-26,done,EllipticはJPYC株式会社が金融庁から承認を受けた日本初の円建てステーブルコイン「JPYC」に対し、ウォレットやトランザクション監視などのAMLソリューションを提供しました。JPYCは2025年8月に金融庁より国内初の円建てステーブルコイン発行承認を取得し、10月27日より発行を開始しており、今後は国内外の決済やAPAC地域を中心としたクロスボーダー決済での活用が期待されています。
395.0,2025-11-27 02:00:00,EllipticのAMLソリューション、本邦初の金融庁承認済み円建てステーブルコイン「JPYC」の実現を支援 - ニコニコニュース,https://news.nicovideo.jp/watch/nw18654353,news.nicovideo.jp,提携・連携、制度・規制,0.0,Elliptic、金融庁、資金決済法,85.0,EVT-20251126-01,2025-11-26,done,Elliptic Enterprises Limitedは、JPYC株式会社が金融庁より2025年8月に承認を取得した本邦初の円建てステーブルコイン「JPYC」に対して、ウォレット・トランザクション監視等のAMLソリューションを提供し、高水準のコンプライアンス体制を構築しました。「JPYC」は10月27日より発行開始され、日本円と等価で銀行振込による購入後、デジタルウォレットで受け取ることが可能です。
398.0,2025-11-27 17:00:00,InsureDAO開発元のPAO TECH Labs、JPYC DeFiエコシステム構想・Curator事業への参入を発表 - PR TIMES,https://prtimes.jp/main/html/rd/p/000000001.000172950.html,prtimes.jp,提携・連携、実証実験,0.0,PAO TECH Labs、Euler Finance、Morpho、IPOR Fusion、Napier Finance,95.0,EVT-20251127-02,2025-11-27,done,PAO TECH PTE. LTD.は、日本初の円建てステーブルコイン「JPYC」のDeFiエコシステム構想の推進およびCurator事業への参入を発表しました。Euler Finance、Morpho、IPOR Fusion、Napier Financeといった主要DeFiプラットフォームと連携し、JPYC建ての貸借マーケット、運用Vault、固定金利マーケット、および流動性支援を構築することで、円建てで「貸す・借りる・運用する・増やす」ができる金融インフラの実現を目指しています。
399.0,2025-11-27 20:43:43,日本円ステーブルコイン「JPYC」保有者、6万人突破｜1週間で2倍 - crypto-times.jp,https://crypto-times.jp/news-japanese-yen-stablecoin-jpyc-holders-exceed-60000/,crypto-times.jp,市場・統計,0.0,Dune,75.0,EVT-20251127-03,2025-11-27,done,日本円ステーブルコイン「JPYC」の保有者アドレス数が11月27日時点で6万4089に達し、1週間で2倍以上に急増しました。同時にJPYC総流通量は2億3474万8793円を記録し、1アドレスあたりの平均保有量の低下から、大口投資家だけでなく一般ユーザーや小口利用者が急速に流入していることが示唆されています。
400.0,2025-11-28 12:06:20,インシュアダオ開発元のPAO TECH Labs、「JPYC」のDeFiエコシステム構想を推進。キュレーター事業参入へ - あたらしい経済,https://www.neweconomy.jp/posts/521842,neweconomy.jp,提携・連携、活用事例,0.0,PAO TECH Labs、Morpho、Euler Finance,95.0,EVT-20251127-02,2025-11-27,done,PAO TECH Labsは、日本初の円建てステーブルコイン「JPYC」のDeFiエコシステム構想推進とキュレーター事業への参入を11月27日に発表した。モルフォやオイラーファイナンスなどのプラットフォーム上で、JPYC貸借マーケットの開設、運用Vaultの構築、固定金利マーケットの整備を段階的に進め、円建てのDeFi金融インフラを構築する予定である。
401.0,2025-11-28 15:52:16,日本円で利回り獲得？JPYCがレンディング大手「Morpho」に登場 - crypto-times.jp,https://crypto-times.jp/news-earn-yen-with-jpy-jpyc-now-available-on-morpho-a-major-lending-platform/,crypto-times.jp,提携・連携、活用事例,0.0,Morpho、DeFiレンディングプロトコル,75.0,EVT-20251128-01,2025-11-28,done,日本円連動型ステーブルコインであるJPYCが、暗号資産レンディングプロトコルMorphoに近日中に採用されることが発表されました。これにより、ユーザーはDeFi環境下でJPYCを貸し出して利回りを得たり、他の暗号資産を担保にJPYCを借り入れたりすることが可能になり、これまで米ドル連動型が主流だったDeFiレンディング市場に日本円建ての新たな運用手段がもたらされます。
402.0,2025-11-28 19:05:56,Secured Finance（セキュアード・ファイナンス）とは？JPYCの運用方法を徹底解説 - CoinPost,https://coinpost.jp/crypto/defi/secured-finance/,coinpost.jp,活用事例、解説・論説,1.0,Secured Finance、菊池マサカズ、JPYCマーケット,85.0,EVT-20251121-03,2025-11-21,done,Secured Financeは暗号資産を固定金利・満期付きで取引できるDeFiプロジェクトで、2025年11月にJPYC（日本円ステーブルコイン）マーケットが稼働開始しました。JPYCを貸して固定利回りを得る、または暗号資産を担保にJPYCを借りるという2つの運用方法が可能で、金利と満期が事前に決まっているため将来のリターンを予測しやすいのが特徴です。
403.0,2025-11-28 19:40:00,クリプタクト、日本円建てステーブルコイン「JPYC」総額220万円分プレゼントキャンペーンを実施 - Excite エキサイト,https://www.excite.co.jp/news/article/Prtimes_2025-11-28-31324-80/,excite.co.jp,取扱い・対応,0.0,クリプタクト、株式会社pafin、Polygon,65.0,EVT-20251125-01,2025-11-25,done,株式会社pafinが運営する暗号資産損益計算サービス「クリプタクト」は、2025年10月に日本国内で初めて発行された日本円建てステーブルコイン「JPYC」総額220万円分のプレゼントキャンペーンを2025年11月25日から12月31日まで実施する。キャンペーンは有料プラン新規購入者向けの抽選・先着企画と新規無料会員登録者向けの抽選企画の3種類で構成されており、参加にはPolygonブロックチェーンのウォレットアドレスが必要である。
404.0,2025-11-29 02:00:00,Secured Finance（セキュアード・ファイナンス）とは？JPYCの運用方法を徹底解説 - CoinPost,https://coinpost.jp/?p=669577,coinpost.jp,解説・論説、活用事例,1.0,Secured Finance、JPYCマーケット、ゼロクーポン債,85.0,EVT-20251121-03,2025-11-21,done,Secured Financeはブロックチェーン上で暗号資産を固定金利・満期付きで取引できるDeFiプロジェクトで、11月10日から日本円建ての「JPYCマーケット」が稼働しました。JPYCマーケットではゼロクーポン債の仕組みを応用した固定金利モデルにより、JPYCを貸して利回りを得たり、暗号資産を担保にJPYCを借りたりすることが可能で、満期時の受取額が事前に明確になるため資金計画が立てやすい特徴があります。
405.0,2025-11-29 17:00:00,11月29日の仮想通貨ニュース｜日本初JPYC、Morpho採用へ - Bitget,https://www.bitget.com/ja/news/detail/12560605089427,bitget.com,提携・連携、活用事例,0.0,Morpho、PAO TECH Labs、Euler Finance,95.0,EVT-20251128-01,2025-11-28,done,日本円連動型ステーブルコインJPYCが、レンディングプロトコル大手MorphoのグローバルネットワークとEuler Financeに導入され、DeFi環境でのJPYCの貸し出しや借り入れが可能になる。PAO TECH PTE. LTD.がCurator事業に参入し、両プロトコル上でJPYC貸借マーケットの構築を予定している。
406.0,2025-12-01 17:00:00,NewLo、日本円建てステーブルコイン「JPYC」とのポイント交換機能をリリース。リリースキャンペーンも開始！ - PR TIMES,https://prtimes.jp/main/html/rd/p/000000009.000158601.html,prtimes.jp,活用事例、取扱い・対応,0.0,NewLo株式会社、NewLoクエスト,75.0,EVT-20251201-01,2025-12-01,done,NewLo株式会社は、ポイントサイト「NewLoクエスト」において、NewLoポイントを日本円建てステーブルコイン「JPYC」に交換できる機能をリリースしました。ユーザーはブロックチェーン上で安全かつ即時にポイントをJPYCに交換し、より安定した価値として保持・利用できるようになります。同時に法人向けのステーブルコイン決済・ポイントシステムのソリューション提供も開始しました。
407.0,2025-12-01 17:31:14,ステーブルコインJPYCの購入方法｜6%キャッシュバックで決済も - crypto-times.jp,https://crypto-times.jp/how-to-buy-jpyc/,crypto-times.jp,活用事例、取扱い・対応,0.0,Tria、JPYC EX、HashPort Wallet,75.0,EVT-20251121-05,2025-11-21,done,JPYCは「1 JPYC = 1円」の日本円連動型ステーブルコインで、銀行振込で購入でき、Visa加盟店での決済に利用可能です。仮想通貨クレジットカード「Tria」を使用することで最大6%のキャッシュバックを受けながらJPYCで日常決済ができます。
409.0,2025-12-02 02:00:00,【墨汁うまい氏寄稿】キープレイヤーが語る、日本のステーブルコイン普及激論会──暗号屋主催イベントレポート：前編 - Yahoo!ニュース,https://news.yahoo.co.jp/articles/6e926047f1ed0f482c1312b5036cba4fac1efda7,news.yahoo.co.jp,解説・論説、競合・市場環境,1.0,暗号屋、JPYC株式会社、岡部典孝、ふくおかフィナンシャルグループ,65.0,,,done,金融庁がJPYCを認可したことで日本でもステーブルコイン普及が加速しており、福岡で開催されたイベントではJPYC株式会社代表取締役の岡部氏、周南公立大学教授の内田氏、みんなの銀行の渋谷氏が登壇した。JPYCの発行残高は2025年11月末時点で約2億円と目標の10兆円に遠く及ばない状況で、岡部氏は需要の増加で伸びると考える一方、内田氏は金融庁認可までのコストと今後のAML対応の必要性を指摘した。
408.0,2025-12-02 02:00:00,JPYCがDeFi大手と提携、円建てレンディングと固定金利を実現 - CoinPartner,https://coinotaku.com/news/articles/239602,coinotaku.com,提携・連携、活用事例,0.0,Morpho、Euler Finance、Secured Finance,85.0,EVT-20251128-01,2025-11-28,done,JPYCは、Morpho、Euler Finance、Secured Financeなどの大手DeFi企業と提携し、円建てのレンディング・固定金利サービスを提供開始しました。これにより、日本円ベースでのオンチェーン資産運用が可能になり、ドル建てが主流だったDeFi市場に円建てサービスをもたらします。
410.0,2025-12-03 02:00:00,日本円ステーブルコイン「JPYC」、Ellipticと提携｜マネロン対策強化で安全性向上 - crypto-times.jp,https://crypto-times.jp/news-japanese-yen-stablecoin-jpyc-partners-with-elliptic/,crypto-times.jp,提携・連携、制度・規制,0.0,Elliptic、金融庁、AML,85.0,EVT-20251126-01,2025-11-26,done,ブロックチェーン分析企業Ellipticは、日本の金融庁に承認された国内初の円建てステーブルコイン「JPYC」との提携を発表し、リアルタイムのマネーロンダリング対策（AML）スクリーニングおよびトランザクション監視機能を提供することで、規制に準拠した安全な運用体制を確立する。
411.0,2025-12-03 15:00:04,HashPortウォレット、Pontaポイントでステーブルコインの購入が可能に - CoinPost,https://coinpost.jp/?p=671078,coinpost.jp,取扱い・対応、提携・連携,0.0,HashPort、KDDI、Ponta、au PAY,72.0,EVT-20251203-01,2025-12-03,done,株式会社HashPortは、Web3ウォレットアプリ「HashPort Wallet」に「Pontaポイントオンランプ」と「au PAYオフランプ」の新機能を追加し、約1.2億人の会員を持つPontaポイントからUSDCやcbBTCなどのステーブルコインへの交換（月間2万ポイントまで）が可能になった。また、これらのステーブルコインを使用してau PAYギフトカードを購入し、au PAYマネーライトへチャージすることも可能となった（月間5万円相当まで）。
412.0,2025-12-04 02:00:00,日本円ステーブルコインJPYC保有アドレス、1週間で2.4万増 - crypto-times.jp,https://crypto-times.jp/news-addresses-holding-japanese-yen-stablecoin-jpyc-increased-by-24000-in-one-week/,crypto-times.jp,市場・統計、解説・論説,1.0,Dune、HashPort、Morpho,85.0,EVT-20251127-03,2025-11-27,done,日本円ステーブルコインJPYCの保有アドレス数が1週間で約2万4000増加し、12月3日時点で8万8288に達しました。総流通量も約2億3474万円から約2億5055万円に増加する一方で、1アドレスあたりの平均保有量は減少しており、少額利用者の流入が急速に進んでいることを示唆しています。
413.0,2025-12-04 17:00:00,Avacus、次世代決済ソリューション「Avacus Pay」を発表！円建てステーブルコインJPYCに対応し、いつものQR決済と同じ感覚で日常に溶け込む、新しいWeb3決済体験を提供！ | SOWAKA PTE.LTD.のプレスリリース - PR TIMES,https://prtimes.jp/main/html/rd/p/000000010.000132887.html,prtimes.jp,活用事例、提携・連携、制度・規制,0.0,Avacus、SOWAKA PTE. LTD.、JPYC株式会社、資金移動業,95.0,EVT-20251204-01,2025-12-04,done,"SOWAKA PTE. LTD.が提供するWeb3スーパーアプリ「Avacus」は、JPYC株式会社が発行する円建てステーブルコイン「JPYC」に対応した次世代決済ソリューション「Avacus Pay」を正式発表しました。本サービスはQR表示のみで導入でき、決済手数料0%、ガスレスシステムにより既存のQR決済と同じ感覚で利用できるのが特徴です。2026年Q1にパイロット導入を開始し、初年度は導入1,000店舗、月間流通額1.5億円を目標としています。"
414.0,2025-12-04 21:24:29,日本円ステーブルコイン「JPYC」がQR決済対応｜手数料大幅減なるか - crypto-times.jp,https://crypto-times.jp/news-avacus-pay-officially-launches-qr-code-payment-service-using-japanese-yen-stablecoin-jpyc/,crypto-times.jp,活用事例、取扱い・対応,0.0,SOWAKA PTE. LTD.、Avacus Pay、JPYC株式会社,85.0,EVT-20251204-01,2025-12-04,done,SOWAKA PTE. LTD.はJPYC株式会社の円建て電子決済手段「JPYC」と連携した決済ソリューション「Avacus Pay」を発表し、ガスレスシステムによりブロックチェーンを意識せずQRコード決済と同様の操作感で利用できます。導入店舗はクレジットカード決済の約2.5～3.25%の手数料コストと比較して大幅なコスト削減が見込まれ、2026年第1四半期のパイロット導入から同第2四半期の100店舗拡大を計画しています。
415.0,2025-12-05 17:00:00,10大予測シンポ：ステーブルコイン、金融秩序破壊かイノベーション起爆剤か - 日経ビジネス電子版,https://business.nikkei.com/atcl/gen/19/00814/120300023/,business.nikkei.com,競合・市場環境、解説・論説,1.0,ジーニアス法、テラUSD、USDT、USDC,35.0,,,done,日経BPが2025年11月27～28日に開催したシンポジウムで、ステーブルコインが金融秩序の「創造的破壊」の主役となりうるか議論された。米国で7月に成立した「ジーニアス法」により連邦レベルで初めて包括的な規制枠組みが導入され、テザーのUSDAとサークルのUSDCが約3000億ドル（50兆円弱）の市場規模をけん引している。
416.0,2025-12-07 02:00:00,日本円ステーブルコイン「JPYC」保有者数が急増、3日間で2.4万アドレス増 - crypto-times.jp,https://crypto-times.jp/news-the-number-of-holders-of-the-japanese-yen-stablecoin-jpyc-has-surged-increasing-by-24000-addresses-in-three-days/,crypto-times.jp,市場・統計,0.0,Dune,85.0,EVT-20251207-01,2025-12-07,done,日本円ステーブルコインJPYCの保有者数が急増し、12月3日の8万8288アドレスから12月6日には11万2395アドレスへと3日間で2万4107アドレス増加しました。同期間に総流通量も約2億5055万円から2億6287万7062円へと増加し、1アドレスあたりの平均保有量は2339円となっており、小口保有の新規ユーザーが多数参入していることが推察されます。
417.0,2025-12-07 02:00:00,日本円ステーブルコインJPYC、保有者数が10万アドレス突破 - CryptoDnes.bg,https://cryptodnes.bg/jp/jpyc-stablecoin-holders-surge-japan-crypto/,cryptodnes.bg,市場・統計,0.0,Dune、Tria,85.0,EVT-20251207-01,2025-12-07,done,日本円ステーブルコインJPYCの保有者アドレス数が急増し、12月6日時点で11万2395アドレスに達しました。11月27日の6万4089アドレスから約1週間で2万4000以上増加し、その後も3日間で同規模の増加が続いています。総流通量も11月27日の約2億3474万円から12月6日の2億6287万7062円へ増加し、小口保有の新規アドレスが多数作成されていることが示唆されています。
418.0,2025-12-07 07:00:29,JPYCの買い方・将来性｜JPYC EXで手数料無料・即日発行 - CoinPost,https://coinpost.jp/crypto/stablecoin/jpyc/,coinpost.jp,解説・論説、取扱い・対応、活用事例,1.0,JPYC EX、メタプラネット、LINE NEXT,85.0,,,done,JPYCは2025年10月27日に正式リリースされた日本初の円建てステーブルコインで、1JPYC＝1円で日本円と完全連動し、価格変動リスクがなく銀行を介さない即時送金が可能です。2026年6月時点で累計発行額は30億円を突破し、LINE NEXTのUnifiウォレットやダイナースクラブのポイント交換など日常決済への統合が進んでいます。JPYC EXを通じてマイナンバーカード認証後に日本円を入金するだけでウォレットにJPYCが即時発行され、Polygon・Avalanche・Ethereum・Kaiaの4チェーンで利用できます。
419.0,2025-12-07 13:46:21,【今週のJPYCまとめ】日本円ステーブルコイン「JPYC」保有者数が急増。QR決済対応へ - crypto-times.jp,https://crypto-times.jp/news-the-number-of-holders-of-the-japanese-yen-stablecoin-jpyc-has-surged-and-it-will-support-qr-payments/,crypto-times.jp,市場・統計、取扱い・対応、活用事例,0.0,SOWAKA PTE. LTD.、Avacus Pay、保有アドレス数,95.0,EVT-20251204-01,2025-12-04,done,日本円ステーブルコイン「JPYC」の保有者が12月3日から12月6日の3日間で2万4107アドレス増加し、11万2395アドレスに達した。また、Web3テック企業SOWAKAが「JPYC」に対応したQR決済ソリューション「Avacus Pay」を発表し、ガス代を自動処理するガスレスシステムにより、ユーザーがブロックチェーンを意識せず決済できるようになった。
420.0,2025-12-08 02:00:00,JPYCの買い方・使い方まとめ｜何ができる？今後の活用法・注意点を徹底解説 - CoinPost,https://coinpost.jp/?p=643693,coinpost.jp,解説・論説、活用事例、取扱い・対応,1.0,JPYC EX、MetaMask、Morpho,95.0,,,done,JPYC株式会社は2025年10月27日に日本初の円建てステーブルコイン「JPYC」と専用プラットフォーム「JPYC EX」を正式リリースし、2026年2月18日時点で総流通量は4億円を超えている。JPYCは日本円と1:1で連動し、MetaMaskなどのWeb3ウォレットを通じて、Polygon・Avalanche・Ethereumの3つのブロックチェーン上で送金・決済・DeFi運用などに利用可能である。
421.0,2025-12-08 02:00:00,Avacus PayでJPYC店舗決済 QRコードで手数料0％を実現する次世代Web3ソリューション - innovaTopia,https://innovatopia.jp/blockchain/blockchain-news/73734/,innovatopia.jp,活用事例、提携・連携、制度・規制、解説・論説,1.0,Avacus Pay、SOWAKA PTE. LTD.、資金移動業,95.0,EVT-20251204-01,2025-12-04,done,SOWAKA PTE. LTD.は2025年12月4日、Web3スーパーアプリ「Avacus」において、日本円建てステーブルコイン「JPYC」と連携する決済ソリューション「Avacus Pay」を発表した。本サービスはQRコード表示による支払いで決済手数料0％を実現し、レジ改修や専用端末が不要で、2026年Q1からパイロット導入を開始予定である。
422.0,2025-12-08 11:31:00,【材料】 アライドアキが一時１９％高、ＪＰＹＣとステーブルコインを活用した次世代マーケティングで連携 - かぶたん,https://kabutan.jp/news/marketnews/?b=n202512080326,kabutan.jp,提携・連携、活用事例,0.0,アライドアキ、Morpho,75.0,EVT-20251208-01,2025-12-08,done,アライドアキがJPYCとステーブルコインを活用した次世代マーケティングで連携し、従来のポイント・クーポン施策では困難だった「少額×大量×瞬時」の配布やデジタルウォレットを通じた新しい顧客体験の創出が可能になる。取り組みの第１弾として、12月19日にマーケティング担当者向けの無料オンラインセミナーを共催する予定。
423.0,2025-12-08 14:49:33,AvacusがJPYC連携の新決済「Avacus Pay」を正式発表 QR決済型UXでWeb3利用を日常へ拡張する新モデル - PlusWeb3,https://plus-web3.com/media/latestnews_1000_6726/,plus-web3.com,取扱い・対応、活用事例、解説・論説,1.0,Avacus Pay、SOWAKA PTE.LTD.、資金移動業,95.0,EVT-20251204-01,2025-12-04,done,"SOWAKA PTE.LTD.は2025年12月4日、JPYC株式会社の円建てステーブルコインJPYCに対応した新決済「Avacus Pay」を発表した。QR決済型で手数料0％、ガスレス処理により既存の店舗オペレーションを損なわずにWeb3決済を実現し、2026年第1四半期からパイロット導入を開始し初年度1,000店舗導入を目指している。"
424.0,2025-12-08 17:00:00,アライドアーキテクツがJPYC社とステーブルコインを活用した次世代マーケティングで連携を開始 - アライドアーキテクツ株式会社,https://www.aainc.co.jp/news-release/2025/02657/,aainc.co.jp,提携・連携、活用事例,0.0,アライドアーキテクツ、JPYC株式会社、岡部典孝,85.0,EVT-20251208-01,2025-12-08,done,アライドアーキテクツ株式会社とJPYC株式会社は、円建ステーブルコイン「JPYC」を活用した次世代マーケティングで連携を開始し、12月19日（金）に企業のマーケティング担当者向けの共催オンラインセミナーを開催する。ステーブルコインの基礎から活用可能性まで、両社の知見を組み合わせて、従来のポイント・クーポン施策では困難だった「少額×大量×瞬時」の配布や新しい顧客体験の創出といった可能性を提案する。
425.0,2025-12-08 18:23:47,【企業リーダー向け10名特別枠】CoinDesk JAPAN / N.Avenue Club「Year End Party 2025」 - NADA NEWS,https://www.nadanews.com/327302/,nadanews.com,提携・連携,0.0,CoinDesk JAPAN、N.Avenue Club、岡部典孝,45.0,,,done,CoinDesk JAPANとN.Avenue clubは12月16日に「Year End Party 2025」を開催し、企業リーダー向けの特別招待枠10名を公募する。川崎ひでと氏、宮田裕章氏、岡部典孝氏らが登壇し、ステーブルコインを活用した日本の「IP・食・観光」の輸出戦略について議論する予定である。
429.0,2025-12-09 02:00:00,アライドアキが一時１９％高、ＪＰＹＣとステーブルコインを活用した次世代マーケティングで連携 - みんかぶ,https://minkabu.jp/news/4395877,minkabu.jp,提携・連携、活用事例,0.0,アライドアーキテクツ、JPYC,85.0,EVT-20251208-01,2025-12-08,done,アライドアーキテクツがJPYC（東京都千代田区）と、円建ステーブルコイン「JPYC」を活用した次世代マーケティングで連携を開始し、株価が一時19％高の308円まで上昇した。両社の連携により、従来のポイント・クーポン施策では困難だった「少額×大量×�时時」の配布やデジタルウォレットを通じた新しい顧客体験の創出が可能になると判断されている。
428.0,2025-12-09 02:00:00,JPYC株式会社、アライドアーキテクツと提携｜新しい顧客体験の実現へ - crypto-times.jp,https://crypto-times.jp/news-jpc-co-ltd-partners-with-allied-architects/,crypto-times.jp,提携・連携、活用事例,0.0,アライドアーキテクツ、岡部典孝,85.0,EVT-20251208-01,2025-12-08,done,JPYC株式会社は12月8日にアライドアーキテクツと連携を開始し、円建ステーブルコイン「JPYC」の特性とアライドアーキテクツのSaaS・AI技術・マーケティング支援を組み合わせることで、デジタルウォレットを通じた即時配布や全員還元など新しい顧客体験の実現を目指します。取り組みの第一弾として12月19日に共催オンラインセミナーが開催される予定です。
426.0,2025-12-09 02:00:00,アライドアーキテクツがJPYC社とステーブルコインを活用した次世代マーケティングで連携を開始 - PR TIMES,https://prtimes.jp/main/html/rd/p/000000345.000058547.html,prtimes.jp,提携・連携、活用事例,0.0,アライドアーキテクツ株式会社、JPYC株式会社,85.0,EVT-20251208-01,2025-12-08,done,アライドアーキテクツ株式会社とJPYC株式会社は、日本円ステーブルコイン「JPYC」を活用した次世代マーケティングの連携を開始し、12月19日（金）に企業のマーケティング担当者向けの共催セミナー「ステーブルコイン×マーケティングの未来」を開催する。両社は、ステーブルコインの少額・瞬時・低コストでの配布機能とマーケティング支援の知見を組み合わせることで、従来のポイント・クーポン施策では実現困難だった新しいマーケティング施策の実現を目指す。
427.0,2025-12-09 02:00:00,企業はなぜ今、ステーブルコインを検討するのか?～各業界トップランナーが語る、導入のリアルと未来～ | TIS株式会社 - ドリームニュース,https://www.dreamnews.jp/press/0000336364,dreamnews.jp,解説・論説,1.0,TIS株式会社、double jump.tokyo株式会社、JPYC株式会社,45.0,,,done,法整備の進展と国内初の円建てステーブルコインであるJPYCの発行決定を背景に、ステーブルコインの普及が広がりを見せている中、TIS株式会社とdouble jump.tokyo株式会社が共催するウェビナーでは、発行、システム開発、ガバナンス、会計などの各領域のトップランナーが最新動向からユースケース、導入課題までを解説する。本ウェビナーは2025年11月に開催されたオフラインイベントのアーカイブ配信で、2025年12月から2026年3月にかけて複数回開催予定であり、参加は無料である。
430.0,2025-12-10 02:00:00,ステーブルコインでビジネス課題を解決するアイディアソン「Stablecoin(JPYC) Innovation Challenge 2025」を開催 - PR TIMES,https://prtimes.jp/main/html/rd/p/000000128.000024483.html,prtimes.jp,実証実験、提携・連携,0.0,株式会社シーエーシー、Komlock lab株式会社、TECHFUND Inc.,75.0,EVT-20251210-01,2025-12-10,done,"株式会社シーエーシーは、Komlock lab株式会社およびTECHFUND Inc.と共同で、2025年12月9日から2026年1月23日にかけてステーブルコイン（JPYC）を用いてビジネス課題を解決するアイディアソン「Stablecoin(JPYC) Innovation Challenge 2025」を開催する。本イベントでは、EC、不動産、エンタメ、物流、経理などの既存産業の課題をステーブルコインで解決するソリューションを募集し、賞金総額600,000 JPY相当（増額予定）を用意している。"
431.0,2025-12-10 02:00:00,TECHFUND、CAC・Komlock labと共同で賞金総額100万円のステーブルコイン活用アイディアソンを開催 - PR TIMES,https://prtimes.jp/main/html/rd/p/000000068.000022017.html,prtimes.jp,実証実験、提携・連携,0.0,TECHFUND、CAC、Komlock lab,75.0,EVT-20251210-01,2025-12-10,done,TECHFUND、CAC、Komlock labは、日本円建ステーブルコイン「JPYC」を活用した既存産業の課題解決アイディアソン「Stablecoin(JPYC) Innovation Challenge2025」を2025年12月9日から2026年1月23日の期間で開催します。EC、不動産、エンタメ、物流、経理など各業界の課題に対するソリューションを募集し、賞金総額100万円以上、JPYC代表の岡部典孝氏を審査員に迎えて、開発から監査までを支援します。
432.0,2025-12-10 02:00:00,Komlock lab、CAC・TECHFUNDらと「通貨」のアップデートをテーマとした「Stablecoin(JPYC) Innovation Challenge 2025」を開催 - PR TIMES,https://prtimes.jp/main/html/rd/p/000000008.000166095.html,prtimes.jp,実証実験、提携・連携,0.0,Komlock lab、CAC、TECHFUND,85.0,EVT-20251210-01,2025-12-10,done,Komlock lab、CAC、TECHFUNDの3社は、ステーブルコイン「JPYC」を活用してEC、不動産、物流、経理などの既存産業の課題を解決するアイディアソン「Stablecoin(JPYC) Innovation Challenge 2025」を2025年12月9日より開催します。本イベントは単なる実証実験ではなく、ビジネスとして持続可能なユースケースを生み出すことを目的としており、賞金総額60万円以上の複数の賞が用意されています。
433.0,2025-12-10 15:36:02,CAC、ステーブルコインでビジネス課題を解決するアイディアソン「Stablecoin（JPYC）Innovation Challenge 2025」開催決定 - あたらしい経済,https://www.neweconomy.jp/posts/526932,neweconomy.jp,実証実験,0.0,CAC、Komlock lab、TECHFUND,75.0,EVT-20251210-01,2025-12-10,done,"CACなど3社が共同開催するアイディアソン「Stablecoin(JPYC) Innovation Challenge 2025」では、ステーブルコインでビジネス課題を解決するアイデアを募集し、確定賞金額は600,000円から協賛企業により増額される予定である。エントリーおよび企画書提出期間は12月9日から1月7日で、「革新性」「実現可能性」「社会的インパクト」の3つの基準で審査される。"
434.0,2025-12-10 16:39:00,日本円ステーブルコイン「JPYC」は本当に便利？導入店舗が語るメリットと課題 - crypto-times.jp,https://crypto-times.jp/merits-and-challenges-discussed-by-stores-that-have-adopted-jpyc/,crypto-times.jp,活用事例、解説・論説,1.0,PayPay、Morpho,75.0,EVT-20251210-02,2025-12-10,done,"日本円ステーブルコイン「JPYC」を導入した店舗では、クレジットカード決済の手数料削減（月商1,000万円規模で年間約360万円）や現金管理の業務負担軽減が期待できる一方、ブロックチェーン介在による着金確認時間の遅延や秘密鍵漏洩・ハッキング等のセキュリティリスクが課題となっている。"
435.0,2025-12-10 18:09:32,「Pontaポイント→ステーブルコイン交換」徹底解説｜KDDI×HashPortが生む新Web3経済でポイントを一瞬で“ほぼ現金化”！投機チャンスと注意点を初心者向けに解説 - NFT-TIMES,https://nft-times.jp/blockchain/133018/,nft-times.jp,取扱い・対応、提携・連携、解説・論説,1.0,KDDI、HashPort、au PAY,85.0,EVT-20251203-01,2025-12-03,done,KDDIとHashPortが2025年12月1日から連携し、「HashPort Wallet」でPontaポイント（会員約1.2億人）を円建てステーブルコイン等へ直接交換できるサービスを開始します。ポイントがブロックチェーン上で高速・安価に送金可能になり、au PAYギフトカードへの逆交換も可能で、消費と投資の利用シーンが広がる見込みです。
437.0,2025-12-11 02:00:00,JPYC株式会社、次世代金融カンファレンスMoneyX 2026の企画・運営として参画決定 - CoinPost,https://coinpost.jp/?p=672677,coinpost.jp,提携・連携,0.0,MoneyX 2026、WebX実行委員会、SBIホールディングス,65.0,EVT-20251211-01,2025-12-11,done,JPYC株式会社は、2026年2月27日にザ・プリンス パークタワー東京で開催される次世代金融カンファレンス「MoneyX 2026」の共催企業として参画する。本カンファレンスは、ステーブルコイン制度の整備と改正資金決済法の施行を背景に、「通貨そのものの進化と社会実装」をテーマとして、産官学のリーダーたちが通貨の再定義について議論する場となる。
436.0,2025-12-11 02:00:00,"JPYC株式会社、Progmat, Inc.、SBIホールディングス、CoinPostが共催する次世代金融カンファレンス「MoneyX 2026」開催決定 - NFT-TIMES",https://nft-times.jp/blockchain/133050/,nft-times.jp,提携・連携,0.0,"Progmat, Inc.、SBIホールディングス、CoinPost",75.0,EVT-20251211-01,2025-12-11,done,"JPYC株式会社、Progmat, Inc.、SBIホールディングス、CoinPostが共催する次世代金融カンファレンス「MoneyX 2026」が2026年2月27日にザ・プリンスパークタワー東京で開催されます。本カンファレンスは、ステーブルコイン正式認可と改正資金決済法施行を背景に、「通貨そのものの進化と社会実装」をテーマとし、産官学のリーダーが通貨の再定義について議論します。"
438.0,2025-12-12 02:00:00,ステーブルコインは電子マネーを超えられるか？JPYCにも関心集まる - crypto-times.jp,https://crypto-times.jp/news-can-stablecoins-surpass-digital-currencies-interest-in-jpypc-also-rises/,crypto-times.jp,競合・市場環境、解説・論説,1.0,Alipay+、PayPay、韓国観光市場,25.0,,,done,Alipay+は韓国における訪韓外国人観光客の利用が拡大し決済総額が前年比16%増加したことを明らかにし、特に美容クリニックや交通機関での利用が大幅に伸長しました。日本円に連動するステーブルコイン「JPYC」を含む決済手段の多様化が進む中、ブロックチェーン技術を活用した新たな決済インフラが国境を越えた決済に応用される可能性が期待されています。
439.0,2025-12-13 16:16:22,日本円ステーブルコイン「JPYC」、総流通量3億円突破 - crypto-times.jp,https://crypto-times.jp/news-japanese-yen-stablecoin-jpyc-exceeds-300-million-yen-in-total-circulation/,crypto-times.jp,市場・統計,0.0,Dune、crypto-times.jp,85.0,EVT-20251207-01,2025-12-07,done,日本円ステーブルコイン「JPYC」の総流通量が11月27日の約2億3474万円から12月13日に約3億481万円に増加し、3億円を突破しました。保有者アドレス数は11月下旬から急増して12月13日に10万2819となり、1アドレスあたりの平均保有量が2965円と少額であることから、大口投資家ではなく小口ユーザーによる決済利用が主体となっていることがわかります。
440.0,2025-12-15 02:00:00,【今週のJPYCまとめ】JPYC導入店舗の体験談が話題に。総流通量3億円突破 - crypto-times.jp,https://crypto-times.jp/news-weekly-jpyc-news-for-december-13th/,crypto-times.jp,活用事例、市場・統計,0.0,Alipay+、crypto-times.jp,85.0,EVT-20251210-02,2025-12-10,done,日本円連動ステーブルコイン「JPYC」の導入店舗の体験談が話題となり、既存のキャッシュレス決済に代わる「手数料ほぼゼロ」の決済手段が事業者の利益構造を改善する可能性が示唆されています。オンチェーンデータでも保有者アドレス数の急増と総流通量が3億円を突破するなど、ブロックチェーン技術を活用した新たな決済インフラとしての期待が高まっています。
441.0,2025-12-16 02:00:00,ステーブルコインJPYCの活用法を探る｜ワークショップが18日開催 - crypto-times.jp,https://crypto-times.jp/nws-jpyc-workshop/,crypto-times.jp,実証実験、活用事例,0.0,Stablecoin Innovation Challenge 2025、山口夏生氏、mameta氏,75.0,EVT-20251210-01,2025-12-10,done,日本円ステーブルコインJPYCの活用アイディアを探るオンラインワークショップが12月18日に開催されます。ECや不動産、地域通貨などのビジネスシーンでJPYCの仕組みやガスレス決済がどのように活用できるか、国内外の最新事例を交えて解説されます。JPYCは12月13日時点で総流通量が約3億481万円に到達し、保有者アドレス数も10万2819と急増しています。
442.0,2025-12-16 02:00:00,国内でもステーブルコイン法と呼ばれる仮想 資産2段階立法が速度を上げている中で、第1回ワールドクリプトフォーラムで深い議論が行われる予定だ。 - 매일경제,https://www.mk.co.kr/jp/stock/11491851,mk.co.kr,制度・規制、競合・市場環境,0.0,JPYC株式会社、岡部憲孝、プログマット、ワールドクリプトフォーラム,55.0,,,done,国内でステーブルコイン法などの仮想資産2段階立法が進む中、第1回ワールドクリプトフォーラムでは日本のJPYCやプログマット、ビザなどが、ステーブルコイン導入による変化や韓日協力の可能性、グローバル決済への応用などについて議論する予定である。国内金融会社も新韓金融グループなどがステーブルコインを中心としたウェブ3進出戦略のロードマップを公開する。
443.0,2025-12-16 09:35:32,メタマスクがビットコイン対応を追加、法定通貨での購入や送金が可能に - CoinPost,https://coinpost.jp/?p=674711,coinpost.jp,取扱い・対応,0.0,MetaMask、ビットコイン,15.0,,,done,メタマスクが12月16日にビットコインのネイティブサポートを追加し、ユーザーは法定通貨での直接購入やビットコインネットワーク上での送金、他資産との交換が可能になった。最新版へのアップデートでマルチチェーンアカウント内にビットコインアドレスが自動生成され、デビットカードやクレジットカード、ペイパルなど複数の決済手段に対応している。
444.0,2025-12-16 10:00:00,SBIとスターテイル、円ステーブルコイン共同開発へ──2026年度1Qの発行目指す - NADA NEWS,https://www.nadanews.com/329094/,nadanews.com,提携・連携、発行・資金、制度・規制,0.0,SBIホールディングス、Startale Group、新生信託銀行、SBI VCトレード,45.0,,,done,SBIホールディングスとStartale Groupは、日本円建てステーブルコインの共同開発・提供に向けて12月16日に基本合意書を締結し、2026年度1Qの発行を目指している。スターテイルが技術開発を、SBIグループが規制対応と流通促進を担当し、新生信託銀行がステーブルコイン発行・償還を、SBI VCトレードが流通促進を担う。
445.0,2025-12-16 10:21:04,SBI、円建てステーブルコイン発行へ 流通まで一括提供 - 日本経済新聞,https://www.nikkei.com/article/DGXZQOUB153ZK0V11C25A2000000/,nikkei.com,提携・連携、競合・市場環境,0.0,SBIホールディングス、スターテイルグループ、SBIVCトレード,45.0,,,done,SBIホールディングスは2026年6月にも円建てステーブルコインを国内で発行すると発表し、傘下の暗号資産交換業者と連携してステーブルコインの発行から流通、顧客管理までグループ内で一括提供することを目指す。シンガポールのスターテイルグループと共同開発し、レンディングサービスの提供も計画している。
446.0,2025-12-16 17:00:00,"発行・償還プラットフォーム「JPYC EX」の累計口座開設数が10,000件、累計発行額が5億円を突破 - PR TIMES",https://prtimes.jp/main/html/rd/p/000000294.000054018.html,prtimes.jp,発行・資金、市場・統計,0.0,JPYC EX、JPYC株式会社、資金決済法,95.0,EVT-20251216-01,2025-12-16,done,"JPYC株式会社は、国内初の日本円建ステーブルコイン「JPYC」の発行・償還サービス「JPYC EX」において、2025年12月15日現在で累計口座開設数10,000件、累計発行額5億円を突破したと発表しました。JPYCは日本円と1：1で交換可能で、発行価値の100%以上を日本円と国債で保全しており、決済、送金、マーケティング施策など多様なユースケースで活用が広がっています。"
447.0,2025-12-16 18:20:32,SBI、日本円ステーブルコイン発行へ｜2026年6月予定 - crypto-times.jp,https://crypto-times.jp/news-sbi-to-issue-japanese-yen-stablecoin/,crypto-times.jp,競合・市場環境,0.0,SBIホールディングス、Startle Group、SBIVCトレード,45.0,,,done,SBIホールディングスは2026年6月を目処に日本円の価値と連動するステーブルコインを国内で発行する計画を発表しました。シンガポールのStartale Groupと共同開発し、傘下のSBIVCトレードが流通を担当する見通しです。決済手段としての利用に加え、レンディングサービスによる資産運用需要の取り込みも計画されています。
448.0,2025-12-17 02:00:00,日本円ステーブルコイン「JPYC」をECサイトで使う裏技とは｜手数料・遅延なし - crypto-times.jp,https://crypto-times.jp/news-tips-for-using-jpyc-on-e-commerce-sites/,crypto-times.jp,活用事例、解説・論説,1.0,Tria、TikTok Shop、Polygon,75.0,EVT-20251217-02,2025-12-17,done,日本円ステーブルコイン「JPYC」はTriaのVisaカードを利用することで、TikTok Shopなどのプラットフォームでの日常的な買い物が可能であり、入金手数料や遅延なく即座に決済できることが実証されました。Triaカードは最大6%の仮想通貨キャッシュバックが受けられ、複雑な操作を必要とせず暗号資産を保有しながら実生活での利用が実現しています。
449.0,2025-12-17 02:00:00,【好評につき延長】Avalanche対応を記念した「ステーブルコイン払い100%ボーナスキャンペーン」を2026年1月末まで延長 - PR TIMES,https://prtimes.jp/main/html/rd/p/000000293.000073456.html,prtimes.jp,活用事例、取扱い・対応,0.0,ナッジ株式会社、Nudgeカード、Avalancheネットワーク,65.0,EVT-20251217-01,2025-12-17,done,ナッジ株式会社は、次世代クレジットカード「Nudge」のステーブルコイン払いキャンペーン「ステーブルコイン払い100%ボーナス by Avalanche」を、ユーザーからの好評を受けて2025年12月10日から2026年1月31日まで延長することを発表した。本キャンペーンは、Avalancheネットワーク上でJPYC返済を行ったユーザーのうち100人に1人に対し、返済金額と同額のボーナスを付与するもので、最大10万円までの上限がある。
450.0,2025-12-17 08:41:16,日本円ステーブルコイン「JPYC」、発行額5億円・口座1万件を突破 - NADA NEWS,https://www.nadanews.com/329235/,nadanews.com,発行・資金、市場・統計,0.0,JPYC EX、Polygon、Avalanche、Ethereum,95.0,EVT-20251216-01,2025-12-16,done,"JPYC社は12月16日、日本円建てステーブルコイン「JPYC」の発行・償admin プラットフォーム「JPYC EX」が、累計口座開設数10,000件と累計発行額5億円を突破したと発表した。10月27日のサービス開始から約1カ月半での達成である。JPYCはイーサリアム、ポリゴン、アバランチの3つのブロックチェーン上で発行され、ユーザーは銀行振込で日本円を入金してJPYCを取得し、逆にJPYCを送付して日本円での償還を受けることが可能である。"
451.0,2025-12-17 10:29:57,JPYC EX、開設2カ月で口座1万件突破＝JPYC累計発行額5億円に - BeInCrypto,https://jp.beincrypto.com/stablecoin-jpyc-exchange-reaches-10000-accounts/,jp.beincrypto.com,市場・統計、発行・資金、取扱い・対応、競合・市場環境,0.0,JPYC EX、JPYC株式会社、Progmat Coin、三菱UFJ銀行,95.0,EVT-20251216-01,2025-12-16,done,日本円建ステーブルコイン「JPYC」の発行・償還プラットフォーム「JPYC EX」が2025年10月27日のサービス開始から約2カ月で累計口座開設数1万件、累計発行額5億円を突破した。JPYCは資金決済法に基づく電子決済手段として、決済や送金など多様な用途で活用されており、2026年には大手銀行やリップル社などの参入により市場競争が激化する見通しである。
452.0,2025-12-17 11:50:24,JPYC EX、累計口座開設1万件・発行額5億円を突破 - CoinPost,https://coinpost.jp/?p=675037,coinpost.jp,発行・資金、市場・統計、提携・連携,0.0,JPYC EX、Secured Finance、HashPort,95.0,EVT-20251216-01,2025-12-16,done,"JPYC株式会社は、日本円建てステーブルコイン「JPYC」の発行・償還プラットフォーム「JPYC EX」において、10月27日のサービス開始から約2か月で累計口座開設数10,000件・累計発行額5億円を突破したと発表した。発行額と償還額の差し引きで総流通量は約2.84億円となっており、実需での利用が進んでいる。"
453.0,2025-12-17 17:00:00,アステリア、ノーコードソフトでIT人材不足を解決 AI活用・ステーブルコイン対応など新技術にも注力 - ログミーFinance,https://finance.logmi.jp/articles/383302,finance.logmi.jp,解説・論説,1.0,アステリア株式会社、ASTERIA Warp、Platio,15.0,,,done,アステリア株式会社は1998年創業のソフトウェアメーカーで、ノーコード技術を用いてIT人材不足の解決を目指しており、経済産業省のデータでは2030年にIT人材が41万人から79万人不足すると予測されている中、同社の主力製品「ASTERIA Warp」は1万社以上で使用され粗利率9割以上を実現している。また、JPYCが8月に金融庁の認定を受けたことも株価上昇に寄与し、同社はブロックチェーン、ウェルビーイングなど先端領域の技術提供にも注力している。
454.0,2025-12-18 00:00:00,企業システムとデータ連携してJPYCの送金・自動化を容易にする 企業向け入出金管理サービス「JPYCゲートウェイ」の提供を発表 | プレスリリース | ニュース - アステリア株式会社,https://jp.asteria.com/news/2025121826626/,jp.asteria.com,活用事例、提携・連携、取扱い・対応,0.0,アステリア株式会社、ASTERIA Warp、JPYC株式会社,92.0,EVT-20251218-01,2025-12-18,done,アステリア株式会社は、日本円建ステーブルコインJPYCの企業利用を容易にする「JPYCゲートウェイ」を開発し、2026年1月13日からβ版の提供を開始します。本サービスは、ウォレット管理やガス代負担などの課題に対応し、ASTERIA Warpのデータ連携技術を活かして企業システムとの連携を実現します。
457.0,2025-12-18 02:00:00,円ステーブルコイン「JPYC」発行・償還サービス、累計口座開設数1万件・累計発行額5億円を突破（あたらしい経済） - Yahoo!ニュース,https://news.yahoo.co.jp/articles/b81f0c0a2ab417eb83f78f35b68569d63ee7d4e5,news.yahoo.co.jp,市場・統計、発行・資金、制度・規制,0.0,JPYC EX、JPYC株式会社、資金移動業者,95.0,EVT-20251216-01,2025-12-16,done,"国内初の日本円建ステーブルコイン「JPYC」の発行・償還サービス「JPYC EX」が、12月15日時点で累計口座開設数10,000件、累計発行額5億円を突破した。JPYCは10月27日に発行開始され、イーサリアム、アバランチ、ポリゴン上で流通し、JPYC社が資金移動業者として運営している。"
455.0,2025-12-18 02:00:00,日本円ステーブルコイン「JPYC」、累計発行額5億円突破 - crypto-times.jp,https://crypto-times.jp/news-jpyc-cumulative-issuance-exceeds-500-million-yen/,crypto-times.jp,発行・資金、市場・統計,0.0,JPYC EX、JPYC株式会社,85.0,EVT-20251216-01,2025-12-16,done,JPYC株式会社は日本円ステーブルコイン「JPYC」の発行・償還プラットフォーム「JPYC EX」において、累計口座開設数1万件、累計発行額5億円を突破したことを発表しました。JPYCは日本円と1対1で交換可能で、ブロックチェーン技術により低コストで即時送金を実現し、発行残高の100%以上が預貯金や国債で保全されています。同社は3年以内に発行残高10兆円規模を目指し、国内外における日本円ステーブルコインの可能性を広げていく方針です。
456.0,2025-12-18 02:00:00,Hashedのキム・ソジュン氏＆JPYC の岡部典孝氏、「BWB 2025」基調講演に登壇…デジタル資産の未来ビジョンに“注目集中” - ニフティニュース,https://news.nifty.com/article/world/korea/12211-4786155/,news.nifty.com,提携・連携,0.0,Hashed、キム・ソジュン氏、岡部典孝氏、Blockchain Week in Busan 2025,65.0,EVT-20251218-02,2025-12-18,done,Hashed代表のキム・ソジュン氏とJPYC代表の岡部典孝氏が2025年12月22日にシグニエル釜山で開催される「Blockchain Week in Busan 2025」の基調講演者として登壇し、キム氏はRWA・Web3.0インフラが切り拓く新たな金融秩序について、岡部氏は日本のステーブルコイン制度化の経験に基づき韓国ウォンのデジタル化の方向性について発表する。
458.0,2025-12-18 13:06:43,JPYCが30兆円規模へ加速、企業向け「JPYCゲートウェイ」が1月開始 - crypto-times.jp,https://crypto-times.jp/news-jpyc-gateway-launches-in-january/,crypto-times.jp,活用事例、提携・連携,0.0,アステリア株式会社、JPYCゲートウェイ、ASTERIA Warp,85.0,EVT-20251218-01,2025-12-18,done,アステリア株式会社は、日本円建ステーブルコインJPYCの企業導入を支援する「JPYCゲートウェイ」を2026年1月13日からベータ版で提供開始します。本製品はウォレット管理やガス代、会計監査対応といった企業の課題を解決し、オンラインバンキング同様の操作性と既存システムとの連携により、ステーブルコインの社会実装を推進します。
459.0,2025-12-18 15:08:39,ハイパーリキッド、約1557億円相当のトークンをバーン認定へ 供給量13%削減目指す - CoinPost,https://coinpost.jp/?p=675540,coinpost.jp,,0.0,ハイパーリキッド、ハイパー財団、HYPEトークン,0.0,,,done,"ハイパー財団は、アシスタンスファンドに保管されている約10億ドル（1,557億円）相当のHYPEトークンを正式にバーン認定する提案を発表した。バリデーター投票により承認されれば、流通供給量の13%以上に相当する約3,700万HYPEが永久に除外される。"
460.0,2025-12-19 02:00:00,ナッジ、JPYC返済の全額キャッシュバックキャンペーンを1月末まで延長 - ポイ探ニュース,https://www.poitan.jp/archives/157533,poitan.jp,取扱い・対応,0.0,ナッジ、ナッジカード,65.0,EVT-20251217-01,2025-12-17,done,ナッジは、ステーブルコイン「JPYC」でナッジカードの返済を行った利用者を対象に、抽選で100人に1人が返済額の全額をキャッシュバック（上限10万円）するキャンペーンを、2026年1月31日（土）まで延長すると発表した。当初は2025年10月27日から12月10日までの予定だったが、好評を受けて期間が延長された。
462.0,2025-12-19 17:00:00,アライドアーキテクツのXキャンペーン支援ツール「echoes」が日本円建ステーブルコイン「JPYC」とインセンティブ連携を開始 - アライドアーキテクツ株式会社,https://www.aainc.co.jp/news-release/2025/02659/,aainc.co.jp,提携・連携、活用事例,0.0,アライドアーキテクツ、echoes、岡部典孝,85.0,EVT-20251208-01,2025-12-08,done,アライドアーキテクツのXキャンペーン支援ツール「echoes」が、JPYC株式会社の日本円建ステーブルコイン「JPYC」とインセンティブ連携を開始しました。この連携により、企業は即時付与や配送コストゼロなどのメリットを活かした柔軟なキャンペーン実施が可能になり、2025年12月19日～29日に記念キャンペーンが開催されます。
461.0,2025-12-19 17:00:00,X キャンペーン支援ツール「echoes」で、日本円建ステーブルコイン「JPYC」とインセンティブ連携が可能に - PR TIMES,https://prtimes.jp/main/html/rd/p/000000295.000054018.html,prtimes.jp,活用事例、提携・連携,0.0,アライドアーキテクツ株式会社、echoes、X キャンペーン支援ツール,85.0,EVT-20251208-01,2025-12-08,done,JPYC株式会社とアライドアーキテクツ株式会社が、X キャンペーン支援ツール「echoes」で日本円建ステーブルコイン「JPYC」をキャンペーンインセンティブとして活用できる新機能の提供を開始しました。JPYCの即時送金と低コストの特性を活かし、企業のマーケティングキャンペーンにおいて、従来のポイントやクーポンより体験価値の高いインセンティブ提供を実現します。
463.0,2025-12-19 17:00:00,ＣＡＩＣＡ ＤＩＧＩＴＡＬ[2315]：当社子会社が提供するJPYC決済ソリューションの新規販売停止について 2025年12月19日(適時開示) ：日経会社情報DIGITAL - 日本経済新聞,https://www.nikkei.com/nkd/disclosure/tdnr/20251219522538/,nikkei.com,リスク・懸念、取扱い・対応,0.0,CAICA DIGITAL、子会社,75.0,EVT-20251219-01,2025-12-19,done,CAICA DIGITAL[2315]は、2025年12月19日に当社子会社が提供するJPYC決済ソリューションの新規販売を停止することを発表した。
465.0,2025-12-20 02:00:00,アライドアーキテクツのXキャンペーン支援ツール「echoes」が日本円建ステーブルコイン「JPYC」とインセンティブ連携を開始 - アライドアーキテクツ株式会社,https://www.aainc.co.jp/news-release/2025/02659.html,aainc.co.jp,活用事例、提携・連携,0.0,アライドアーキテクツ、echoes、JPYC株式会社,85.0,EVT-20251208-01,2025-12-08,done,アライドアーキテクツのXキャンペーン支援ツール「echoes」が、JPYC株式会社の日本円建ステーブルコイン「JPYC」とのインセンティブ連携を開始しました。ブロックチェーン技術により、企業は数秒～数分で報酬を付与でき、ユーザーは即座にJPYCを受け取ることができるメリットがあります。本連携を記念し、2025年12月19日～29日に200JPYC（200円相当）を抽選で100名に付与するXキャンペーンが実施されます。
464.0,2025-12-20 02:00:00,JBA Blockchain Award 2025で『Product/Service of the Year』部門の他、５部門中４部門を受賞 - PR TIMES,https://prtimes.jp/main/html/rd/p/000000296.000054018.html,prtimes.jp,制度・規制,0.0,JBA Blockchain Award 2025、岡部典孝、日本ブロックチェーン協会,75.0,EVT-20251220-01,2025-12-20,done,JPYC株式会社が発行する日本円ステーブルコイン「JPYC」が、JBA Blockchain Award 2025において「Product/Service of the Year」をはじめとする5部門中4部門を受賞した。JPYCは日本円と1：1で交換可能で、Avalanche、Ethereum、Polygonの3つのチェーンで発行されており、給与受け取りやATM引き出しなど多様なユースケースが期待されている。
466.0,2025-12-21 12:55:32,【今週のJPYCまとめ】JPYCをECサイトで使う裏技とは？企業向けサービスが本格化 - crypto-times.jp,https://crypto-times.jp/news-jpyc-weekly-news-12-21/,crypto-times.jp,活用事例、発行・資金、提携・連携,0.0,Tria、アステリア株式会社、JPYC EX,85.0,EVT-20251218-01,2025-12-18,done,日本円ステーブルコイン「JPYC」は、Triaのカードを利用してECサイトでの購入が可能になり、累計発行額が5億円を突破し、企業導入を支援する「JPYCゲートウェイ」がアステリア株式会社により2026年1月13日から開始されるなど、個人利用と企業導入の両面で進展が加速している。
467.0,2025-12-22 16:40:40,JPYC、「日韓ステーブルコイン」共同研究──韓国IT大手・ITCENと提携 - NADA NEWS,https://www.nadanews.com/330066/,nadanews.com,提携・連携,0.0,ITCENGLOBAL、韓国、デジタル資産基本法,85.0,EVT-20251222-01,2025-12-22,done,JPYC社は韓国IT大手のITCENGLOBALと、将来的な日韓ステーブルコイン発展に向けた共同研究を開始すると発表した。本研究では、デジタル資産基本法の制定に向けた検討が進む韓国の政策動向を共有し、実務運用の観点から有益な知見を得ることを目指している。
468.0,2025-12-22 17:00:00,ITCENと日韓ステーブルコインに向けた共同研究開始のお知らせ | JPYC株式会社のプレスリリース - PR TIMES,https://prtimes.jp/main/html/rd/p/000000297.000054018.html,prtimes.jp,提携・連携,0.0,"ITCENGLOBAL CO., Ltd.、韓国、デジタル資産基本法",85.0,EVT-20251222-01,2025-12-22,done,"JPYC株式会社は、韓国の大手IT企業ITCENGLOBAL CO., Ltd.とステーブルコイン分野における共同研究を開始します。日本がすでに制度化された知見を有する一方で、韓国では政策検討と産業的関心が高まるフェーズにあり、両国の専門家が法務、制度設計、実務運用について建設的な議論を行い、日韓ステーブルコインおよびデジタル資産の発展と国境を越えた連携の可能性を探ります。"
469.0,2025-12-23 02:00:00,JPYC、「日韓ステーブルコイン」共同研究──韓国IT大手・ITCENと提携(NADA NEWS) - Yahoo!ファイナンス,https://finance.yahoo.co.jp/news/detail/0038271d6818fa13602d5fae3513be25db9d9bb9/photo/view-001,finance.yahoo.co.jp,提携・連携,0.0,ITCEN GLOBAL、釜山BDXコンソーシアム、K-Gold,85.0,EVT-20251222-01,2025-12-22,done,JPYC社は、韓国の大手IT企業であるITCEN GLOBALとステーブルコイン分野における共同研究を開始すると12月22日に発表した。本共同研究では、日韓の専門家が日韓ステーブルコインの発展の可能性やRWA分野における研究を行い、アジアにおけるステーブルコインおよびデジタル資産の持続的な発展と、国境を越えた連携の可能性を探ることを目指している。
470.0,2025-12-23 02:00:00,【12/22話題】JPYCとITCENがステーブルコインの共同研究開始、税制改正大綱で暗号資産が申告分離課税に、ビットコインでQUOカードPay購入可能になど（音声ニュース） - あたらしい経済,https://www.neweconomy.jp/posts/531745,neweconomy.jp,提携・連携,0.0,ITCEN GLOBAL、韓国IT大手,35.0,EVT-20251222-01,2025-12-22,done,JPYCが韓国IT大手ITCEN GLOBALとステーブルコイン分野で共同研究を開始し、暗号資産が税制改正大綱により申告分離課税の対象となる（特定銘柄に限る）ほか、ビットコインでQUOカードPay購入が可能になるなど、暗号資産関連の動きが活発化している。
471.0,2025-12-23 02:00:00,JPYC、韓国IT大手ITCEN GLOBALとステーブルコイン分野で共同研究開始（あたらしい経済） - Yahoo!ニュース,https://news.yahoo.co.jp/articles/cd6d156e0639ecf5525c159eee569c82b2ead376,news.yahoo.co.jp,提携・連携,0.0,ITCEN GLOBAL、釜山BDXコンソーシアム、JPYC EX,85.0,EVT-20251222-01,2025-12-22,done,JPYC社は12月22日、韓国IT大手のアイティーセングローバルとステーブルコイン分野における共同研究を開始すると発表した。本共同研究では、日韓の専門家が制度的な考え方や実務上の論点について議論し、将来的な日韓ステーブルコインの発展に向けた可能性を探ることを目指している。
472.0,2025-12-23 17:00:00,SBIホールディングス株式会社、次世代金融カンファレンスMoneyX 2026の企画・運営として参画決定 - PR TIMES,https://prtimes.jp/main/html/rd/p/000000269.000033850.html,prtimes.jp,提携・連携,0.0,SBIホールディングス株式会社、MoneyX 2026、WebX実行委員会,65.0,EVT-20251211-01,2025-12-11,done,SBIホールディングス株式会社は、2026年2月27日にザ・プリンスパークタワー東京で開催される次世代金融カンファレンス「MoneyX」の企画・運営に共催企業として参画します。MoneyXは通貨のデジタル化と社会実装をテーマに、制度・産業・社会の各側面から「通貨の再定義」を議論する1日限りのイベントです。
473.0,2025-12-23 17:13:05,ネットスターズ、羽田空港でステーブルコイン「USDC」導入 - Impress Watch,https://www.watch.impress.co.jp/docs/news/2073718.html,watch.impress.co.jp,実証実験、活用事例,0.0,ネットスターズ、羽田空港、USDC、StarPay,25.0,,,done,ネットスターズは、インバウンド旅行客向けに米ドル建てのステーブルコイン「USDC」を羽田空港第3ターミナル内の一部店舗に導入し、近日中にサービス実証を開始する。StarPayサービスにWEA JAPANのステーブルコイン用QRコードを導入することで、利用者はUSDCウォレットアプリからQRコードを読み込んで決済が可能となり、外国人旅行者の利便性向上と技術面・運用面の課題解決を目指す。
474.0,2025-12-23 18:30:57,CircleのStableFXとは？外国為替をステーブルコインで効率化する戦略を読み解く - CoinPost,https://coinpost.jp/?p=676642,coinpost.jp,競合・市場環境、解説・論説,1.0,Circle、StableFX、Arc,35.0,,,done,CircleのStableFXは、ステーブルコインを用いた機関投資家向けのオンチェーンFXサービスであり、従来のFX市場の非効率なインフラ（バッチ処理、T+1決済など）をブロックチェーンの利点（24時間365日対応、リアルタイム決済）で改善します。売り手と買い手の資金が同時に動く「支払い対支払い」の仕組みにより決済リスクを構造的に排除し、日本円建てステーブルコインのJPYCがCircleのパートナー採択プログラムに選定されました。
475.0,2025-12-24 02:00:00,日本円ステーブルコイン「JPYC」、流通3.6億円へ急伸｜10日で20%急増 - crypto-times.jp,https://crypto-times.jp/news-jpyc-sales-surge-to-360-million-yen/,crypto-times.jp,市場・統計,0.0,Dune、Tria,75.0,EVT-20251224-01,2025-12-24,done,日本円ステーブルコイン「JPYC」の総発行量は約14億8500万円に達し、市場での実質的な流通量は約3億6008万円となっています。直近1ヶ月間で流通量が着実に増加しており、エコシステム内での資金需要の拡大が見られます。一方、保有者アドレス数は短期的に減少していますが、1アドレスあたりの平均保有量は増加しており、決済や施策参加を目的とした小口ユーザーの実需が主体と推測されています。
476.0,2025-12-24 15:00:00,ネットスターズ社、羽田空港の店舗でデジタル通貨「ステーブルコイン」決済を実証、インバウンド向けに - トラベルボイス,https://www.travelvoice.jp/20251224-158991,travelvoice.jp,実証実験、活用事例,0.0,ネットスターズ社、羽田空港、USDC、WEA JAPAN社,45.0,,,done,ネットスターズ社は、米ドル建てステーブルコイン「USDC」を羽田空港第3ターミナルの店舗でインバウンド旅行客向けに実証する。提携するWEA JAPAN社が開発したQRコード決済により、利用者がステーブルコインで支払い、加盟店が簡便に精算できる仕組みを提供する。実証を通じて技術・運用面の課題解決に取り組み、他空港や商業施設への展開を目指す。
477.0,2025-12-24 15:11:29,資さんうどんPayPay停止、手数料ゼロの「JPYC」に注目集まる - crypto-times.jp,https://crypto-times.jp/news-sukesan-udon-jpyc/,crypto-times.jp,活用事例、解説・論説,1.0,資さんうどん、PayPay、JPYC株式会社,75.0,EVT-20251224-02,2025-12-24,done,北九州の人気うどんチェーン「資さんうどん」がPayPayの取り扱いを停止した背景には、外食産業の薄い利益を圧迫する決済手数料の問題があります。この課題に対し、ブロックチェーン技術を活用した日本円ステーブルコイン「JPYC」が手数料ゼロの次世代決済手段として注目を集めており、店舗のコスト負担軽減につながる可能性が期待されています。
478.0,2025-12-24 15:14:26,資さんうどんPayPay停止、手数料ゼロの「JPYC」に注目集まる - crypto-times.jp,https://crypto-times.jp/news-sukesan-udon-paypay-jpyc/,crypto-times.jp,活用事例、解説・論説,1.0,資さんうどん、PayPay、外食産業,85.0,EVT-20251224-02,2025-12-24,done,北九州の「資さんうどん」がPayPayの取り扱いを停止した背景には、外食産業の薄い利益率を圧迫する決済手数料の問題があります。この課題の解決策として、ブロックチェーン技術を活用し手数料がかからない日本円ステーブルコイン「JPYC」が次世代決済手段として注目を集めています。
479.0,2025-12-24 15:19:12,ITCENと日韓ステーブルコインに向けた共同研究開始（JPYC） - ペイメントナビ,https://paymentnavi.com/paymentnews/169119.html,paymentnavi.com,提携・連携,0.0,"ITCENGLOBAL CO., Ltd.、韓国、デジタル資産基本法",85.0,EVT-20251222-01,2025-12-22,done,"日本円ステーブルコイン「JPYC」を取り扱うJPYCは、韓国のITCENGLOBAL CO., Ltd.とステーブルコイン分野における共同研究を開始する。日本がすでに制度化された知見を有する一方で、韓国では政策検討が進むフェーズにあり、両国の専門家が制度的考え方や実務上の論点について議論し、アジアにおけるステーブルコインおよびデジタル資産の発展と国境を越えた連携の可能性を探ることを目指している。"
480.0,2025-12-24 15:33:05,【今日の暗号資産ニュース】資さんうどんPayPay停止でJPYCに注目集まる。BTCの流動性が枯渇か - crypto-times.jp,https://crypto-times.jp/news-todays-cryptocurrency-news-paypay-suspension-and-jpyc-btc-liquidity/,crypto-times.jp,活用事例、市場・統計,0.0,資さんうどん、PayPay、Aave,65.0,EVT-20251224-02,2025-12-24,done,"12月24日時点でビットコインは86,910ドル前後で推移する中、資さんうどんがPayPayの取り扱いを停止したことを受け、手数料問題を解決する決済手段として日本円ステーブルコインのJPYCが注目を集めています。また、10月以降ビットコインの流動性が枯渇し市場が不安定化しており、Aaveトークンも内部対立により過去1週間で約20%下落しています。"
481.0,2025-12-24 17:00:00,TDSE、Komlock labと連携し、AIエージェントによる自律決済経済圏の実現に向けた実証実験を開始 - PR TIMES,https://prtimes.jp/main/html/rd/p/000000047.000092448.html,prtimes.jp,実証実験、提携・連携、活用事例,0.0,TDSE、Komlock lab、KAIZODE、Agentic Commerce,65.0,EVT-20251224-03,2025-12-24,done,TDSE株式会社とKomlock lab株式会社は、AIエージェントが人間の介在なく自律的に決済を行う「Agentic Commerce」の実現に向けた実証実験を開始します。TDSEのリサーチ型テキストマイニングツール『KAIZODE』のAPI化と、日本円ステーブルコイン「JPYC」を用いた自律決済フローの構築を通じて、AIエージェントによるマイクロペイメントの実用性を検証します。
482.0,2025-12-24 18:07:38,日本デジタル分散型金融協会が設立、暗号資産交換業・銀行・証券会社ら会員に - あたらしい経済,https://www.neweconomy.jp/posts/532858,neweconomy.jp,提携・連携、制度・規制,0.0,日本デジタル分散型金融協会（JDFA）、ビットバンク、SBI VCトレード,45.0,EVT-20251224-04,2025-12-24,done,一般社団法人日本デジタル分散型金融協会（JDFA）が12月24日に設立発表され、暗号資産交換業、銀行、証券会社など金融機関が横断的に参加する。同協会はデジタル技術とブロックチェーン技術を基盤とする金融ビジネスに関する検討や提言を行い、会員規則の遵守を通じた利用者保護と日本におけるデジタル分散型金融市場の健全な発展に寄与することを目的としている。
483.0,2025-12-25 02:00:00,住宅ローン原資が消える？ステーブルコイン普及で地銀存続の危機か - crypto-times.jp,https://crypto-times.jp/news-stablecoins-and-the-survival-of-regional-banks/,crypto-times.jp,競合・市場環境、解説・論説,1.0,Tyfone、GENIUS法、地域金融機関,45.0,,,done,米国の「GENIUS法」によるステーブルコイン規制の下で、顧客がステーブルコインに預金をシフトさせた場合、地域金融機関から預金が流出し住宅ローンや中小企業融資の原資が減少する危機が懸念されています。Tyfoneのレポートは、地域金融機関が従来のドル建て貸出とステーブルコイン融資を併行することで、準備金の安全性を保ちながら貸出能力を拡張する「ステーブルコイン融資」への参入を推奨しています。
484.0,2025-12-25 13:50:42,アステリア、JPYC企業利用支援の「JPYCゲートウェイ」発表 - CoinPost,https://coinpost.jp/?p=677207,coinpost.jp,活用事例、提携・連携,0.0,アステリア、JPYCゲートウェイ、ASTERIA Warp,85.0,EVT-20251218-01,2025-12-18,done,ソフトウェア開発会社のアステリアは、日本円建てステーブルコインJPYCの企業利用を支援する「JPYCゲートウェイ」を発表し、2026年1月13日よりβ版の提供を開始する。本サービスはウォレット管理やガス代管理などの企業利用における課題を解決し、Web画面と100以上の既存システム連携を通じて企業担当者がステーブルコインを活用できるようにする。
485.0,2025-12-25 17:00:00,日本初「現金化できるデジタル円」爆誕…金融鎖国ニッポンの“開国”とAI時代の決済革命 - ビジネスジャーナル,https://biz-journal.jp/company/post_392766.html,biz-journal.jp,制度・規制、解説・論説,1.0,金融庁、JPYC株式会社、Circle社（USDC発行体）、岡部典孝,95.0,EVT-20251225-01,2025-12-25,done,JPYC株式会社が金融庁から日本初のステーブルコイン発行ライセンスを取得し、日本円と相互交換できる「真のデジタル円」が誕生した。前払い式電子マネーと異なり、ステーブルコインはいつでも法定通貨に償還でき、米ドルステーブルコイン「USDC」と同規格での発行により、日本円が国際金融ネットワークに参加することになった。外為手数料の削減、即時決済、AIによる自動支払い、給与払いへの応用など、決済インフラが大きく変わる可能性がある。
486.0,2025-12-25 20:11:54,投機から実需へ、暗号資産決済の決定打となったステーブルコイン - crypto-times.jp,https://crypto-times.jp/news-stablecoins-a-decisive-factor-for-cryptocurrency-payments/,crypto-times.jp,競合・市場環境、解説・論説,1.0,Mastercard、MoonPay、ステーブルコイン市場,35.0,,,done,2025年は米国やEU、アジア諸国での規制環境整備により、暗号資産が投機から実用的な決済手段へと転換し、マスターカードとムーンペイの連携によるステーブルコイン利用のウォレット連動型カード発表など、日常決済インフラへの統合が進みました。ドル裏付けのステーブルコイン流通量が50%増加し、クロスボーダー決済やギグワーカー報酬支払いなど実需に基づいたユースケースが拡大しています。
487.0,2025-12-26 02:00:00,国会×Web3最前線、日本円ステーブルコインが徹底議論｜JPYC取締役も参加 - crypto-times.jp,https://crypto-times.jp/news-japanese-yen-stablecoin-discussed-in-depth/,crypto-times.jp,提携・連携、制度・規制,0.0,平将明衆議院議員、バイナンスジャパン、改正資金決済法,75.0,EVT-20251226-01,2025-12-26,done,「AI x web3」カンファレンスで日本版ステーブルコインの未来をテーマとしたキーノートセッションが開催され、JPYC株式会社の岡部典孝代表取締役ら政界・業界の登壇者が国内Web3エコシステムについて議論しました。日本は改正資金決済法の施行によりステーブルコインの制度基盤を整備した国として注目を集めており、現在は社会実装や国際展開に向けた政策と民間事業者の連携推進が重要局面にあります。また、証券会社や銀行、暗号資産関連企業が連携する新たな業界団体が始動し、ステーブルコインや暗号資産投資信託の規制整備について業界横断的な議論が行われる見通しです。
488.0,2025-12-26 02:00:00,アステリア、JPYC企業利用支援の「JPYCゲートウェイ」発表 - Iolite（アイオライト）,https://iolite.net/news/coinpost-677207,iolite.net,活用事例、提携・連携,0.0,アステリア、JPYCゲートウェイ、ASTERIA Warp、岡部典孝,85.0,EVT-20251218-01,2025-12-18,done,ソフトウェア開発会社のアステリアは、日本円建てステーブルコインJPYCの企業利用を支援する「JPYCゲートウェイ」を発表し、2026年1月13日よりβ版の提供を開始する。本サービスはウォレット管理やガス代管理などの企業利用における課題を解決し、Web画面と既存システム連携の両面から100以上のシステムと接続可能である。
489.0,2025-12-26 14:00:27,【2026年最新】ステーブルコインとは？仕組み・種類・リスク・将来性を徹底解説 - CoinPost,https://coinpost.jp/crypto/stablecoin/,coinpost.jp,解説・論説、市場・統計,1.0,CoinPost、JPモルガン、改正資金決済法,45.0,,,done,"ステーブルコインは米ドルや日本円などの法定通貨に価値を連動させたデジタル通貨であり、2025年12月時点で約3,080億ドル（約48兆円）の市場規模に拡大している。日本では2025年10月にJPYCが国内初の認可を取得し、2026年6月にはJPYSCとRLUSDも提供開始予定であり、日本の金融インフラが大きく変わろうとしている。"
490.0,2025-12-27 02:00:00,コムロックラボとTDSE、AIエージェントによる自律決済の実証実験へ。JPYC活用で（あたらしい経済） - Yahoo!ニュース,https://news.yahoo.co.jp/articles/b1aae2c6236935d85bd047edc3d90489f0b03134,news.yahoo.co.jp,実証実験、活用事例,0.0,Komlock lab、TDSE、x402,75.0,EVT-20251224-03,2025-12-24,done,コムロックラボとTDSEが、AIエージェントが人間の介在なく自律的に決済を行う「エージェンティック・コマース」の実証実験を開始する。日本円建てステーブルコイン「JPYC」を活用し、AIが特定商品のレビュー分析結果の取得が必要と判断した場合にJPYCで自律的に決済してデータを取得するフローを構築・検証することで、AIエージェントのユーザビリティやマイクロペイメントの実用性を評価する。
491.0,2025-12-29 05:00:00,世界で広がる｢ステーブルコイン｣の金融侵食／各国で進む制度整備､銀行は｢預金流出｣を危惧 - 東洋経済オンライン,https://toyokeizai.net/articles/-/926475?display=b,toyokeizai.net,市場・統計、競合・市場環境、解説・論説,1.0,JPYC、3メガバンク、金融庁、Progmat,65.0,,,done,2025年は日本における「ステーブルコイン元年」となり、新興フィンテック企業のJPYCが10月に史上初の日本円ステーブルコイン「JPYC」の発行を開始、12月15日時点で累計発行額が5億円を突破し利用が急速に拡大している。国内大手金融機関でも3メガバンクが金融庁の支援を受けてステーブルコイン共同発行の実証実験に取り組み、ゆうちょ銀行も26年度中をメドにトークン化預金の取り扱いを検討している。
492.0,2025-12-30 02:00:00,世界で広がる｢ステーブルコイン｣の金融侵食／各国で進む制度整備､銀行は｢預金流出｣を危惧 - 東洋経済オンライン,https://toyokeizai.net/articles/-/926475,toyokeizai.net,競合・市場環境、解説・論説,1.0,JPYC、3メガバンク、ゆうちょ銀行、ディーカレットDCP,65.0,,,done,2025年は日本の「ステーブルコイン元年」となり、JPYCが10月に史上初の日本円ステーブルコイン「JPYC」を発行開始した。12月15日時点で累計発行額が5億円を突破し、ホルダー数が10万人を超えるなど当初想定を大幅に上回るスピードで利用が拡大している。国内大手金融機関でも3メガバンク共同によるステーブルコイン発行や、ゆうちょ銀行による「トークン化預金」など、ステーブルコインの発行に向けた動きが進み出している。
493.0,2026-01-01 07:00:00,日本初の円建てステーブルコイン「JPYC」、ビットコインなど他の暗号資産と何が違うのか？ 最大の特徴は「価格がほぼ変動しない」こと、貯蓄や運用の本格化も見込まれる - マネーポストWEB,https://www.moneypost.jp/1351730,moneypost.jp,解説・論説,1.0,JPYC、SBI VCトレード、USDC,75.0,,,done,2025年10月27日に正式発行された日本初の円建てステーブルコイン「JPYC」は、1JPYC＝1円でいつでも日本円に払い戻し可能であり、ビットコインなど他の暗号資産と異なり価値がほぼ変動しないのが最大の特徴です。日本国内の銀行預金と日本国債によって価値が保全され、2026年には貯蓄や資産運用での活用が見込まれています。
494.0,2026-01-03 02:00:00,Visaが描く2026年の決済インフラ──JPYC・USDCに見える兆しと、オンチェーン清算という主戦場 - Yahoo!ニュース,https://news.yahoo.co.jp/articles/46cea779bbfc7939025a48d122777585f5f65145,news.yahoo.co.jp,競合・市場環境、解説・論説,1.0,Visa、USDC、Circle,65.0,EVT-20260103-01,2026-01-03,done,Visaは2026年の決済インフラについて、AI、ステーブルコイン、オンチェーン技術が決済環境を再構築すると予測しており、JPYCやUSDCなどのステーブルコインが清算レイヤーに組み込まれ始めている。オンチェーン技術は既存金融を補完するインフラとして機能し、ユーザーは「どう支払っているか」を意識しなくなる決済の不可視化が進む。日本市場でもステーブルコイン決済カードの登場や店舗決済実験など、この動きが具体化し始めている。
495.0,2026-01-03 05:00:00,（シン・経済圏：２）手数料なし、電子決済に新風 変動小さい「ステーブルコイン」最短１秒で送金 - 朝日新聞,https://www.asahi.com/articles/DA3S16374592.html,asahi.com,活用事例、市場・統計,0.0,芝浦田町、朝日新聞,65.0,EVT-20251224-01,2025-12-24,done,日本銀行が発行する紙幣や貨幣ではなく、民間企業によるデジタル通貨「ステーブルコイン」の発行が国内で始まった。この新しい通貨は買い物の支払いや送金に大きな変革をもたらす可能性を秘めている。
496.0,2026-01-04 11:00:00,暮らしを変える？ステーブルコインとは PayPayとも違う新通貨 - 朝日新聞,https://www.asahi.com/articles/ASTDT24T3TDTULFA027M.html,asahi.com,活用事例、解説・論説,1.0,芝浦田町スポーツ整骨院・はり治療院、JPYC社、PayPay,75.0,EVT-20251224-02,2025-12-24,done,民間企業JPYC社が発行する円建てのデジタル通貨「ステーブルコイン」であるJPYCが、2025年11月から国内で決済に使われ始めた。JPYCはスマートフォンのアプリでQRコードを読み取って送金でき、PayPayなどのキャッシュレス決済と異なり決済手数料がかからない特徴を持つ。
497.0,2026-01-05 00:00:00,アステリア株式会社 年頭所感 | お知らせ | ニュース - アステリア株式会社,https://jp.asteria.com/news/2026010526892/,jp.asteria.com,提携・連携、解説・論説,1.0,アステリア株式会社、MikoSea株式会社、ASTERIA Warp,35.0,,,done,アステリア株式会社は2025年、出資するJPYCが日本円建てステーブルコイン発行業者として金融庁に承認されたことなど大きな潮流の中で、データ連携による「つなぐ力」がフィジカルAIを促進し社会を変えると述べています。主力製品「ASTERIA Warp」は19年連続で国内データ連携市場No.1シェアを獲得し、新製品の提供も開始するなど、2026年も「つなぐ技術」と「ノーコード」を核にDXを推進していく方針です。
498.0,2026-01-05 19:58:28,銀行vsJPYC？SMBC幹部が語るステーブルコイン共存の未来とは - crypto-times.jp,https://crypto-times.jp/news-smbc-executive-discusses-the-future-of-stablecoin-coexistence/,crypto-times.jp,提携・連携、競合・市場環境,0.0,三井住友フィナンシャルグループ、磯和啓雄、3メガバンク共同構想,65.0,EVT-20260105-01,2026-01-05,done,SMBCグループは2026年に向けてWeb3およびステーブルコイン領域での取り組みを加速させており、3メガバンク共同によるステーブルコイン構想は規格統一による相互運用性確保を目的としています。JPYCとの比較については、銀行系ならではの既存金融システムとの接続性を強みとしつつ、小口決済領域などでの役割分担による共存が可能であるとしています。
499.0,2026-01-06 02:00:00,日本円ステーブルコイン「JPYC」、流通量14%急減｜年末年始で需要減か - crypto-times.jp,https://crypto-times.jp/news-jpycs-circulation-plummets-14/,crypto-times.jp,市場・統計,0.0,Dune、Tria,75.0,EVT-20251224-01,2025-12-24,done,"日本円ステーブルコイン「JPYC」は2025年12月23日から2026年1月5日にかけて、流通量が約5,000万円相当（約14%）減少し、保有者アドレス数も92,950から86,485へと6,465減少した。この変動は年末年始の期間における利用動向やステーブルコインの還流状況を示唆するものとなっている。"
500.0,2026-01-06 14:31:02,海外取引所は卒業？国内準拠ステーブルコイン「JPYC」で安全に現金化 - crypto-times.jp,https://crypto-times.jp/news-safely-cash-out-with-stablecoin-jpyc/,crypto-times.jp,活用事例、取扱い・対応,0.0,MetaMask、銀行口座、国内取引所,75.0,EVT-20251224-01,2025-12-24,done,日本円連動型ステーブルコイン「JPYC」を活用することで、従来の海外取引所を経由した複雑な現金化プロセスに代わり、個人ウォレットから直接銀行口座への出金が可能になります。この方法は手数料を大幅に削減し、申請の翌日の着金が原則となるため、利便性と安全性の両面で投資家から注目されています。
501.0,2026-01-06 17:00:00,【Year End Party 2025 開催レポート】N.Avenue、業界関係者120名が集う年末イベントを開催──片山財務大臣も来場 - PR TIMES,https://prtimes.jp/main/html/rd/p/000000073.000047016.html,prtimes.jp,提携・連携、制度・規制,0.0,N.Avenue株式会社、片山さつき財務大臣、岡部典孝,45.0,,,done,N.Avenue株式会社は2025年12月16日、東京都港区で業界関係者約120名を集めた「Year End Party 2025」を開催し、ステーボルコインと日本の輸出戦略をテーマにしたSpecial Sessionを実施した。片山さつき財務大臣が来場し、暗号資産の税制について最大55％の総合課税から約20％の分離課税への移行方向が固まりつつあると述べた。
502.0,2026-01-08 17:00:00,HashPort Wallet、Pontaポイント/au PAY マネーライト「1億円あげちゃうキャンペーン」を開催！ - PR TIMES,https://prtimes.jp/main/html/rd/p/000000158.000046288.html,prtimes.jp,取扱い・対応、提携・連携、活用事例,0.0,HashPort Wallet、Ponta、au PAY、Coinbase,45.0,,,done,株式会社HashPortは、Web3ウォレットアプリ「HashPort Wallet」において、2025年12月19日から2026年3月31日までの期間、200円以上のPontaポイントをUSDC、cbBTC、JPYCのいずれかに交換したユーザー全員に200円相当のPontaポイントまたはau PAY マネーライトをプレゼントする「1億円あげちゃうキャンペーン」を開始しました。同時に、Pontaポイントをステーブルコインやビットコインに交換したり、これらを使用してau PAY ギフトカードを購入したりできる新機能もリリースされています。
503.0,2026-01-09 02:00:00,JPモルガン、Digital Assetと提携で預金トークン推進｜JPYCに追い風なるか - crypto-times.jp,https://crypto-times.jp/news-jpmorgan-partners-with-digital-asset/,crypto-times.jp,競合・市場環境、解説・論説,1.0,JPモルガン、Digital Asset、Canton Network,45.0,EVT-20260109-01,2026-01-09,done,JPモルガンのブロックチェーン部門「Kinexys」とDigital Asset社は、預金トークン「JPMコイン（JPMD）」をCanton Network上でネイティブ発行するための提携を発表しました。この動きは、規制に準拠したデジタル通貨が従来の金融システムとWeb3をつなぐ重要な事例であり、同様のビジョンを掲げる日本円ステーブルコイン「JPYC」の展開に大きな示唆を与えるものです。
504.0,2026-01-10 02:00:00,【最新版】日本のステーブルコイン完全ガイド｜JPYC・Progmat Coin・DCJPYの違いと儲け方をプロが解説 - NFT-TIMES,https://nft-times.jp/blockchain/133528/,nft-times.jp,解説・論説、市場・統計、競合・市場環境,1.0,Progmat Coin、DCJPY、Circle、DeCurret DCP,75.0,,,done,日本のステーブルコインは改正資金決済法により電子決済手段として位置づけられ、JPYC・Progmat Coin・DCJPYなど複数の円建てコインが展開されている。これらは準備資産を100％以上現金または国債で保全することが義務づけられており、為替差益・金利収益・流動性マイニングなどでリターンを狙える一方、発行体リスク・為替リスク・価格乖離のリスクを負う。
505.0,2026-01-11 02:00:00,日本円ステーブルコイン「JPYC」、流通量回復も利用アドレス減少続く - crypto-times.jp,https://crypto-times.jp/news-jpyc-circulation-recovers-but-usage-addresses-continue-to-decline/,crypto-times.jp,市場・統計,0.0,Dune、Tria,75.0,,,done,"日本円ステーブルコイン「JPYC」は1月10日時点で総流通量が約3億2,319万円まで回復したものの、保有者アドレス数は12月23日の92,950から85,992まで減少が続いている。アドレス数の減少と流通量の回復により1アドレスあたりの平均保有量は増加しており、一部の大口保有者による影響が強まっていることが示唆されている。"
506.0,2026-01-12 02:00:00,ステーブルコインは「投機資金」から「実需インフラ」へ移行しているのか──JPYCが示す日本市場の現在地【エックスウィンリサーチ】 - NADA NEWS,https://www.nadanews.com/332587/,nadanews.com,市場・統計、解説・論説,1.0,エックスウィンリサーチ、ERC20ステーブルコイン、オンチェーンデータ,65.0,EVT-20260112-01,2026-01-12,done,ステーブルコインは価格変動とは独立してアクティブアドレス数や供給量が増加しており、投機から実需ベースの利用へ移行している。世界では南アジア・東南アジア、ラテンアメリカ、アフリカで国際送金やB2B決済での利用が拡大し、北米・欧州でも商業導入が進む一方、日本ではJPYCへの期待は高まりつつも、100万円の発行上限などの制度的制約により実装速度が海外に比べて遅れており、実装フェーズへの進展が重要な分岐点となる。
507.0,2026-01-13 14:26:53,【今日の暗号資産ニュース】X新機能で暗号資産の価格追跡が容易に。着服事件発生でJPYCへ注目集まる - crypto-times.jp,https://crypto-times.jp/news-todays-cryptocurrency-news-x-new-features-and-jpyc/,crypto-times.jp,リスク・懸念、解説・論説,1.0,田川信用金庫、岡部典孝、JPYC株式会社,45.0,EVT-20260113-01,2026-01-13,done,"1月13日時点で暗号資産市場ではビットコインが91,690ドル前後で推移しており、Xは「スマートキャッシュタグ」機能で暗号資産の価格追跡を容易にする新機能の導入を計画しています。また、福岡県の田川信用金庫での着服事件を受け、JPYC株式会社の代表取締役である岡部典孝氏は、金融機関を無条件に信頼するのではなく自ら検証し資産を守ることの重要性を提言しています。"
508.0,2026-01-14 02:00:00,信用金庫職員による着服事件で検証可能な「JPYC」に注目集まる - crypto-times.jp,https://crypto-times.jp/news-jpyc-draws-attention-after-embezzlement-scandal/,crypto-times.jp,解説・論説、競合・市場環境,1.0,田川信用金庫、岡部典孝、ブロックチェーン技術,75.0,EVT-20260113-01,2026-01-13,done,田川信用金庫の職員による約1060万円の着服事件を受け、JPYC株式会社の代表取締役・岡部典孝氏は、金融機関を無条件に信頼するのではなく自ら検証することの重要性を提言しました。パブリックブロックチェーン上で発行・管理される日本円ステーブルコイン「JPYC」は取引履歴が公開され改ざんが困難であり、「信頼」ではなく誰もが客観的に「検証」できる仕組みが内部不正防止の有効な手段となる可能性があります。
509.0,2026-01-15 02:00:00,古物商から国家戦略へ、日本初ステーブルコイン「JPYC」誕生秘話 - crypto-times.jp,https://crypto-times.jp/news-the-story-behind-the-birth-of-stablecoin-jpyc/,crypto-times.jp,発行・資金、制度・規制、解説・論説,1.0,岡部典孝、改正資金決済法、スタートアップ投資TV,75.0,EVT-20260115-01,2026-01-15,done,JPYC株式会社の代表取締役・岡部典孝氏は、日本初の円建てステーブルコイン「JPYC」の誕生秘話を語り、今後3年間で流通総額を10兆円に拡大させる目標を明かしました。同社は古物商の許可を活用した実証実験を経て金融庁との対話を通じ2023年の改正資金決済法施行につながる法整備を働きかけ、2025年10月に正式サービスを開始し、流通量は約3.3億JPYCに達しています。
510.0,2026-01-15 02:00:00,【円建てJPYCも登場】ステーブルコインの普及で何が変わるか？ 送金や入出金、為替手数料が安いなどのメリット 暗号資産取引所に貸し出すことで資産運用の手段にも - マネーポストWEB,https://www.moneypost.jp/1357064,moneypost.jp,活用事例、解説・論説,1.0,JPYC、三菱UFJ銀行、金融庁,75.0,EVT-20260112-01,2026-01-12,done,2025年10月27日に世界初の円建てステーブルコイン「JPYC」が発行された。ステーブルコインは円やドルなどの実際の通貨と価値が連動しており、銀行を介さず24時間365日の取引や送金が可能で、送金・入出金コストや為替手数料が安いメリットがある。JPYCは日本国内の預貯金と日本国債により価値が保全され、電子決済手段として流通することが期待されている。
511.0,2026-01-15 17:00:00,りそなとJCBが協業し、ステーブルコインJPYC・USDC決済対応へ - Bitget,https://www.bitget.com/ja/news/detail/12560605155715,bitget.com,活用事例、提携・連携、取扱い・対応,0.0,りそなホールディングス、JCB、デジタルガレージ,85.0,EVT-20260115-02,2026-01-15,done,りそなホールディングス、JCB、デジタルガレージの3社が、円建てのJPYCとドル建てのUSDCの両ステーブルコインを使った店舗決済の実現に基本合意し、2025年度中にテストを開始、2027年度の実用化を目指しています。JCBの加盟店ネットワークとブロックチェーン技術を活用することで、訪日外国人の両替負担軽減と店舗側の手数料削減が期待されています。
512.0,2026-01-16 12:17:51,三井住友カード、ステーブルコイン決済実証 マイナカードでタッチ決済 - Impress Watch,https://www.watch.impress.co.jp/docs/news/2078392.html,watch.impress.co.jp,活用事例、実証実験、提携・連携,0.0,三井住友カード、マイナウォレット社、ライジングゼファーフクオカ,95.0,EVT-20260115-02,2026-01-15,done,三井住友カードとマイナウォレット社は、マイナンバーカードをウォレットとして活用し、日本円連動型ステーブルコイン(JPYC)によるタッチ決済を実現する実証実験プログラムを開始する。第1弾として1月23日、24日に福岡市のライジングゼファーフクオカのホームゲーム会場で、マイナンバーカードをstera端末にかざしてJPYC決済を行う実験を実施する。
513.0,2026-01-16 13:12:22,マイナカードでJPYCタッチ決済、三井住友カードが決済実証 - CoinPost,https://coinpost.jp/?p=681452,coinpost.jp,活用事例、実証実験、提携・連携,0.0,三井住友カード、マイナウォレット、ライジングゼファーフクオカ,95.0,EVT-20260116-01,2026-01-16,done,三井住友カードとマイナウォレットは、マイナンバーカードをウォレットとして利用し、日本円連動型ステーブルコインJPYCのタッチ決済を実現する共同実証実験を1月16日に開始すると発表した。第一弾は1月23日と24日に福岡市で開催されるライジングゼファーフクオカのホームゲーム会場で実施され、来場者はマイナンバーカードで登録後、付与されたJPYCを会場売店で決済できる。両社は今後、スポーツイベントや商業施設での実証拡大、将来的には訪日外国人向けのインバウンド決済スキームも検討している。
514.0,2026-01-16 14:37:05,三井住友カード、マイナカード活用のJPYCタッチ決済の実証実験へ - あたらしい経済,https://www.neweconomy.jp/posts/538301,neweconomy.jp,実証実験、提携・連携、活用事例,0.0,三井住友カード、マイナウォレット社、ライジングゼファーフクオカ,95.0,EVT-20260116-01,2026-01-16,done,三井住友カードとマイナウォレット社は、マイナンバーカードを活用したステーブルコイン「JPYC」のタッチ決済実現に向け、連続的な実証実験プログラムを共同開始する。第1弾は1月23日、24日に福岡市のライジングゼファーフクオカのホームゲーム会場で実施され、マイナンバーカードをウォレットとして利用し、stera端末でのブロックチェーン上でのステーブルコイン決済を検証する。
516.0,2026-01-16 17:00:00,三井住友カード、マイナカード活用のJPYCタッチ決済の実証実験へ（あたらしい経済） - Yahoo!ニュース,https://news.yahoo.co.jp/articles/2184c6c38a21805d8abbc294f648b362985eef16,news.yahoo.co.jp,実証実験、取扱い・対応、提携・連携,0.0,三井住友カード、マイナウォレット社、ライジングゼファーフクオカ,95.0,EVT-20260116-01,2026-01-16,done,三井住友カードとマイナウォレット社は、マイナンバーカードをウォレットとして利用し、日本円連動型ステーブルコイン「JPYC」によるタッチ決済を実現する連続的な実証実験プログラムを共同で開始すると発表した。第1弾は1月23日、24日に福岡市のライジングゼファーフクオカのホームゲーム会場で実施され、来場者はマイナンバーカードをかざしてJPYCで決済できる。
515.0,2026-01-16 17:00:00,【登壇者情報を初公開】金融庁・JPYC・国内主要プレイヤーが集結。日本最大級のステーブルコイン特化イベント「Japan Stablecoin Summit #2」開催 | 株式会社Pacific Metaのプレスリリース - PR TIMES,https://prtimes.jp/main/html/rd/p/000000158.000111379.html,prtimes.jp,提携・連携,0.0,Pacific Meta、KDDI、Progmat、TOKI,45.0,EVT-20260116-03,2026-01-16,done,株式会社Pacific Metaを主催とするKDDI、Progmat、TOKIの共催により、2026年2月3日に日本最大級のステーブルコイン特化イベント「Japan Stablecoin Summit #2」が東京都港区で開催される。本イベントでは、金融庁やJPYC、みんなの銀行など国内外の主要プレイヤーが登壇し、2026年の国内ステーブルコイン市場の展望、国内ユースケース、グローバル動向、普及における課題について、制度・金融・インフラの多角的な視点から議論する。
517.0,2026-01-16 17:00:00,ステーブルコインがもたらす企業間決済の変革と地域金融機関への脅威 - nttdata-strategy.com,https://www.nttdata-strategy.com/knowledge/reports/2026/260116/,nttdata-strategy.com,解説・論説、競合・市場環境,1.0,NTT Data Strategy、地方銀行、信用金庫,45.0,,,done,ステーブルコインの普及により、企業間決済が銀行口座外のシステムで自動化される「決済の外部化」が進行し、銀行口座は資金の通過点へと変わることが予想される。これにより地方銀行や信用金庫は、顧客企業の資金行動の把握が困難になり、融資や経営支援の起点となる日常的接点を失う可能性がある。
519.0,2026-01-16 17:00:00,りそなHDとJCB、ステーブルコインの個人決済実用化へ、25年度中に実証実験開始──日経報道 - Yahoo!ニュース,https://news.yahoo.co.jp/articles/4a0807d8e35f6ad3ba3be8a0482656d0a0df7918,news.yahoo.co.jp,実証実験、取扱い・対応、提携・連携,0.0,りそなホールディングス、JCB、デジタルガレージ,85.0,EVT-20260115-02,2026-01-15,done,りそなホールディングス、JCB、デジタルガレージが、2025年度中に一部のJCB加盟店でステーブルコイン（JPYCやUSDC）を用いた個人向け決済の実証実験を開始し、2027年度の実用化を目指す。ステーブルコインは法定通貨に価値が連動し価格変動が少なく、ブロックチェーン基盤により低コストで送金できるため、決済手段としての安定性が高い。
520.0,2026-01-16 17:00:00,アステリアは急動意、ＪＰＹＣと資本・業務提携 - ライブドアニュース,https://news.livedoor.com/article/detail/30381326/?from_page=internal,news.livedoor.com,提携・連携、発行・資金,0.0,アステリア、JPYC,75.0,EVT-20260116-02,2026-01-16,done,アステリアは新興フィンテックのJPYCと資本・業務提携を発表し、ブロックチェーン技術と業務システムを融合させた新たな価値創出を目指す。アステリアはJPYCに対して普通株式48万700株を割り当てるとともに、JPYCからはB1種優先株式5万7937株の発行を受け、同社株は後場寄り後に17.6％高まで上昇した。
518.0,2026-01-16 17:00:00,マイナカードでタッチ決済、三井住友カードなどが実証実験 デジタルウォレットとして活用 - ITmedia,https://www.itmedia.co.jp/news/articles/2601/16/news120.html,itmedia.co.jp,実証実験、活用事例、提携・連携,0.0,三井住友カード、マイナウォレット、ライジングゼファーフクオカ,85.0,EVT-20260116-01,2026-01-16,done,三井住owl住友カードとマイナウォレットは、マイナンバーカードをデジタルウォレットとして活用し、ステーブルコイン「JPYC」をタッチ決済する実証実験を1月23日・24日に福岡市総合体育館で開始する。マイナンバーカードをstera決済端末にかざすだけで簡単にステーブルコイン決済が可能になることを目指す実験であり、今後は他地域への展開や訪日外国人のステーブルコイン決済についても検討していく。
521.0,2026-01-16 17:54:22,JPYC、実店舗での利用拡大なるか｜りそな、JCBらの協業で活用 - crypto-times.jp,https://crypto-times.jp/news-will-jpyc-expand-payment-acceptance-in-physical-stores/,crypto-times.jp,提携・連携、実証実験、活用事例,0.0,JCB、りそなホールディングス、デジタルガレージ,95.0,EVT-20260115-02,2026-01-15,done,JCB、りそなホールディングス、デジタルガレージの3社は、日本初の円建てステーブルコイン「JPYC」と米ドル建てステーブルコイン「USDC」を用いた決済の社会実装を目指して協業を開始しました。訪日外国人の両替負担軽減と加盟店のキャッシュフロー改善を目的に、実店舗での実証実験を通じて、操作性の検証やブロックチェーンの処理性能確認、加盟店精算プロセスの課題抽出などを行います。
522.0,2026-01-16 18:34:54,マイナンバーカードで「JPYC」タッチ決済｜三井住友カードらが実証実験 - crypto-times.jp,https://crypto-times.jp/news-jpyc-payments-with-your-my-number-card/,crypto-times.jp,実証実験、取扱い・対応,0.0,三井住友カード、マイナウォレット、ライジングゼファーフクオカ,85.0,EVT-20260116-01,2026-01-16,done,三井住友カード株式会社とマイナウォレット株式会社は、マイナンバーカードをウォレットとして利用し、円建てステーブルコイン「JPYC」でのタッチ決済を実現する実証実験を開始しました。2026年1月23日・24日に福岡市のプロバスケットボールチーム「ライジングゼファーフクオカ」のホーム戦で実施される第1弾の実験では、来場者がマイナンバーカードを使用してJPYCによる決済を体験できます。
523.0,2026-01-16 19:13:17,【1/16話題】三井住友カードがマイナカード活用のJPYCタッチ決済、JCB・デジタルガレージ・りそながステーブルコイン決済で協業など（音声ニュース） - あたらしい経済,https://www.neweconomy.jp/posts/538436,neweconomy.jp,実証実験、提携・連携、取扱い・対応,0.0,三井住友カード、JCB、りそな、デジタルガレージ,85.0,EVT-20260116-01,2026-01-16,done,「あたらしい経済」編集部がブロックチェーン・仮想通貨・フィンテックについてのニュースをポッドキャスト配信しており、本回は三井住友カードによるマイナカード活用のJPYCタッチ決済実証実験、JCB・デジタルガレージ・りそなによるステーブルコイン決済の社会実装協業など複数のニュースを紹介している。
524.0,2026-01-16 23:34:42,メタマスク、トロン対応｜USDT送金・TRX運用がアプリで完結 - 99Bitcoins,https://99bitcoins.com/jp/news/altcoins/metamask-launches-native-tron-support-mobile/,99bitcoins.com,取扱い・対応、提携・連携,0.0,MetaMask、TRON DAO、Consensys,15.0,,,done,MetaMaskはTRON DAOとの協力によりモバイルアプリとブラウザ拡張機能の両方でTRONネットワークへのネイティブサポートを開始し、USDTの送金やTRXのステーキングがアプリ上で直接行えるようになった。TRONは1日210億ドル以上のステーブルコイン送金量を処理する主要な決済レイヤーであり、この統合によってユーザーはトロンと他のチェーン間でシームレスに資産交換できるようになる。
528.0,2026-01-17 02:00:00,マイナカードをウォレット化、三井住友カードが「JPYCタッチ決済」を実証開始へ - bittimes.net,https://bittimes.net/news/216116.html,bittimes.net,実証実験、活用事例、提携・連携,0.0,三井住友カード、マイナウォレット、stera、ライジングゼファーフクオカ,95.0,EVT-20260116-01,2026-01-16,done,三井住友カードとマイナウォレット株式会社は、マイナンバーカードをデジタルウォレットとして活用し、日本円連動型ステーブルコイン「JPYC」によるタッチ決済の実証実験を2026年1月から開始します。第1弾は1月23日・24日に福岡市でプロバスケットボールのホームゲーム会場で実施され、来場者はマイナンバーカードで登録後にJPYCが付与され、カードをかざして商品購入ができます。今後は複数地域や商業施設、観光施設での活用、さらには訪日外国人向けのステーブルコイン決済スキーム構築も検討される予定です。
526.0,2026-01-17 02:00:00,りそなとJCB、ステーブルコイン「JPYC・USDC」個人向け決済の実証へ - bittimes.net,https://bittimes.net/news/216105.html,bittimes.net,実証実験、提携・連携、活用事例,0.0,りそなホールディングス、JCB、デジタルガレージ,95.0,EVT-20260115-02,2026-01-15,done,りそなホールディングス、JCB、デジタルガレージの3社は、円建てステーブルコイン「JPYC」と米ドル建てステーブルコイン「USDC」を活用した個人向け決済サービスの実証実験を2025年度中に開始し、2027年度の実用化を目指す。利用者がウォレットアプリから支払い、店舗が専用アプリで受け付ける仕組みで、ブロックチェーン技術を用いた決済インフラが検証される予定である。
527.0,2026-01-17 02:00:00,アステリアが一時急騰、ＪＰＹＣと資本・業務提携(ウエルスアドバイザー) - Yahoo!ファイナンス,https://finance.yahoo.co.jp/news/detail/0f8661975de2c3dedebe6f68bf41dcca7abd90b3,finance.yahoo.co.jp,提携・連携,0.0,アステリア、JPYC,85.0,EVT-20260116-02,2026-01-16,done,アステリア<3853.T>は、新興フィンテックのJPYC（東京都千代田区）と資本・業務提携することを発表し、ブロックチェーン技術と業務システムを融合させた新たな価値創出を目指す。アステリアはJPYCに普通株式48万7００株を割り当てるとともに、JPYCからB1種優先株式5万7９３７株の発行を受け、同社株は後場寄り後に一時17.6％高の1188円まで上昇した。
525.0,2026-01-17 02:00:00,１６日の動意株＞アステリアが急騰、ＪＰＹＣと資本・業務提携(ウエルスアドバイザー) - Yahoo!ファイナンス,https://finance.yahoo.co.jp/news/detail/4d12556d62004a6455b81b63c70edda0ce0080e6,finance.yahoo.co.jp,提携・連携,0.0,アステリア、JPYC,85.0,EVT-20260116-02,2026-01-16,done,アステリア<3853.T>は新興フィンテック企業のJPYC（東京都千代田区）と資本・業務提携することを発表し、ブロックチェーン技術と業務システムの融合による新たな価値創出を目指す。アステリアはJPYCに普通株式48万700株を割り当てる一方、JPYCからB1種優先株式5万7937株の発行を受け、発表後の同社株は17.6％高の1188円まで上昇した。
529.0,2026-01-17 02:00:00,アステリアは急動意、ＪＰＹＣと資本・業務提携 | 個別株 - 株探ニュース - かぶたん,https://kabutan.jp/news/marketnews/?b=n202601160626,kabutan.jp,提携・連携,0.0,アステリア、JPYC、ブロックチェーン技術,85.0,EVT-20260116-02,2026-01-16,done,アステリア<3853>は新興フィンテックのJPYC（東京都千代田区）と資本・業務提携することを発表し、ブロックチェーン技術と業務システムを融合させた新たな価値創出を目指す。アステリアはJPYCに普通株式48万700株を割り当てるとともに、JからB1種優先株式5万7937株の発行を受ける。
530.0,2026-01-17 02:00:00,アステリア－後場急騰 ＪＰＹＣと資本業務提携(トレーダーズ・ウェブ) - Yahoo!ファイナンス,https://finance.yahoo.co.jp/news/detail/c6eebd8ba30c50c669e1b9a1d641326b3460b1bf,finance.yahoo.co.jp,提携・連携、取扱い・対応,0.0,アステリア、JPYC,85.0,EVT-20260116-02,2026-01-16,done,アステリアはJPYC（東京都千代田区）との資本業務提携を発表し、JPYCを割当先とした第三者割り当てにより48万0700株を1040円で処分する。処分後のJPYCの議決権割合は2.83％となる予定で、ステーブルコイン「JPYC」決済やブロックチェーン活用に関する共同検討などに取り組む。
531.0,2026-01-17 02:00:00,アステリアは急動意、ＪＰＹＣと資本・業務提携 - みんかぶ,https://minkabu.jp/news/4419023,minkabu.jp,提携・連携,0.0,アステリア、JPYC,85.0,EVT-20260116-02,2026-01-16,done,アステリア<3853.T>は、新興フィンテックのJPYC（東京都千代田区）と資本・業務提携することを発表し、ブロックチェーン技術と業務システムを融合させた新たな価値創出を目指す。アステリアはJPYCに対して普通株式48万700株を割り当てるとともに、JPYCからB1種優先株式5万7937株の発行を受ける。
532.0,2026-01-17 12:09:23,JPYC株式会社、アステリアと提携｜JPYC経済圏加速か - crypto-times.jp,https://crypto-times.jp/news-jpc-corporation-partners-with-asteria/,crypto-times.jp,提携・連携、発行・資金,0.0,アステリア株式会社、JPYC株式会社、ブロックチェーン技術,95.0,EVT-20260116-02,2026-01-16,done,JPYC株式会社はアステリア株式会社と資本業務提携を行い、約5億円の相互出資により株式を保有し合うことを発表しました。両社はJPYCのブロックチェーン技術とアステリアのデータ連携・業務自動化技術を組み合わせ、JPYC決済の活用やステーブルコイン市場の開拓に向けた協業を推進します。
533.0,2026-01-17 13:14:25,【今日の暗号資産ニュース】重要仮想通貨法案に白紙化の危機。JPYC経済圏加速か - crypto-times.jp,https://crypto-times.jp/news-todays-cryptocurrency-news-the-threat-of-the-bill-being-scrapped-and-the-jpyc/,crypto-times.jp,提携・連携,0.0,JPYC株式会社、アステリア株式会社,45.0,EVT-20260116-02,2026-01-16,done,"1月17日時点でビットコインは95,330ドル前後で推移しており、ホワイトハウスが審議中のCLARITY法案への支持撤回を検討していることが明らかになりました。一方、日本円ステーブルコインを発行するJPYC株式会社はアステリア株式会社との資本業務提携を発表し、JPYCを中心とした経済インフラの構築を加速させる方針を示しています。"
534.0,2026-01-17 13:53:28,電通総研が英Quantと提携、日本のステーブルコイン普及が急加速か - crypto-times.jp,https://crypto-times.jp/news-dentsu-soken-partners-with-quant/,crypto-times.jp,提携・連携、市場・統計,0.0,電通総研、Quant Network、Project Rosalind,65.0,EVT-20260117-01,2026-01-17,done,電通総研と英国のQuant Networkが業務提携契約を締結し、銀行の既存システムと新たなトークン化資産を連携させる「オーケストレーション」技術を提供することで、金融機関がシステム改修なくトークン化預金やステーブルコインといった新しい金融サービスを導入できるようになります。この提携は、既存金融インフラと最新のブロックチェーン技術を融合させることで、国内におけるデジタル決済の社会実装を推進するものと見られています。
535.0,2026-01-17 23:55:30,仮想通貨ニュース週間まとめ「カルダノ・XRP・ビットコイン・JPYC」などの注目記事 - bittimes.net,https://bittimes.net/news/216229.html,bittimes.net,市場・統計、解説・論説,1.0,カルダノ、リップル、三井住友カード,35.0,EVT-20260116-01,2026-01-16,done,本記事は2026年1月11日～17日の仮想通貨関連ニュースをまとめたもので、X社の「スマートキャッシュタグ」機能の開発、カルダノのBTC・XRP連携計画、リップルのEU規制承認取得、三井住友カードとマイナウォレット社によるJPYC決済実証実験など、複数の注目トピックを紹介しています。
536.0,2026-01-18 10:39:38,【今週のJPYCまとめ】マイナンバーカードで「JPYC」タッチ決済。実店舗での利用拡大に期待高まる - crypto-times.jp,https://crypto-times.jp/news-this-weeks-jpyc-summary-touch-payment-with-my-number-card/,crypto-times.jp,実証実験、取扱い・対応、提携・連携,0.0,三井住友カード、JCB、りそなホールディングス,85.0,EVT-20260116-01,2026-01-16,done,三井住友カードやJCBといった大手金融機関が相次いでステーブルコイン「JPYC」の実証実験に乗り出し、マイナンバーカードでのタッチ決済や実店舗での利用拡大を目指しています。同時に信用金庫での着服事件を背景に、ブロックチェーン上で検証可能なJPYCの透明性が改めて注目を集めています。
537.0,2026-01-19 14:52:25,JPYC株式会社が提供開始した開発者支援ツール「JPYC Faucet」の魅力 - ニュースメディアVOIX,https://voix.jp/money/card/26979/,voix.jp,活用事例,0.0,JPYC Faucet、岡部典孝、FINOLAB,75.0,EVT-20260119-01,2026-01-19,done,JPYC株式会社は、テストネットワークでJPYCの検証用に無償でテスト用トークンを配布する開発者支援ツール「JPYC Faucet」の提供を開始しました。本ツールはウォレット接続で即座にテスト用JPYCを取得でき、Ethereum Sepolia、Polygon Amoy、Avalanche Fujiの主要テストネットワークに対応しており、開発者が実資金を使わずに低コストで検証を進めることが可能になります。
538.0,2026-01-19 16:11:48,福岡市がマイナンバーカード決済を実証 ステーブルコイン決済検証 - PlusWeb3,https://plus-web3.com/media/latestnews_1000_7319/,plus-web3.com,実証実験、活用事例,0.0,福岡地域戦略推進協議会、マイナウォレット、ライジングゼファーフクオカ,85.0,EVT-20260116-01,2026-01-16,done,"福岡地域戦略推進協議会と福岡市は、マイナンバーカードを用いたステーブルコイン（JPYC）決済の実証実験を2026年1月23日・24日に照葉積水ハウスアリーナで実施する。プロバスケットボールチーム「ライジングゼファーフクオカ」の試合会場来場者300人に1,000円相当のJPYCを付与し、マイナンバーカードのタッチ決済による商品購入を通じて、決済フローや処理速度を検証する。"
539.0,2026-01-19 17:00:00,日本円ステーブルコイン「JPYC」は、テスト用トークンを即時取得できる開発者支援ツール「JPYC Faucet」の提供開始 - PR TIMES,https://prtimes.jp/main/html/rd/p/000000298.000054018.html,prtimes.jp,活用事例、実証実験,0.0,JPYC Faucet、Ethereum Sepolia、Polygon Amoy,85.0,EVT-20260119-01,2026-01-19,done,JPYC株式会社は、テストネットワークでJPYCの検証・評価に用いるテスト用トークンを無償配布する開発者向けツール「JPYC Faucet」の提供を開始しました。本ツールにより、事業者は実際の資金を使用せずに決済フローやシステム組み込み検証を短期間かつ低コストで進めることが可能になります。Ethereum Sepolia、Polygon Amoy、Avalanche Fujiの主要テストネットワークに対応しており、ウォレット接続だけでテスト用JPYCを即座に取得できます。
540.0,2026-01-19 17:00:00,マイナンバーカードでステーブルコイン「JPYC」の決済実証──三井住友カード（NADA NEWS） - Yahoo!ニュース,https://news.yahoo.co.jp/articles/2f5d9e7de2d3a30fdde24148f602513f5a5b4d16,news.yahoo.co.jp,実証実験、取扱い・対応、提携・連携,0.0,三井住友カード、マイナウォレット社、ライジングゼファーフクオカ,95.0,EVT-20260116-01,2026-01-16,done,三井住友カードとマイナウォレット社は、マイナンバーカードをウォレットとして日本円連動型ステーブルコイン「JPYC」による決済を行う実証実験を開始すると発表した。第一弾は2026年1月23日・24日に福岡市のプロバスケットボールチームのホームゲーム会場で実施される予定であり、今後はスポーツ領域以外にも商業施設や自治体との連携に拡大する方針である。
543.0,2026-01-20 02:00:00,日本円ステーブルコインJPYC、開発者向けFaucet提供開始 - JinaCoin,https://jinacoin.ne.jp/jpyc-faucet-20260119/,jinacoin.ne.jp,活用事例、実証実験,0.0,JPYC株式会社、JPYC Faucet、イーサリアム・セポリア,85.0,EVT-20260119-01,2026-01-19,done,JPYC株式会社は、テストネットワークでの検証・評価用途でテスト用JPYCを無償配布する開発者向けツール「JPYC Faucet」の提供を開始した。本ツールにより、開発者はテスト用トークン確保の手間を削減でき、実際の資金を使用せずに決済フローや業務システムへの組み込み検証を短期間かつ低コストで進められる。イーサリアム・セポリア、ポリゴン・アモイ、アバランチ・フジの主要なテストネットワークに対応している。
541.0,2026-01-20 02:00:00,JPYCが開発者支援を強化｜Faucetでテスト用JPYCを即取得可能に - CoinPartner,https://coinotaku.com/news/articles/242082,coinotaku.com,活用事例,0.0,JPYC株式会社、JPYC Faucet、Ethereum Sepolia、Polygon Amoy,85.0,EVT-20260119-01,2026-01-19,done,JPYC株式会社は、開発者支援ツール「JPYC Faucet」を公開し、Ethereum SepoliaやPolygon Amoyなどのテストネット上でテスト用JPYCトークンを即時に取得できるようにしました。ウォレット接続のみでテスト用JPYCを受け取れるため、Web3アプリやスマートコントラクトの開発・検証が効率的に行え、開発者の負担軽減と品質向上に貢献します。
542.0,2026-01-20 02:00:00,日本円ステーブルコイン「JPYC」、流通増もアドレス数は減少傾向 - crypto-times.jp,https://crypto-times.jp/news-jpyc-circulation-increases-but-the-number-of-addresses-decreases/,crypto-times.jp,市場・統計,0.0,Dune、Tria,75.0,EVT-20260120-01,2026-01-20,done,日本円ステーブルコイン「JPYC」の流通総額は約3億5980万円を記録し回復傾向を示していますが、保有者アドレス数は約1800件減少して8万4131アドレスとなっており、小口保有者の離脱と既存大口保有者の保有高増加が進行しています。
544.0,2026-01-20 05:53:34,JPYCとLINE NEXTが協業、日本円ステーブルコインをLINE基盤で展開へ - bittimes.net,https://bittimes.net/news/216296.html,bittimes.net,提携・連携、取扱い・対応,0.0,LINE NEXT Inc.、LINEアプリ、ステーブルコインウォレット,92.0,EVT-20260120-02,2026-01-20,done,JPYC株式会社はLINE NEXT Inc.と、日本円建てステーブルコイン「JPYC」をLINEアプリ基盤で展開するための基本合意書を締結しました。本協業では、LINEアプリ内での新たなステーブルコインウォレット構築、流通、リワード施策、日常決済への応用などを検討し、Web3普及の障壁である「日常生活との接点不足」の解消を目指しています。
545.0,2026-01-20 09:33:11,JPYC、開発者向けテスト用トークン配布ツールを公開 - BeInCrypto,https://jp.beincrypto.com/jpyc-releases-test-token-faucet-for-developers/,jp.beincrypto.com,活用事例、実証実験,0.0,JPYC Faucet、Ethereum Sepolia、金融庁,85.0,EVT-20260119-01,2026-01-19,done,JPYC社は開発者向けのテスト用トークン配布ツール「JPYC Faucet」を公開し、ウォレット接続のみでEthereum Sepolia、Polygon Amoy、Avalanche Fujiの3つのテストネットワーク上でテスト用JPYCトークンを無償で取得できる環境を整えた。このツールにより、開発者は実資金を使わずに決済システムの検証が可能となり、技術検証やサービス開発の効率化が期待される。
546.0,2026-01-20 10:12:50,LINE NEXTとJPYC株式会社が新たなステーブルコインウォレットでの協業を発表 - ニュースメディアVOIX,https://voix.jp/money/card/27033/,voix.jp,提携・連携、取扱い・対応,0.0,LINE NEXT、JPYC株式会社、Kaiaブロックチェーン,95.0,EVT-20260120-02,2026-01-20,done,LINE NEXTとJPYC株式会社は、日本円建てステーブルコイン「JPYC」をLINEアプリ上の新規ウォレットで活用する協業検討を開始する基本合意書を締結しました。この協業により、LINEアプリでのJPYCの流通、リワード活用、日常決済の利便性向上を目指しており、両社は利用者保護や安全性を担保した実装方法の協議も進める予定です。
547.0,2026-01-20 11:12:48,LINEでJPYC利用普及目指す、LINE NEXTとJPYCが協業検討 - CoinPost,https://coinpost.jp/?p=682270,coinpost.jp,提携・連携、実証実験,0.0,LINE NEXT、ラインヤフー、岡部典孝,95.0,EVT-20260120-02,2026-01-20,done,JPYC株式会社とラインネクスト（LINE NEXT）社は、LINEアプリ上でJPYCを手軽に利用できる環境の構築を目指す協業検討の基本合意書を締結した。新規ステーブルコインウォレットおよび既存サービスでJPYCの安全で効率的な流通やリワード活用、日常決済の利便性向上を実現し、日本市場におけるWeb3普及の課題である日常生活との接点不足の解決を図る。
548.0,2026-01-20 12:11:07,ステーブルコイン「JPYC」、LINEアプリ活用に向けた協業検討を開始 - ケータイ Watch,https://k-tai.watch.impress.co.jp/docs/news/2079162.html,k-tai.watch.impress.co.jp,提携・連携、活用事例,0.0,LINE NEXT Inc.、LINEアプリ、ウォレットサービス,85.0,EVT-20260120-02,2026-01-20,done,JPYCは米LINE NEXT Inc.と、日本円建ステーブルコイン「JPYC」をLINEアプリで活用できる環境構築に向けて協業検討を開始する基本合意書を締結した。ウォレットサービスなどの利用シナリオ検討、技術連携、共同マーケティングを進め、ステーブルコインを投資対象から日常で使う価値へと転換することを目指している。
549.0,2026-01-20 12:39:06,LINE、日本円建てステーブルコイン「JPYC」をリワードや決済に - Impress Watch,https://www.watch.impress.co.jp/docs/news/2079191.html,watch.impress.co.jp,取扱い・対応、提携・連携、活用事例,0.0,LINE NEXT、アステリア,95.0,EVT-20260120-02,2026-01-20,done,LINE NEXTとJPYCは、日本円建てステーブルコイン「JPYC」の活用で協業の検討を開始した。LINEアプリ上に新規ステーブルコインウォレットを提供し、JPYCをリワード配布や日常決済に活用することで、誰でも手軽にJPYCを利用できる環境構築を目指す。
550.0,2026-01-20 14:13:52,【材料】 アステリアが一時Ｓ高、ＪＰＹＣとラインヤフーグループの協業検討発表で思惑 - かぶたん,https://kabutan.jp/news/marketnews/?b=n202601200570,kabutan.jp,提携・連携、取扱い・対応,0.0,アステリア、LINE NEXT、LINEヤフーグループ,85.0,EVT-20260120-02,2026-01-20,done,JPYCがLINEヤフーグループの米国ライン・ネクスト社と、日本円ステーブルコイン「JPYC」の活用に向けて協業検討を開始する基本合意書を締結したことが発表された。LINEアプリ上で誰もが手軽に「JPYC」を利用できる環境構築が目的であり、JPYCと資本・業務提携しているアステリアが買われている。
551.0,2026-01-20 14:46:22,JPYC、LINE活用に向け協業を検討―出資社株は一時ストップ高 - BeInCrypto,https://jp.beincrypto.com/line-next-jpyc-stablecoin-wallet-collaboration/,jp.beincrypto.com,提携・連携、活用事例,0.0,LINE NEXT Inc.、アステリア、Kaiaブロックチェーン,95.0,EVT-20260120-02,2026-01-20,done,LINEヤフーの米国グループ会社LINE NEXT Inc.とJPYC社は、日本円建ステーブルコイン「JPYC」をLINEアプリ上の新規ウォレットに統合する協業検討を開始すると発表した。月間利用者数9500万人を超えるLINEアプリでのステーブルコイン活用により、日本におけるWeb3普及と暗号資産の普及拡大が進むと期待される。
552.0,2026-01-20 15:43:13,LINEでステーブルコイン「JPYC」活用へ｜JPYC株式会社とLINE NEXTが協業 - crypto-times.jp,https://crypto-times.jp/news-line-to-use-stablecoin-jpyc/,crypto-times.jp,提携・連携、活用事例,0.0,LINE NEXT、LINEアプリ、岡部典孝,95.0,EVT-20260120-02,2026-01-20,done,JPYC株式会社とLINE NEXTが協業検討を開始する基本合意書を締結し、LINEアプリ上で日本円ステーブルコイン「JPYC」の活用を目指します。この取り組みは、日常生活でのWeb3の接点不足を解消し、Web3体験を日常的な決済やリワードへ広げることを狙いとしており、両社はJPYCの流通シナリオ、安全な実装方法、API連携の検証、マーケティング施策などについて協議を進めます。
559.0,2026-01-20 17:00:00,LINEでステーブルコイン「JPYC」決済実現へ──JPYC社とLINE NEXTが協業検討で合意(NADA NEWS) - Yahoo!ファイナンス,https://finance.yahoo.co.jp/news/detail/38e4ab43e0d754b17928697906358ef2afa842d9,finance.yahoo.co.jp,提携・連携、活用事例,0.0,LINE NEXT、JPYC社、岡部代表,95.0,EVT-20260120-02,2026-01-20,done,JPYC社とLINE NEXTが、日本円連動型ステーブルコイン「JPYC」の活用に向けた協業検討の基本合意書を締結した。LINEアプリ上の新規ステーブルコインウォレットにおいて、誰もが手軽にJPYCを利用できる環境の構築を目指す。
556.0,2026-01-20 17:00:00,LINE NEXTとJPYC、日本円ステーブルコイン「JPYC」のLINEアプリでの活用に向け協業検討を開始 - コマースピック,https://www.commercepick.com/archives/83085,commercepick.com,提携・連携、活用事例,0.0,LINE NEXT Inc.、JPYC株式会社、LINEアプリ、Kaiaブロックチェーン,95.0,EVT-20260120-02,2026-01-20,done,LINE NEXTとJPYC株式会社は、日本円ステーブルコイン「JPYC」をLINEアプリ上で活用するための基本合意書を締結しました。両社はLINEアプリの新規ステーブルコインウォレットにおけるJPYC利用の検討、リワード配布・日常決済での活用推進に取り組み、日本市場に適したWeb3体験の提供を目指しています。
558.0,2026-01-20 17:00:00,万博とJPYCに見る「輸出立国2.0」──ステーブルコインが支える日本の価値循環：N.Avenue Club「Year End Party 2025」セッションレポート(NADA NEWS) - Yahoo!ファイナンス,https://finance.yahoo.co.jp/news/detail/eeb4640fc3bff6643a04d309526e33b93138043c,finance.yahoo.co.jp,解説・論説、提携・連携、活用事例,1.0,川崎ひでと、宮田裕章、岡部典孝、comilio,75.0,EVT-20260120-03,2026-01-20,done,N.Avenue Clubの「Year End Party 2025」で開催されたセッションでは、大阪・関西万博とJPYCの広がりを象徴として、ステーベルコインが日本のIP・食・観光などの価値を世界に発信し、海外事業者への決済手数料流出による「デジタル赤字」を改善する手段となり得ることが議論された。また、スマホ新法やステーベルコインによる金融検閲問題の解決、および日本の産業構造が「モノからコトへ」移行する中での決済インフラとしての役割が強調された。
557.0,2026-01-20 17:00:00,LINE NEXTとLINEを活用した新規ステーブルコインウォレットでのJPYC活用に関する協業検討開始のお知らせ - PR TIMES,https://prtimes.jp/main/html/rd/p/000000300.000054018.html,prtimes.jp,提携・連携、活用事例,0.0,LINE NEXT Inc.、LINEヤフー、岡部典孝,95.0,EVT-20260120-02,2026-01-20,done,JPYC株式会社とLINE NEXT Inc.は、LINEアプリ上で日本円建ステーブルコイン「JPYC」を活用できる新規ウォレットサービスの構築に向けた協業検討の基本合意書を締結しました。本取組により、生活に密着したLINEプラットフォーム上で、ユーザーが直感的にJPYCを用いたリワード体験や日常決済を行える環境の実現を目指しています。
553.0,2026-01-20 17:00:00,LINEでの日本円ステーブルコイン「JPYC」活用が検討開始（あたらしい経済） - Yahoo!ニュース,https://news.yahoo.co.jp/articles/901a7f9e1d47340c1d2e706660fe80ad87b6b775,news.yahoo.co.jp,提携・連携、活用事例,0.0,LINE NEXT、LINEヤフー、アバランチ,95.0,EVT-20260120-02,2026-01-20,done,JPYC社がLINE NEXTと協業検討の基本合意書を締結し、LINEアプリ上でのJPYCの活用を視野に入れた検討を開始する。日常生活との接点不足が課題である日本円ステーブルコイン「JPYC」を、すでに生活に根付いたアプリケーション上で利用可能にすることで、普及促進を目指している。
555.0,2026-01-20 17:00:00,アステリアがJPYCと資本業務提携、ステーブルコイン活用を視野に（あたらしい経済） - Yahoo!ニュース,https://news.yahoo.co.jp/articles/f44a49080a8193a55b7da33a676a9d2918bc3641,news.yahoo.co.jp,提携・連携、発行・資金,0.0,アステリア、JPYC社、JPYCゲートウェイ,85.0,EVT-20260116-02,2026-01-16,done,アステリアがJPYC社と資本業務提携を実施し、相互に株式を保有することで中長期的な関係強化を図る。両社は今後、JPYC決済やブロックチェーン活用に関する共同検討、業務システム連携、トレジャリービジネスの検討などを進める予定である。
554.0,2026-01-20 17:00:00,アステリア株が一時ストップ高 出資するJPYCがLINEヤフー子会社との協業へ基本合意書 - QUICK Money World,https://moneyworld.jp/news/detail?id=197968,moneyworld.jp,提携・連携,0.0,アステリア株式会社、LINE NEXT、LINEヤフー,75.0,EVT-20260120-02,2026-01-20,done,提供されたテキストは免責事項のみであり、アステリア株のストップ高やJPYCがLINEヤフー子会社との協業に基本合意したというニュース本文の記事内容が含まれていません。
560.0,2026-01-20 17:51:09,JPYC株式会社、テスト用トークンの無料配布ツールを公開 - crypto-times.jp,https://crypto-times.jp/news-jpc-inc-releases-free-test-token-distribution-tool/,crypto-times.jp,活用事例,0.0,JPYC Faucet、イーサリアム、ポリゴン、アバランチ,75.0,EVT-20260119-01,2026-01-19,done,JPYC株式会社は、日本円連動型ステーブルコイン「JPYC」の開発環境でテスト用トークンを無料で取得できる開発者支援ツール「JPYC Faucet」を公開しました。本ツールはウォレット接続のみで即座にテスト用JPYCを受け取れ、実際の資産リスクを負わずに基本機能の検証が可能です。Sepolia、Amoy、Fujiなどの主要テストネットワークに対応し、開発初期段階でのトークン確保の負担を軽減することで、プロトタイプ検証プロセスの効率化が期待されます。
568.0,2026-01-21 02:00:00,アステリア－一時ストップ高 ＪＰＹＣとＬＩＮＥヤフー系が協業へ(トレーダーズ・ウェブ) - Yahoo!ファイナンス,https://finance.yahoo.co.jp/news/detail/8e7ec5ebcce03e7614d49705de859e15f687d194,finance.yahoo.co.jp,提携・連携、活用事例,0.0,アステリア、LINE NEXT、LINEヤフー,85.0,EVT-20260120-02,2026-01-20,done,アステリアが一時ストップ高となった。日本円ステーブルコイン「JPYC」を取り扱うJPYCは、LINEヤフーのグループ会社であるLINE NEXTと「JPYC」の活用に向けて協業検討を開始することに基本同意し、LINEアプリ上で誰もが手軽に「JPYC」を利用できる環境の構築をめざすとしている。
567.0,2026-01-21 02:00:00,【1/20話題】LINEでのJPYC活用が検討開始、NYSEがトークン化証券の24H取引と即時決済へ、TORICOがETH追加購入など（音声ニュース） - あたらしい経済,https://www.neweconomy.jp/posts/539265,neweconomy.jp,提携・連携、取扱い・対応,0.0,LINE NEXT、アステリア、SBI VCトレード,45.0,EVT-20260120-02,2026-01-20,done,このポッドキャスト番組では、ブロックチェーン・暗号資産関連の複数のニュースを解説しており、主な話題としてLINEでのJPYC活用の検討開始、NYSEがトークン化証券の取引・オンチェーン決済基盤を開発、複数企業によるイーサリアムやビットコイン購入などが紹介されている。また、イーサリアムの取引数やETHステーキング量が過去最高を更新したほか、各国の中央銀行やプラットフォームによるCBDCや暗号資産関連の取り組みが報告されている。
565.0,2026-01-21 02:00:00,アステリアがJPYCと資本業務提携、ステーブルコイン活用を視野に - あたらしい経済,https://www.neweconomy.jp/posts/539205,neweconomy.jp,提携・連携、活用事例,0.0,アステリア、JPYC社、JPYCゲートウェイ,85.0,EVT-20260116-02,2026-01-16,done,アステリアがJPYC社と資本業務提携を行い、相互に株式を保有することで中長期的な関係強化を図る。両社は今後、JPYC決済やブロックチェーン活用に関する共同検討、業務システム連携、トレジャリービジネスの検討などに取り組む方針である。
566.0,2026-01-21 02:00:00,円建てステーブルコインJPYC、LINEで利用可能に - JinaCoin,https://jinacoin.ne.jp/jpyc-line-20260120/,jinacoin.ne.jp,提携・連携、取扱い・対応,0.0,LINE NEXT Inc.、JPYC株式会社、LINEアプリ,95.0,EVT-20260120-02,2026-01-20,done,JPYC株式会社はLINE NEXT Inc.と基本合意書を締結し、LINEアプリ上で円建てステーブルコイン「JPYC」の流通やリワード活用、日常決済での利用を実現する予定である。本協業では、新規ウォレットサービスでのJPYC利用シナリオの共同検討、API連携の検証、共同マーケティングを進め、日本市場におけるWeb3普及を目指す。
563.0,2026-01-21 02:00:00,LINEでステーブルコイン「JPYC」決済実現へ──JPYC社とLINE NEXTが協業検討で合意（NADA NEWS） - Yahoo!ニュース,https://news.yahoo.co.jp/articles/38e4ab43e0d754b17928697906358ef2afa842d9,news.yahoo.co.jp,提携・連携、活用事例,0.0,LINE NEXT、JPYC社、岡部代表,95.0,EVT-20260120-02,2026-01-20,done,JPYC社とLINE NEXTが、日本円連動型ステーブルコイン「JPYC」の活用に向けた協業検討の基本合意書を締結した。LINEアプリ上の新規ステーブルコインウォレットにおいて、誰もが手軽にJPYCを利用できる環境の構築を目指す。
561.0,2026-01-21 02:00:00,LINE NEXTとJPYC株式会社、LINEを活用した新規ステーブルコインウォレットでのJPYC活用に関する協業検討開始のお知らせ - PR TIMES,https://prtimes.jp/main/html/rd/p/000000016.000145432.html,prtimes.jp,提携・連携、取扱い・対応,0.0,LINE NEXT、JPYC株式会社、Kaiaブロックチェーン,95.0,EVT-20260120-02,2026-01-20,done,LINE NEXTとJPYC株式会社は、LINEアプリ上の新規ステーブルコインウォレットでの日本円建ステーブルコイン「JPYC」の活用に関する協業検討を開始する基本合意書を締結した。両社は、JPYCのリワード配布、日常決済での利用促進、および円建ステーブルコインを基盤とした代表的なユーザー体験の創出を目指して協力を進める。
564.0,2026-01-21 02:00:00,万博とJPYCに見る「輸出立国2.0」──ステーブルコインが支える日本の価値循環：N.Avenue Club「Year End Party 2025」セッションレポート（NADA NEWS） - Yahoo!ニュース,https://news.yahoo.co.jp/articles/eeb4640fc3bff6643a04d309526e33b93138043c,news.yahoo.co.jp,解説・論説、市場・統計、活用事例,1.0,川崎ひでと、宮田裕章、岡部典孝、comilio,75.0,EVT-20260120-03,2026-01-20,done,本セッションでは、2025年の大阪・関西万博とJPYC発行開始を象徴的なトピックとして、ステーベルコインが日本のIP・食・観光などの価値を世界に発信し、海外事業者への決済手数料流出を抑える「デジタル赤字」の改善や、クレジットカード会社による「金融検閲」からクリエイターを守る役割を果たす可能性が論じられた。さらに、スマホ新法による流通構造の是正とあわせて、ステーブルコインが「モノからコトへ」と移行する日本産業の決済インフラとなることの重要性が指摘された。
562.0,2026-01-21 02:00:00,アステリアが一時Ｓ高、ＪＰＹＣとラインヤフーグループの協業検討発表で思惑◇ - みんかぶ,https://minkabu.jp/news/4420516,minkabu.jp,提携・連携,0.0,アステリア、LINE NEXT、LINEヤフーグループ,75.0,EVT-20260120-02,2026-01-20,done,JPYCがLINEヤフーグループの米国ライン・ネクスト社と、日本円ステーブルコイン「JPYC」の活用に向けた協業検討の基本合意書を締結したと発表した。LINEアプリ上で誰もが手軽に「JPYC」を利用できる環境構築が目的であり、JPYCと資本・業務提携しているアステリアが思惑買いで一時ストップ高となった。
569.0,2026-01-21 16:02:27,「デジタルギフト」の受取先にステーブルコイン「JPYC」採用（JPYC） - ペイメントナビ,https://paymentnavi.com/paymentnews/169838.html,paymentnavi.com,活用事例、提携・連携,0.0,デジタルプラスグループ、デジタルフィンテック、デジタルギフト,85.0,EVT-20260121-01,2026-01-21,done,JPYCは、デジタルプラスグループのデジタルフィンテックが提供する法人向けフィンテックソリューション「デジタルギフト」の受取先として、日本円ステーブルコイン「JPYC」の採用が決定したと発表した。これにより、約45兆円規模のtoC支払い市場において、事業者・利用者双方にとって使いやすいサービス提供が可能となり、日本円ステーブルコインを受け取ることが可能となるギフトサービスとしては初の事例となる。
571.0,2026-01-21 17:00:00,【国内初】日本円建ステーブルコイン「JPYC」に対応 - PR TIMES,https://prtimes.jp/main/html/rd/p/000000285.000007199.html,prtimes.jp,活用事例、提携・連携,0.0,株式会社デジタルプラス、デジタルギフト®、JPYC株式会社,85.0,EVT-20260121-01,2026-01-21,done,株式会社デジタルプラスが運営する「デジタルギフト®」が、JPYC株式会社が発行する国内初の資金移動業型円建てステーブルコイン「JPYC」に対応することを発表しました。API連携により、受取先として日本円ステーブルコイン「JPYC」を選択可能となり、ステーブルコインを受け取ることができるギフトサービスとしては国内初の事例です。
570.0,2026-01-21 17:00:00,【国内初(※1)】デジタルギフト®に日本円ステーブルコイン「JPYC」が受取先として追加 | JPYC株式会社のプレスリリース - PR TIMES,https://prtimes.jp/main/html/rd/p/000000301.000054018.html,prtimes.jp,活用事例、提携・連携,0.0,デジタルプラス、デジタルギフト®、デジタルフィンテック,85.0,EVT-20260121-01,2026-01-21,done,JPYC株式会社は、日本円ステーブルコイン「JPYC」がデジタルプラスグループの法人向けフィンテックソリューション「デジタルギフト®」の受取先として採用されたことを発表しました。これにより、約45兆円規模のtoC支払い市場において、日本円ステーブルコインを受け取ることが可能となるギフトサービスとしては初の事例となり、企業から個人へのインセンティブやクリエイター・フリーランスへの報酬支払いなど、多様な用途での活用が期待されます。
572.0,2026-01-21 17:00:00,【ステーブルコイン元年】日本市場が本格始動！注目の5銘柄 - トウシル,https://media.rakuten-sec.net/articles/-/51283,media.rakuten-sec.net,市場・統計、解説・論説、競合・市場環境,1.0,JPYC、メガバンク3行（三菱UFJ・三井住友・みずほ）、USDC、改正資金決済法,75.0,EVT-20260121-02,2026-01-21,done,2025年10月に日本初の円建てステーブルコイン「JPYC」の発行が開始され、メガバンク3行による円建てステーブルコイン検証プロジェクトも動き出すなど、日本市場が本格始動した。日本は米国に比べ法規制の整備を先行させた慎重なアプローチを取っており、企業間決済や国際送金での活用を軸に、制度と信頼性を基盤とした独自のステーブルコイン市場を形成しつつある。
577.0,2026-01-22 02:00:00,【材料】 デジプラはプラス転換、デジタルギフトでステーブルコイン「ＪＰＹＣ」が受け取り可能に - かぶたん,https://kabutan.jp/news/marketnews/?b=n202601210412,kabutan.jp,活用事例、提携・連携,0.0,デジタルプラス、デジタルギフト,72.0,EVT-20260121-01,2026-01-21,done,デジタルプラス<3691>は、同社グループが運営する「デジタルギフト」で円建てステーブルコイン「ＪＰＹＣ」を受け取ることが可能になると発表し、買いが入ってプラスに転じた。この連携により、デジタルギフトがＪＰＹＣを受け取ることができる国内初のギフトサービスとなった。
575.0,2026-01-22 02:00:00,デジタルプラス－反発 「デジタルギフト」が「JPYC」に対応(トレーダーズ・ウェブ) - Yahoo!ファイナンス,https://finance.yahoo.co.jp/news/detail/b03f9ec881bc4b7e710f2c9789add657e97da3e5,finance.yahoo.co.jp,活用事例、提携・連携,0.0,デジタルプラス、デジタルギフト、API連携,85.0,EVT-20260121-01,2026-01-21,done,デジタルプラスが21日、グループの「デジタルギフト」がJPYC（東京都千代田区）が発行する国内初の資金移動業型円建てステーブルコイン「JPYC」に対応すると発表した。API連携により、第三者事業者が「デジタルギフト」と連携することで、受取先として「JPYC」を選択可能となり、これは国内初の事例とのこと。
576.0,2026-01-22 02:00:00,JPYCがデジタルギフトで受取可能に、現金・ポイントに続く報酬受取の選択肢 - bittimes.net,https://bittimes.net/news/216343.html,bittimes.net,活用事例、提携・連携,0.0,デジタルフィンテック、デジタルギフト®,85.0,EVT-20260121-01,2026-01-21,done,JPYC株式会社は2026年1月21日、日本円ステーブルコイン「JPYC」が株式会社デジタルフィンテックの「デジタルギフト®」の受取手段として採用されたと発表しました。これにより、報酬や謝礼の支払いにおいて、従来の現金振込や電子マネー、ポイントに加え、JPYCが受取方法として選択可能になり、企業の支払い設計の柔軟性と利用者の受取手段の選択肢が広がります。
573.0,2026-01-22 02:00:00,LINE NEXTとJPYC、MOU締結 円建てステーブルコイン対応ウォレットを検討 - plus-web3.com,https://plus-web3.com/media/latestnews_1000_7353/,plus-web3.com,提携・連携、取扱い・対応,0.0,LINE NEXT、Kaiaブロックチェーン、LINEアプリ,95.0,EVT-20260120-02,2026-01-20,done,LINE NEXTとJPYC株式会社は2026年1月20日にMOUを締結し、LINEアプリ上の新規ステーブルコインウォレットでJPYCの活用を共同検討することを発表した。リワード配布や日常決済での利用拡大を目指し、Web3に不慣れな層の利用障壁を低下させることが目的である。
574.0,2026-01-22 02:00:00,【ステーブルコイン元年】日本市場が本格始動！注目の5銘柄 - トウシル,https://media.rakuten-sec.net/articles/-/51283?page=2,media.rakuten-sec.net,競合・市場環境、解説・論説,1.0,TIS、アステリア、電算システムHD、シンプレクスHD、Speee,75.0,EVT-20260121-02,2026-01-21,done,本記事は、日本のステーブルコイン市場の本格始動に伴い、JPYC関連ビジネスに取り組むTIS、アステリア、電算システムHD、シンプレクスHD、Speeeの5銘柄を紹介しています。各企業はステーブルコイン決済システムの構築、決済支援サービスの提供、インフラ整備を通じて、国内市場の普及と事業化を進めています。
579.0,2026-01-22 02:00:00,JPYC社、日本円ステーブルコインをデジタルギフトに追加した新しい金融インフラの構築 - ニュースメディアVOIX,https://voix.jp/money/card/27105/,voix.jp,活用事例、取扱い・対応,0.0,デジタルプラスグループ、デジタルギフト®、デジタルフィンテック,85.0,EVT-20260121-01,2026-01-21,done,JPYC株式会社は、デジタルプラスグループのフィンテックソリューション「デジタルギフト®」に日本円ステーブルコイン「JPYC」を受取先として追加することを発表した。これにより、約45兆円規模のtoC支払い市場において法人顧客向けの新たな金融インフラが展開され、企業から個人への支払い手段の選択肢が広がり、国内初のステーブルコイン受け取りギフトサービスが実現される。
578.0,2026-01-22 02:00:00,「デジタルギフト」の受取先にJPYCが採用──国内ギフトサービスで初のステーブルコイン対応（NADA NEWS） - Yahoo!ニュース,https://news.yahoo.co.jp/articles/a68b38cf0b3c9f891bdbbc60d103e052668a0558,news.yahoo.co.jp,活用事例、提携・連携,0.0,デジタルプラス、LINE NEXT、三井住友カード,85.0,EVT-20260121-01,2026-01-21,done,JPYC社とデジタルプラスは、デジタルプラスの送金ソリューション「デジタルギフト」の受取先に日本円ステーブルコイン「JPYC」が採用されたと発表した。国内ギフトサービスで受取先にステーブルコインが選択肢として加わるのは初の事例であり、同社は企業から個人への支払い手段が今後暗号資産やデジタル資産が主要になると予測し、多様な受取手段を提供するアグリゲーターとしての機能強化を目指している。
580.0,2026-01-22 03:28:33,JPYC、法人向けギフトサービスで受取対応を開始 - BeInCrypto,https://jp.beincrypto.com/jpyc-starts-acceptance-in-corporate-gift-service/,jp.beincrypto.com,活用事例、提携・連携,0.0,デジタルプラスグループ、デジタルギフト®、デジタルフィンテック,85.0,EVT-20260121-01,2026-01-21,done,デジタルプラスグループの法人向けギフトサービス「デジタルギフト®」に、日本円ステーブルコイン「JPYC」が受取手段として追加され、ステーブルコインをギフトサービスの受取先に組み込むのは国内初となった。これにより企業から個人への約45兆円規模の送金市場において、低コストかつ即時性を備えた新たな受取方法が実現され、web3関連産業の利用者層の取り込みが見込まれている。
581.0,2026-01-22 16:36:56,「預金封鎖」でも動かせる？JPYCが資産防衛の切り札になる理由 - crypto-times.jp,https://crypto-times.jp/news-jpyc-is-the-trump-card-for-asset-protection/,crypto-times.jp,解説・論説,1.0,岡部典孝、JPYC株式会社、セルフウォレット,72.0,EVT-20260122-01,2026-01-22,done,JPYC株式会社の岡部典孝代表取締役は、預金封鎖などの金融非常事態において、銀行や暗号資産交換業者に依存しないセルフウォレットでの資産管理が重要だと主張しています。ユーザーが秘密鍵を管理するセルフウォレット内のJPYCであれば、ブロックチェーンの特性により24時間365日いつでも資産を移動させることが可能であり、週末や緊急時でも資産価値の保全を図ることができるとしています。
582.0,2026-01-23 02:00:00,一般社団法人 日本ブロックチェーン協会主催「JBA Blockchain Hackathon 2026」にスポンサーとして参画 - PR TIMES,https://prtimes.jp/main/html/rd/p/000000302.000054018.html,prtimes.jp,提携・連携,0.0,日本ブロックチェーン協会、JBA Blockchain Hackathon 2026、JPYC Faucet,65.0,EVT-20260123-01,2026-01-23,done,JPYC株式会社は、一般社団法人日本ブロックチェーン協会が主催する「JBA Blockchain Hackathon 2026」にスポンサーとして参画し、学生および若手社会人を対象にステーブルコインをテーマにしたハッカソンを支援します。JPYCは開発者が自由にスマートコントラクトに組み込める日本円ステーブルコインであり、テスト用トークンを無償で取得できる「JPYC Faucet」を提供して開発環境をサポートします。
583.0,2026-01-23 02:00:00,デジタルギフト®がステーブルコイン対応──JPYCとのAPI連携で多様な受取手段を提供 - innovaTopia,https://innovatopia.jp/blockchain/blockchain-news/78280/,innovatopia.jp,活用事例、提携・連携、取扱い・対応,0.0,株式会社デジタルプラス、デジタルギフト®、LINE NEXT Inc.、TIS株式会社,85.0,EVT-20260121-01,2026-01-21,done,株式会社デジタルプラスが運営する「デジタルギフト®」が、JPYC株式会社の国内初の資金移動業型円建てステーブルコイン「JPYC」に対応し、API連携によってギフトサービスからシームレスにステーブルコインを受け取ることが可能になった。JPYCは日本円と1対1で交換可能であり、預貯金および国債によって裏付けされている。
584.0,2026-01-23 16:45:00,JPYC導入加速の中｜主要銀行がステーブルコイン採用を検討 - crypto-times.jp,https://crypto-times.jp/news-cirlce-ceo-said-major-banks-consider-adopting-stablecoins/,crypto-times.jp,提携・連携、活用事例、市場・統計,0.0,Circle、JCB、りそなホールディングス、LINE NEXT,85.0,EVT-20260115-02,2026-01-15,done,Circle社のCEOは、ステーブルコインが銀行システムの実用フェーズへ移行しており、年平均成長率40%の成長を予測しています。日本国内でも、JPYCがJCB・りそなホールディングス・デジタルガレージ、三井住友カード・マイナウォレット、LINE NEXTなどと連携し、決済導入が急速に進んでいます。
585.0,2026-01-25 14:13:59,【今週のJPYCまとめ】資産防衛手段として注目集まる。流通量増加もアドレス数は減少 - crypto-times.jp,https://crypto-times.jp/news-jpyc-as-a-means-of-asset-protection-increase-in-circulation/,crypto-times.jp,市場・統計、解説・論説,1.0,岡部典孝、JPYC株式会社、JPYC Faucet,85.0,EVT-20260120-01,2026-01-20,done,JPYCは今週、資産防衛手段としての有用性が注目を集め、開発者向けのテスト用トークン無料配布ツール「JPYC Faucet」が公開されました。一方、1月10日時点との比較で流通総額は約3600万円増加した一方で、アドレス数は約1800件減少し、市場参加者の集約が進んでいることが明らかになっています。
586.0,2026-01-27 02:00:00,発行10兆円へ、日本円ステーブルコインJPYCが描く世界戦略 - crypto-times.jp,https://crypto-times.jp/news-japanese-yen-stablecoin-jpycs-global-strategy/,crypto-times.jp,発行・資金、提携・連携、解説・論説,1.0,インベスコ・アセット・マネジメント株式会社、岡部典孝、サークル社,85.0,EVT-20260127-01,2026-01-27,done,日本円ステーブルコイン「JPYC」を発行するJPYC株式会社の岡部典孝代表は、JPYCが企業会計上で「現金」として扱える電子決済手段であり、ブロックチェーン技術により仲介コストを削減し24時間365日即座に取引が可能であることを説明しました。今後3年間で累計発行額10兆円を目指し、米ドル連動型ステーブルコイン「USDC」を発行するサークル社との提携により、日本円と海外ステーブルコインの自由な交換環境を整備することで、グローバル市場における日本円のプレゼンス向上を図るとしています。
587.0,2026-01-27 05:50:00,｢金利ある世界｣が後押し､ステーブルコインJPYC誕生の舞台裏／キャッシュレス決済が広がる中で､どこまで利用者を増やせるのか - 東洋経済オンライン,https://toyokeizai.net/articles/-/931576?display=b,toyokeizai.net,解説・論説、活用事例,1.0,JPYC株式会社、岡部典孝、リアルワールドゲームス,75.0,EVT-20260115-01,2026-01-15,done,フィンテック企業JPYCの岡部典孝代表は、昨年10月に史上初となる日本円ステーブルコイン「JPYC」の発行を開始した。ゲーム開発会社での仮想通貨発行経験で価値変動による課題に直面したことが、ステーブルコイン開発の動機となっている。
588.0,2026-01-27 05:50:00,｢金利ある世界｣が後押し､ステーブルコインJPYC誕生の舞台裏／キャッシュレス決済が広がる中で､どこまで利用者を増やせるのか - 東洋経済オンライン,https://toyokeizai.net/articles/-/931576?page=2,toyokeizai.net,,0.0,,0.0,,,done,申し訳ございません。本文がコンテンツブロック検知メッセージのみであり、記事の実際の本文が取得できていないため、要約を生成することができません。
589.0,2026-01-27 13:50:29,金融庁、「暗号資産・ステーブルコイン課」新設｜JPYC普及なるか - crypto-times.jp,https://crypto-times.jp/news-fsa-launches-new-crypto-assets-and-stablecoins-division/,crypto-times.jp,制度・規制,0.0,金融庁、暗号資産・ステーブルコイン課、総合政策局、監督局,65.0,EVT-20260127-02,2026-01-27,done,金融庁は令和8年度に「暗号資産・ステーブルコイン課」を新設し、デジタル金融分野への対応を強化するため参事官室レベルから「課」へ組織を格上げします。JPYCなどの日本円ステーブルコインサービス拡大に伴い、規制当局による監督体制の明確化と強化が求められていた中での対応です。
590.0,2026-01-28 00:00:00,日本円を年6%で運用可能に、JPYCレンディングがモルフォで開始 - JinaCoin,https://jinacoin.ne.jp/jpyc-morpho-20260128/,jinacoin.ne.jp,活用事例、提携・連携,0.0,Morpho、PAO TECH Labs、Steakhouse Financial,85.0,EVT-20260128-01,2026-01-28,done,DeFiレンディングプロトコルのMorphoは、日本円連動型ステーブルコインJPYCのレンディング市場をPolygon上で開始し、現時点で年5.95%の利回りで運用可能となった。借り手はUSDC、WETH、WBTCを担保としてJPYCを借り入れでき、貸し手はJPYCを供給して利回りを獲得できる。
591.0,2026-01-28 02:00:00,「インターバンクの流通量を超える」──JPYC岡部代表が語る、ステーブルFXの破壊力【2026年 創刊特集】再掲 - Yahoo!ニュース,https://news.yahoo.co.jp/articles/a03eb86b8bececdc2b64d08a5d9e13ffd863a34a,news.yahoo.co.jp,提携・連携、市場・統計、解説・論説,1.0,Circle、StableFX、岡部典孝、Arc,85.0,EVT-20260128-02,2026-01-28,done,JPYCは2026年に米サークル社のオンチェーン為替プラットフォーム「ステーブルFX」に参画し、USDCをハブとした各国通貨の即時交換を実現する。従来の銀行間取引では数日を要するのに対し、数秒単位での決済が可能になることで、資金効率が大幅に向上し、岡部代表はいずれインターバンクの流通量を超えると予想している。
592.0,2026-01-28 02:00:00,｢金利ある世界｣が後押し､ステーブルコインJPYC誕生の舞台裏／キャッシュレス決済が広がる中で､どこまで利用者を増やせるのか - 東洋経済オンライン,https://toyokeizai.net/articles/-/931576,toyokeizai.net,活用事例、解説・論説,1.0,JPYC株式会社、岡部典孝、リアルワールドゲームス,85.0,EVT-20260115-01,2026-01-15,done,フィンテック企業JPYCの岡部典孝代表は、昨年10月に史上初の日本円ステーブルコイン「JPYC」の発行を開始した。ゲーム内仮想通貨が現実世界で使えないという経験から、価値が安定するステーブルコイン開発に至り、役員全員がブロックチェーン専門家である組織の強みを活かして、メガバンクに先んじて発行を実現した。
593.0,2026-01-28 02:00:00,金融庁が暗号資産・ステーブルコイン課を新設、JPYCなどに環境変化か - CoinPartner,https://coinotaku.com/news/articles/242571,coinotaku.com,制度・規制,0.0,金融庁、暗号資産・ステーブルコイン課、銀行・証券監督局,75.0,EVT-20260127-02,2026-01-27,done,金融庁は2026年度の組織再編で、国内初となる「暗号資産・ステーブルコイン課」を「銀行・証券監督局」内に新設する方針を固めました。これまで複数部署に分かれていた仮想通貨関連業務が一つにまとまることで、より速く専門的な対応が可能になる一方で、規制強化とステーブルコイン利用環境整備のいずれに重点を置くかは現時点では明らかになっていません。
594.0,2026-01-28 15:34:55,アライドアーキテクツがJPYC活用のステーブルコイン導入支援を開始する意義 - ニュースメディアVOIX,https://voix.jp/money/card/27553/,voix.jp,取扱い・対応、提携・連携,0.0,アライドアーキテクツ、大木悠氏,65.0,EVT-20260128-03,2026-01-28,done,アライドアーキテクツ株式会社がJPYC株式会社のステーブルコイン「JPYC」を活用したビジネス導入支援サービスを開始した。Web3技術の普及に伴い、マーケティングと決済の融合が重要となる中、専門チームがステーブルコイン導入からリリース後の販促施策までをサポートし、顧客体験の向上と決済コストの最適化を実現する。
596.0,2026-01-28 17:00:00,アライドアーキテクツ、JPYCを活用したステーブルコインのビジネス導入支援を開始 - PR TIMES,https://prtimes.jp/main/html/rd/p/000000357.000058547.html,prtimes.jp,提携・連携、活用事例,0.0,アライドアーキテクツ株式会社、JPYC株式会社、大木悠,85.0,EVT-20260128-03,2026-01-28,done,アライドアーキテクツ株式会社は、JPYC株式会社が提供するステーブルコイン「JPYC」を活用したビジネス導入支援サービスを開始しました。同社は「データとクリエイティブ」にステーブルコインによる決済最適化を組み合わせることで、企業のマーケティングAXを支援し、導入検討から技術実装、販促施策まで伴走するサービスを提供します。
597.0,2026-01-28 17:00:00,JPYC仮想通貨とは？将来性や始め方を徹底解説｜2026 最新版 - Coinspeaker,https://www.coinspeaker.com/jp/cryptocurrency/what-is-jpyc/,coinspeaker.com,解説・論説,1.0,JPYC株式会社、Circle、マイナンバーカード,75.0,,,done,JPYCは、JPYC株式会社により2025年10月27日に発行開始された日本円建てステーブルコインで、1JPYC＝1円で固定されており、発行残高の100%以上を日本円の預金および短期国債で保全しています。EthereumやPolygonなどのブロックチェーン上で24時間365日のリアルタイム送金を可能にし、マイナンバーカード認証による簡潔なKYC体制を備えています。
595.0,2026-01-28 17:00:00,JPYCとは？将来性や買い方、注意点を最新情報をもとに解説 - icobench.com,https://icobench.com/jp/cryptocurrency/what-is-jpyc/,icobench.com,解説・論説,1.0,JPYC株式会社、LINE NEXT、電算システム,75.0,,,done,JPYCは日本円と1対1で価値が連動するステーブルコインで、銀行預金や国債による信託保全により裏付けられており、ブロックチェーン技術により24時間365日の即時決済を実現しています。2026年1月にLINE NEXTとの提携合意により、LINEアプリ内での利用が検討されるなど、Web3領域から日常決済への活用拡大が進行中です。
598.0,2026-01-28 17:13:50,日本円を年6%で運用。JPYCレンディングがMorphoで開始 - crypto-times.jp,https://crypto-times.jp/news-jpyc-lending-launches-on-morpho/,crypto-times.jp,活用事例、市場・統計,0.0,Morpho、PAO TECH Labs、Polygon,85.0,EVT-20260128-01,2026-01-28,done,PAO TECH LabsはDeFiレンディングプロトコルMorphoにおいて、ポリゴンチェーン上でJPYCのレンディング市場を開始しました。ユーザーはUSDC、WETH、WBTCなどを担保にJPYCを借り入れでき、貸し手は現在5.95%のAPYを得られます。Morphoの独立した市場構造により各市場のリスクが隔離され、清算LTVは86%に設定されています。
601.0,2026-01-29 02:00:00,Komlock labが主催した「Stablecoin (JPYC) Innovation Challenge 2025」大盛況のファイナルピッチ開催 - ニュースメディアVOIX,https://voix.jp/biz/news/161867/,voix.jp,活用事例、実証実験,0.0,Komlock lab、シーエーシー、TECHFUND,75.0,EVT-20260123-01,2026-01-23,done,Komlock lab株式会社が株式会社シーエーシーと株式会社TECHFUNDと共催した「Stablecoin (JPYC) Innovation Challenge 2025」は、100件以上のエントリーから選ばれた16チームがファイナルピッチを行い、「通貨をアップデートし、世界を再設計せよ！」というテーマの下で物流や一次産業の課題解決に向けたブロックチェーンの実業利用が競われた。業界のトップランナーによる審査が行われ、詳細な結果は公式レポートで公開されている。
600.0,2026-01-29 02:00:00,アライドアーキテクツ－反落 JPYCを活用したステーブルコインのビジネス導入支援を開始(トレーダーズ・ウェブ) - Yahoo!ファイナンス,https://finance.yahoo.co.jp/news/detail/2cce4710ed7bc726c11370fa15e3f6a918bbfb04,finance.yahoo.co.jp,提携・連携、活用事例,0.0,アライドアーキテクツ株式会社、JPYC株式会社、大木悠,85.0,EVT-20260128-03,2026-01-28,done,アライドアーキテクツ株式会社は、JPYC株式会社が提供するステーブルコイン「JPYC」を活用したビジネス導入支援サービスを開始することを発表しました。同社はマーケティングと決済の融合により、企業のオンチェーン実装を推進するクリプト領域イネーブラー事業として、ステーブルコインの導入検討から技術実装、販促施策まで一貫したサポートを提供します。
599.0,2026-01-29 02:00:00,「Stablecoin(JPYC) Innovation Challenge 2025」賞金総額100万円、エントリー100件超。「通貨」を再設計するアイディアソンが大盛況のうちに閉幕 - PR TIMES,https://prtimes.jp/main/html/rd/p/000000010.000166095.html,prtimes.jp,実証実験、提携・連携,0.0,Komlock lab、CAC、TECHFUND、Stablecoin Innovation Challenge 2025,65.0,EVT-20260129-01,2026-01-29,done,Komlock lab株式会社などが主催した「Stablecoin(JPYC) Innovation Challenge 2025」は、123件のエントリーから選抜された16チームがファイナルピッチに登壇し、物流や一次産業などの既存産業の課題を解決するブロックチェーン活用ソリューションを競い、賞金総額100万円で大盛況のうちに2026年1月23日に閉幕した。
602.0,2026-01-29 13:41:58,HashPort Wallet、JPYC決済とガスレスを実現｜万博の知見を活用 - crypto-times.jp,https://crypto-times.jp/news-hashport-wallet-realizes-jpyc-payment-and-gas-free-payment/,crypto-times.jp,取扱い・対応、活用事例,0.0,HashPort、HashPort Wallet、EIP-7702,75.0,EVT-20260129-02,2026-01-29,done,株式会社HashPortは1月28日、ノンカストディアルウォレットアプリのHashPort Walletをアップデートし、JPYCなどのステーブルコインでの支払いに対応させるとともに、ユーザーのガス代を一部負担するサービスを追加しました。また、ビジネスウォレット登録により企業向け決済サービスHashPort Wallet for Bizが利用可能となり、導入企業での決済ではガスレスが実現します。
603.0,2026-01-29 17:04:21,1/31(土)日本円をデジタル化？「ステーブルコイン」を学ぶ！『村上信五くんと経済クン』 - 文化放送,https://www.joqr.co.jp/qr/article/169071/,joqr.co.jp,解説・論説,1.0,JPYC株式会社、岡部典孝、村上信五くんと経済クン,45.0,,,done,1月31日（土）の『村上信五くんと経済クン』では、1円の価値を常に保つデジタル通貨「ステーブルコイン」について学びます。講師は円建てのステーブルコインを初めて作ったJPYC株式会社の代表取締役・岡部典孝さんで、ビットコインやキャッシュレス決済との違いや世界で注目される理由などを紐解いていきます。
604.0,2026-01-30 02:00:00,HashPort Wallet、JPYC決済・ガスレス取引対応で利便性が大幅向上｜Web3実用化を加速 - bittimes.net,https://bittimes.net/news/216733.html,bittimes.net,活用事例、取扱い・対応,0.0,HashPort、HashPort Wallet、LINE NEXT、三井住友カード,85.0,EVT-20260129-02,2026-01-29,done,株式会社HashPortは2026年1月28日、ウォレットアプリ「HashPort Wallet」を大型アップデートし、JPYC決済に対応するとともに、ネットワーク手数料の一部をハッシュポート社が負担する「ガスレス決済」機能を導入しました。さらに法人向け機能「ビジネスウォレット」も提供開始され、決済手数料や月額利用料が無料となることで、ステーブルコイン決済の社会実装加速が図られています。
605.0,2026-01-30 11:08:20,HashPort、ガス代無料のステーブルコイン決済導入｜JPYC対応 - Cryptonews,https://cryptonews.com/jp/news/hashport-wallet-update-jpyc-stablecoin-payment/,cryptonews.com,活用事例、取扱い・対応,0.0,HashPort、HashPort Wallet、大阪・関西万博,85.0,EVT-20260129-02,2026-01-29,done,ブロックチェーン開発企業のHashPortは、「HashPort Wallet」をアップデートし、JPYCなどのステーブルコイン決済機能とガス代無料のスマートウォレット機能を導入しました。イーサリアムやポリゴンなど複数のブロックチェーンに対応し、店舗側は無料で導入でき、消費者はQRコード決済で暗号資産による支払いが可能になります。
606.0,2026-01-30 17:00:00,パオテックラボ、モルフォで「JPYC」のレンディング市場公開（あたらしい経済） - Yahoo!ニュース,https://news.yahoo.co.jp/articles/00990e09ed93baeb8e650079217b2c8328f2d3a7,news.yahoo.co.jp,活用事例、提携・連携,0.0,パオテックラボ、モルフォ、ステーキハウス・ファイナンシャル,85.0,EVT-20260128-01,2026-01-28,done,パオテックラボが日本円連動型ステーブルコイン「JPYC」のレンディング市場をレンディングプロトコル「モルフォ」上で公開し、ユーザーがUSDC、WETH、WBTCを担保にJPYCを借り入れたり、JPYCを供給して利回りを得たりできるようにした。この取り組みはJPYCをグローバルなオンチェーン金融市場へ導入する第1フェーズであり、パオテックラボは今後JPYCを基軸とした円建てDeFiインフラの拡張を段階的に進める方針である。
607.0,2026-01-31 02:00:00,パオテックラボ、モルフォで「JPYC」のレンディング市場公開 - あたらしい経済,https://www.neweconomy.jp/posts/543070,neweconomy.jp,活用事例、提携・連携,0.0,パオテックラボ、モルフォ、ステーキハウス・ファイナンシャル,85.0,EVT-20260128-01,2026-01-28,done,パオテックラボは1月28日、日本円連動型ステーブルコイン「JPYC」のレンディング市場をレンディングプロトコル「モルフォ」上で公開した。ユーザーはUSDC、WETH、WBTCを担保にJPYCを借り入れたり、JPYCを供給して利回りを得ることが可能になり、これはJPYCをグローバルなオンチェーン金融市場へ導入する取り組みの第1フェーズに位置付けられる。
608.0,2026-02-01 13:47:25,【今週のJPYCまとめ】レンディングで年利6%で運用可能に。HashPort WalletがJPYCに対応 - crypto-times.jp,https://crypto-times.jp/news-this-weeks-summary-of-jpyc-lending-and-hashport-wallet/,crypto-times.jp,活用事例、取扱い・対応、市場・統計,0.0,PAO TECH Labs、Morpho、HashPort、インベスコ・アセット・マネジメント,85.0,EVT-20260128-01,2026-01-28,done,PAO TECH LabsはMorphoにおけるJPYCのレンディング市場を正式に開始し、ユーザーは年利5.95%で運用可能になりました。同時にHashPort WalletがJPYCに対応し、ガス代の一部負担サービスも追加されるなど、JPYCは決済インフラとしての実用化を進めています。
609.0,2026-02-03 16:56:35,日本円ステーブルコイン「JPYC」、累計発行額10億円を突破 - あたらしい経済,https://www.neweconomy.jp/posts/543917,neweconomy.jp,市場・統計,0.0,JPYC EX、JPYC社、資金移動業者,85.0,EVT-20260203-01,2026-02-03,done,"国内初の日本円建ステーブルコイン「JPYC」の発行・償還サービス「JPYC EX」において、累計発行額が10億円を突破し、累計口座開設数が13,000件を超えた。JPYCは昨年10月27日に発行開始され、イーサリアム、アバランチ、ポリゴン上で流通しており、オンライン決済や実店舗での決済、インセンティブ配布など活用事例が増加している。"
612.0,2026-02-03 17:00:00,日本でも累計発行額10億円を突破、新しいデジタル資産「ステーブルコイン」とは？ - ビジネス+IT,https://www.sbbit.jp/article/fj/179978,sbbit.jp,市場・統計、制度・規制,0.0,JPYC株式会社、JPYC EX、資金決済法,85.0,EVT-20260203-01,2026-02-03,done,JPYC株式会社が発行する日本円連動型ステーブルコイン「JPYC」の累計発行額が10億円を突破した。2025年10月に正式提供が開始されたJPYCは、2023年の資金決済法改正により「電子決済手段」として法的に位置付けられ、個人ユーザーや法人による利用が拡大している。
610.0,2026-02-03 17:00:00,JPYC、累計発行額10億円を突破（NADA NEWS） - Yahoo!ニュース,https://news.yahoo.co.jp/articles/4a39e974af3b7879e672f62b4572bf520cf04506,news.yahoo.co.jp,発行・資金、活用事例、市場・統計,0.0,JPYC EX、LINE NEXT、HashPort,95.0,EVT-20260203-01,2026-02-03,done,JPYC社は日本円ステーブルコイン「JPYC」の発行・償還プラットフォーム「JPYC EX」において、昨年10月27日のサービス開始から約3カ月で累計発行額10億円を突破し、累計口座開設数が1万3000件を超えた。Polygon、Ethereum、Avalancheなど複数のブロックチェーンネットワーク上での利用が拡大しており、LINE NEXTとの協業やマイナンバーカード認証による決済実証実験、企業向けステーブルコイン決済サービスの開始など、実社会における決済インフラとしての実装が進展している。
611.0,2026-02-03 17:00:00,"発行・償還プラットフォーム「JPYC EX」の累計口座開設数が13,000件、累計発行額が10億円を突破 - PR TIMES",https://prtimes.jp/main/html/rd/p/000000305.000054018.html,prtimes.jp,発行・資金、市場・統計、活用事例、提携・連携,0.0,JPYC EX、岡部典孝、Avalanche、Ethereum,95.0,EVT-20260203-01,2026-02-03,done,"JPYC株式会社の日本円ステーブルコイン「JPYC」の発行・償還プラットフォーム「JPYC EX」が、2026年2月2日現在で累計口座開設数13,000件、累計発行額10億円を突破しました。JPYCは日本円と1：1で交換可能であり、オンライン決済や実店舗決済、インセンティブ配布など多様なユースケースで利用が広がっており、今後3年で10兆円規模の発行残高実現を目指しています。"
613.0,2026-02-03 20:13:29,【2/3話題】JPYC累計発行額が10億円、ZaifにJOCコイン上場へ、ジュピターがパラファイから35Mドル調達など（音声ニュース） - あたらしい経済,https://www.neweconomy.jp/posts/543964,neweconomy.jp,市場・統計,0.0,Zaif、JOCコイン、SBI VCトレード,45.0,EVT-20260203-01,2026-02-03,done,「あたらしい経済」編集部によるポッドキャスト番組で、日本円ステーブルコイン「JPYC」の累計発行額が10億円を突破したこと、Zaifに「JOCコイン」が上場すること、ジュピターがパラファイから35Mドルの戦略的投資を確保したことなど、ブロックチェーン・仮想通貨関連の複数のニュースが紹介された。
614.0,2026-02-03 21:22:52,JPYC発行額10億円突破、口座数1.3万件で加速する日本円デジタル決済 - crypto-times.jp,https://crypto-times.jp/news-jpyc-issuance-exceeds-1-billion-yen/,crypto-times.jp,市場・統計,0.0,JPYC EX、JPYC株式会社、Triaカード,85.0,EVT-20260203-01,2026-02-03,done,"JPYC株式会社は2026年2月2日時点で、日本円ステーブルコイン「JPYC」の発行・償還サービスJPYC EXにおいて、累計発行額10億円と累計口座開設数13,000件を突破した。JPYCは日本円資産により100%保全され、アバランチ、イーサリアム、ポリゴンの3つのブロックチェーン上で発行されており、オンライン決済や実店舗での支払いなど多様な用途で利用されている。"
616.0,2026-02-04 02:00:00,"発行・償還プラットフォーム「JPYC EX」の累計口座開設数が13,000件、累計発行額が10億円を突破 - ニコニコニュース",https://news.nicovideo.jp/watch/nw18892017?news_ref=watch_60_nw18808373,news.nicovideo.jp,発行・資金、市場・統計,0.0,JPYC EX、岡部典孝、Avalanche,95.0,EVT-20260203-01,2026-02-03,done,"JPYC株式会社の日本円ステーブルコイン「JPYC」の発行・償還プラットフォーム「JPYC EX」が、2026年2月2日現在で累計口座開設数13,000件、累計発行額10億円を突破した。同サービスは個人ユーザーや企業、Web3プロジェクトなど多様な主体に利用され、オンライン決済や実店舗決済、インセンティブ配布など実務的なユースケースが広がっている。"
615.0,2026-02-04 02:00:00,"JPYC EXが累計口座開設数13,000件、発行額10億円を突破した成果 - ニュースメディアVOIX",https://voix.jp/money/card/28195/,voix.jp,発行・資金、市場・統計,0.0,JPYC EX、JPYC株式会社、岡部典孝,95.0,EVT-20260203-01,2026-02-03,done,"JPYC株式会社の日本円ステーブルコイン「JPYC」の発行・償還サービス「JPYC EX」が、累計口座開設数13,000件、累計発行額10億円を突破しました。オンライン決済や実店舗での決済など多様なユースケースで利用が進み、金融インフラとしての評価を高めています。今後3年で発行残高10兆円規模の達成を目指しています。"
617.0,2026-02-04 05:49:54,JPYC、累計発行額10億円を突破(NADA NEWS) - Yahoo!ファイナンス,https://finance.yahoo.co.jp/news/detail/4a39e974af3b7879e672f62b4572bf520cf04506,finance.yahoo.co.jp,市場・統計、活用事例,0.0,JPYC EX、LINE NEXT、三井住友カード,95.0,EVT-20260203-01,2026-02-03,done,JPYC社は日本円ステーブルコイン「JPYC」の発行・償還プラットフォーム「JPYC EX」における累計発行額が10億円を突破し、累計口座開設数は1万3000件を超えたことを発表した。Polygon、Ethereum、Avalancheなど複数のブロックチェーン上での流通が拡大し、LINE NEXTやマイナウォレット社、HashPortなどとの協業により、デジタルコンテンツ決済やタッチ決済、企業向け決済サービスなど実社会での利用シーンが広がっている。
618.0,2026-02-04 05:49:54,日本円ステーブルコイン「JPYC」、累計発行額10億円を突破（あたらしい経済） - Yahoo!ニュース,https://news.yahoo.co.jp/articles/34384d341b518f0473bc7f07e5c786f0fcd87cbe,news.yahoo.co.jp,発行・資金、市場・統計,0.0,JPYC EX、JPYC社、資金移動業者,95.0,EVT-20260203-01,2026-02-03,done,"日本円建ステーブルコイン「JPYC」の累計発行額が10億円を突破し、JPYC EXの累計口座開設数も13,000件を超えた。JPYCは昨年10月27日に発行開始され、オンライン決済や実店舗での決済、インセンティブ配布など様々な用途で活用が広がっているとのことである。"
619.0,2026-02-04 15:00:45,JPYC EX、発行額10億円突破＝日本で拡大する円建てステーブルコイン市場 - BeInCrypto,https://jp.beincrypto.com/jpyc-ex-1billion-yen-expanding-yen-stablecoin-market/,jp.beincrypto.com,市場・統計、取扱い・対応、提携・連携、制度・規制,0.0,JPYC EX、アステリア、TIS、東京都,95.0,EVT-20260203-01,2026-02-03,done,JPYC社が発行する日本円ステーブルコイン「JPYC」のプラットフォーム「JPYC EX」の累計発行額が10億円を突破し、口座開設数は1万3000件に達した。同社は資金移動業者として規制に準拠しながら、実店舗決済やWeb3プロジェクトなど多様な用途での採用を進めており、今後3年で発行残高10兆円規模の達成を目標としている。
620.0,2026-02-04 17:00:00,アステリア株式会社との資本業務提携に関するお知らせ | JPYC株式会社のプレスリリース - PR TIMES,https://prtimes.jp/main/html/rd/p/000000306.000054018.html,prtimes.jp,提携・連携、発行・資金,0.0,アステリア株式会社、Asteria Vision Fund、B1種優先株式,85.0,EVT-20260204-01,2026-02-04,done,JPYC株式会社はアステリア株式会社と資本業務提携を行うことに合意しました。JPYCのステーブルコイン・ブロックチェーン技術とアステリア社のデータ連携・ノーコード開発技術を組み合わせることで、企業や自治体向けのデジタル決済・業務基盤の社会実装を目指します。両社は相互に資本参加し、JPYC活用の共同検討やトレジャリー・新規ビジネスモデルの検討に取り組みます。
621.0,2026-02-04 17:00:00,JPYCとアステリアが資本業務提携──ステーブルコインの「トレジャリー」活用など共同検討（NADA NEWS） - Yahoo!ニュース,https://news.yahoo.co.jp/articles/108e873f1a782c5d5aac956a9de3cdf9c370f615,news.yahoo.co.jp,提携・連携,0.0,アステリア、ASTERIA Warp,85.0,EVT-20260204-01,2026-02-04,done,JPYC社と東証プライム上場のアステリアが資本業務提携を行うことに合意した。両社は株式を持ち合い、ブロックチェーン技術を用いた決済インフラの普及やデータ連携基盤の構築に向けて協業を本格化させ、企業の財務管理やステーブルコイン市場の活性化に向けて連携していく。
622.0,2026-02-04 18:01:01,ステーブルコインJPYC、発行額10億円に 国債需要は増えるか - 日本経済新聞,https://www.nikkei.com/article/DGXZQOUB044GA0U6A200C2000000/,nikkei.com,市場・統計、発行・資金,0.0,JPYC株式会社、DeFi、国債,85.0,EVT-20260203-01,2026-02-03,done,円建てステーブルコイン「JPYC」の累計発行額が開始から約3カ月で10億円に到達した。DeFiで活用する個人などが利用しており、今後3年で10兆円の発行を目標としている。
623.0,2026-02-05 02:00:00,JPYC株式会社、アステリア株式会社と資本業務提携 - crypto-times.jp,https://crypto-times.jp/news-jpc-corporation-enters-into-capital-and-business-alliance-with-asteria-corporation/,crypto-times.jp,提携・連携,0.0,アステリア株式会社,85.0,EVT-20260204-01,2026-02-04,done,JPYC株式会社はアステリア株式会社と資本業務提携を行い、日本円ステーブルコインJPYCの社会実装を加速させるとともに、企業間取引や自治体のデジタル決済基盤構築を目指します。両社はJPYCを活用した決済やブロックチェーン活用の共同検討、システム連携などを行う予定です。
624.0,2026-02-05 02:00:00,JPYCとアステリア株式会社が資本業務提携、日本円ステーブルコインの社会実装を加速(CoinPost) - Yahoo!ファイナンス,https://finance.yahoo.co.jp/news/detail/cd1123a6b231164ce80e0a0d1b4d209d2ccf3607,finance.yahoo.co.jp,提携・連携,0.0,"アステリア株式会社、Asteria Vision Fund I, L.P.",95.0,EVT-20260204-01,2026-02-04,done,JPYC株式会社はアステリア株式会社と資本業務提携を行い、日本円ステーブルコイン「JPYC」とアステリア社のデータ連携・ノーコード開発技術を組み合わせることで、実用性の高いデジタル決済・業務基盤の社会実装を推進する。両社は相互に資本参加し、決済・ブロックチェーン活用、業務システム連携、新規ビジネスモデル検討などで共同で取り組む。
625.0,2026-02-05 07:45:50,JPYCとアステリア株式会社が資本業務提携、日本円ステーブルコインの社会実装を加速 - CoinPost,https://coinpost.jp/?p=686729,coinpost.jp,提携・連携、発行・資金,0.0,アステリア株式会社、資本業務提携、デジタル決済基盤,95.0,EVT-20260204-01,2026-02-04,done,JPYC株式会社は東証上場のアステリア株式会社と資本業務提携を行い、日本円ステーブルコイン「JPYC」とアステリアのデータ連携技術を組み合わせた実用性の高いデジタル決済・業務基盤の社会実装を目指す。両社は企業間取引決済基盤の構築を通じて、実店舗・EC決済から企業間精算まで幅広い領域での連携を進める方針である。
626.0,2026-02-05 14:00:39,Secured Finance、UBSトークン化MMFを担保にJPYC・USDCの借入が可能に - CoinPost,https://coinpost.jp/?p=684936,coinpost.jp,活用事例、提携・連携,0.0,Secured Finance AG、DigiFT、UBS Asset Management,75.0,EVT-20260205-01,2026-02-05,done,Secured Finance AGとDigiFTが提携し、UBS Asset Managementが発行するトークン化MMF「uMINT」を担保としてJPYCやUSDCを借り入れできる仕組みを構築した。これにより、トークン化RWA保有者は資産を売却せずに流動性を確保でき、規制下のRWAとDeFiを実運用レベルで接続する重要な一歩となる。
627.0,2026-02-05 15:20:24,羽田空港でステーブルコイン決済実証開始、ネットスターズに聞く技術選定の背景 - CoinPost,https://coinpost.jp/crypto/interview/netstars-stablecoin-haneda/,coinpost.jp,実証実験、取扱い・対応,0.0,ネットスターズ、WEA JAPAN、羽田空港、Solana,45.0,,,done,日本空港ビルデングとネットスターズは1月26日、羽田空港第3ターミナルで米ドル建てステーブルコインUSDCの決済実証を開始した。MetaMaskウォレットで生成したQRコードを店舗で提示して支払う仕組みで、高速処理が可能なソラナネットワークを採用し、インバウンド客向けに英語対応や為替レート表示などの工夫を施している。
629.0,2026-02-05 17:00:00,トークン化RWAを担保にJPYC/USDCの借入が可能に──Secured Finance、DigiFTと提携して実装（NADA NEWS） - Yahoo!ニュース,https://news.yahoo.co.jp/articles/c96bcf90cdc68f6368408c5e61453c0be75724c2,news.yahoo.co.jp,提携・連携、活用事例,0.0,Secured Finance、DigiFT、UBS Asset Management,75.0,EVT-20260205-01,2026-02-05,done,Secured FinanceはDigiFTとのパートナーシップにより、トークン化RWAをDeFiプロトコルに統合し、UBS Asset Managementのトークン化MMF「uMINT」を担保にしてJPYC/USDCなどのステーブルコインを借り入れることを可能にした。この取り組みにより、担保を暗号資産からRWAへ拡大し、トークン化資産の活用を「取引」から「担保・資金調達」へ拡張することで、オンチェーン金融の実装を促進する。
628.0,2026-02-05 17:00:00,Secured Finance、UBSのトークン化MMF「uMINT」担保にUSDC・JPYC借入可能に。DigiFTと提携で（あたらしい経済） - Yahoo!ニュース,https://news.yahoo.co.jp/articles/404671f9b3d0b5824e0336427068051bdbfd4a56,news.yahoo.co.jp,活用事例、提携・連携,0.0,Secured Finance、UBSアセットマネジメント、DigiFT,75.0,EVT-20260205-01,2026-02-05,done,DeFi固定金利レンディングプロトコル「Secured Finance」は、UBSのトークン化MMF「uMINT」を担保にJPYC・USDC等のステーブルコイン借り入れが可能になったと発表した。DigiFT経由で保有するuMINTを担保として拠出することで借り入れが実現し、トークン化資産を担保・資金調達に活用できるようになった。今後、両社は対象RWAを他のトークン化ファンドや債券等に拡張し、オンチェーン資金効率化の利用シーン拡張を推進するとしている。
630.0,2026-02-05 17:00:00,Secured Finance、DigiFTと提携しトークン化RWA担保のオンチェーン資金調達を実装 - PR TIMES,https://prtimes.jp/main/html/rd/p/000000003.000172212.html,prtimes.jp,提携・連携、活用事例,0.0,Secured Finance AG、DigiFT、UBS Asset Management,45.0,EVT-20260205-01,2026-02-05,done,Secured Finance AGはDigiFTとの提携により、UBS Asset Managementのトークン化MMF「uMINT」をSecured Finance上で担保として活用し、JPYCやUSDC等のステーブルコインによるオンチェーン資金調達を可能にしました。本統合により、トークン化資産を「保有・取引」だけでなく「担保・資金調達」に活用することで、TradFiとDeFiの融合を実現し、オンチェーン金融インフラの実用化を推進します。
636.0,2026-02-06 02:00:00,JPYCとアステリアが資本業務提携──ステーブルコインの「トレジャリー」活用など共同検討(NADA NEWS) - Yahoo!ファイナンス,https://finance.yahoo.co.jp/news/detail/108e873f1a782c5d5aac956a9de3cdf9c370f615,finance.yahoo.co.jp,提携・連携、取扱い・対応,0.0,アステリア、ASTERIA Warp、Click,85.0,EVT-20260204-01,2026-02-04,done,JPYC社とアステリアが資本業務提携に合意し、相互に株式を保有することで関係を強化する。両社はブロックチェーン技術を活用した決済インフラの普及に向けて協業を本格化させ、企業の財務管理やステーブルコイン市場の活性化に向けて連携していく方針である。
631.0,2026-02-06 02:00:00,JPYC、1月は採用ラッシュ｜Ponta連携やLINE協業で実需拡大 - crypto-times.jp,https://crypto-times.jp/news-jpc-sees-hiring-surge-in-january/,crypto-times.jp,活用事例、取扱い・対応、提携・連携,0.0,HashPort、Ponta、LINE NEXT、Morpho,95.0,EVT-20260206-01,2026-02-06,done,日本円ステーブルコインJPYCのエコシステムが2026年1月に新たなフェーズへ突入し、HashPortのウォレットアプリでガス代無料化、1.3億人会員基盤のPontaポイントからの交換開始、三井住友カードやりそな銀行などの大手金融機関による決済実証実験が相次いでいます。また、DeFiではMorphoにJPYCマーケットが組成され、LINEヤフーグループとの協業検討も発表されるなど、実社会での決済利用とグローバル金融の双方で活用事例が拡大しています。
635.0,2026-02-06 02:00:00,トークン化RWAを担保にJPYC/USDCの借入が可能に──Secured Finance、DigiFTと提携して実装(NADA NEWS) - Yahoo!ファイナンス,https://finance.yahoo.co.jp/news/detail/c96bcf90cdc68f6368408c5e61453c0be75724c2,finance.yahoo.co.jp,提携・連携、活用事例,0.0,Secured Finance、DigiFT、UBS Asset Management,75.0,EVT-20260205-01,2026-02-05,done,Secured FinanceはDigiFTとのパートナーシップにより、トークン化RWAをDeFiプロトコルに統合し、UBS Asset Managementの「uMINT」を担保としてJPYC/USDCなどのステーブルコインを借り入れることが可能になった。これにより、従来の仮想通貨担保からRWA担保へと拡大し、オンチェーン金融の実装を加速させる取り組みである。
633.0,2026-02-06 02:00:00,Secured Finance、UBSトークン化MMFを担保にJPYC・USDCの借入が可能に(CoinPost) - Yahoo!ファイナンス,https://finance.yahoo.co.jp/news/detail/53dfc12fc47e15eec9ef7062f3e77da8541380bf,finance.yahoo.co.jp,提携・連携、活用事例,0.0,Secured Finance AG、DigiFT、UBS Asset Management,85.0,EVT-20260205-01,2026-02-05,done,Secured FinanceとDigiFTの提携により、UBS Asset Managementのトークン化マネー・マーケット・ファンド「uMINT」を担保として、JPYCやUSDCを借り入れできる仕組みが実現した。これにより、トークン化RWA保有者は資産を売却せずに流動性を確保でき、TradFiとDeFiの融合がオンチェーン資金調達の実運用へ進むことになる。
637.0,2026-02-06 02:00:00,JPYCとアステリア、資本提携で決済インフラ強化｜企業向けトレジャリー活用も - bittimes.net,https://bittimes.net/news/217070.html,bittimes.net,提携・連携、活用事例,0.0,アステリア株式会社、B2B決済、マイナカード,95.0,EVT-20260204-01,2026-02-04,done,JPYC株式会社とアステリア株式会社は2026年2月4日に資本業務提携を合意し、株式の相互保有を通じてブロックチェーン技術を活用した決済インフラの構築に取り組みます。両社はJPYCを活用したB2B決済や自治体向けデジタル決済基盤の構築、データ連携技術の活用などを進める予定です。
632.0,2026-02-06 02:00:00,〈Market SCOPE〉ステーブルコイン「JPYC」発行額10億円に 国債需要は増えるか - 日本経済新聞,https://www.nikkei.com/nkd/industry/article/%3FDisplayType%3D2%26n_m_code%3D121%26ng%3DDGKKZO94208020U6A200C2ENG000,nikkei.com,市場・統計、発行・資金,0.0,JPYC株式会社、国債、DeFi,85.0,EVT-20260203-01,2026-02-03,done,円建てステーブルコイン「JPYC」の累計発行額が開始から約3カ月で10億円に到達した。DeFiで活用する個人などが多く利用しており、JPYCは今後3年で10兆円の発行目標を掲げている。
634.0,2026-02-06 02:00:00,JPYCとアステリアが資本業務提携──ステーブルコインの「トレジャリー」活用など共同検討(NADA NEWS) - Yahoo!ファイナンス,https://finance.yahoo.co.jp/news/detail/108e873f1a782c5d5aac956a9de3cdf9c370f615/photo/view-001,finance.yahoo.co.jp,提携・連携,0.0,アステリア、JPYC株式会社、資本業務提携,85.0,EVT-20260204-01,2026-02-04,done,日本円ステーブルコイン「JPYC」を発行・運営するJPYC社は、東証プライム上場のアステリアと資本業務提携を行う。両社はステーブルコインの「トレジャリー」活用などについて共同検討する。
638.0,2026-02-06 02:09:59,アステリアとJPYCが資本業務提携、ステーブルコイン普及へ - Cryptonews,https://cryptonews.com/jp/news/jpyc-asteria-partnership-stablecoin-adoption/,cryptonews.com,提携・連携,0.0,アステリア、ASTERIA、東証プライム,85.0,EVT-20260204-01,2026-02-04,done,JPYC株式会社は東証プライム上場企業のアステリアと資本業務提携を発表し、ブロックチェーン技術の社会実装を加速させることを目指している。データ連携に強みを持つアステリアの技術力と、日本円ステーブルコインのJPYCが連携することで、新たな決済ソリューション開発や企業間取引での活用拡大が期待されている。
639.0,2026-02-06 11:11:33,Secured Finance、RWA担保でステーブルコインJPYC借入可に - Cryptonews,https://cryptonews.com/jp/news/secured-finance-digift-rwa-collateral-partnership/,cryptonews.com,提携・連携、活用事例,0.0,Secured Finance AG、DigiFT、UBSアセット・マネジメント,75.0,EVT-20260205-01,2026-02-05,done,スイスのSecured Finance AGがシンガポールのDigiFTと戦略的提携を結び、UBSアセット・マネジメントが発行するトークン化マネー・マーケット・ファンド「uMINT」を担保として、ステーブルコインJPYCやUSDCの借入が可能になった。この取り組みは、トークン化資産を単なる取引の対象から担保・資金調達手段へと拡張する初の事例であり、伝統的金融とDeFiの融合を加速させるものである。
640.0,2026-02-06 12:51:13,JPYRとは？日本円ステーブルコインの特徴を徹底解説｜2026年 - 99Bitcoins,https://99bitcoins.com/jp/cryptocurrency/what-is-jpyr/,99bitcoins.com,解説・論説、競合・市場環境,1.0,JPYR、JPYC、金融庁,35.0,,,done,JPYRは、円の価値を保ったままグローバルなWeb3で使用することを目指した日本円連動型ステーブルコインです。日本円ステーブルコインは1円＝1トークンの価値を維持し、ブロックチェーン上での決済・送金・DeFiなどの実用シーンでの活用が進んでいます。金融庁によるステーバルコイン専管部署の新設や準備資産ルールの見直しなど、制度整備が進み始めています。
641.0,2026-02-07 15:40:14,JPYC流通量が4.4億円突破、1人あたり平均保有額は5428円に - crypto-times.jp,https://crypto-times.jp/news-jpy-c-in-circulation-exceeds-440-million-yen/,crypto-times.jp,市場・統計,0.0,Dune、Triaカード、Bitget,75.0,EVT-20260207-01,2026-02-07,done,日本円ステーブルコイン「JPYC」の総流通量が2月7日時点で約4億4570万円に達し、1アドレスあたりの平均保有額は5410円となりました。年初の減少トレンドから回復基調にある一方で、保有者アドレス数は2025年12月23日のピークから減少し続けており、ユーザー層の絞り込みが進みながらも残存ユーザーの保有密度が高まっている状況が示されています。
642.0,2026-02-10 14:14:16,JPYRとは？日本円ステーブルコインとしての強みを徹底解説 - Cryptonews,https://cryptonews.com/jp/cryptocurrency/what-is-jpyr/,cryptonews.com,解説・論説、競合・市場環境,1.0,JPYR、JPYC、SBIホールディングス,45.0,,,done,JPYRは、日本円に価値が連動するステーブルコインで、Fireblocks基盤のセキュリティと世界基準のグローバル拡張性を備えており、IZAKA-YAウォレットでのレンディング運用が可能です。2026年の金融庁によるステーブルコイン専門部署設立により市場が成熟する中で、国内に最適化されたJPYCやSBIの銀行系プロジェクトとは異なり、DeFiや国際送金への対応に強みを持つグローバル型として注目されています。
643.0,2026-02-10 15:54:23,ステーブルコイン関連株銘柄10選｜時価総額順に徹底解説 - CoinPost,https://coinpost.jp/stock/stablecoin-themed/,coinpost.jp,競合・市場環境、解説・論説,1.0,KDDI、三菱UFJフィナンシャル・グループ、SBIホールディングス、シンプレクス・ホールディングス,35.0,,,done,2024年6月に施行された改正資金決済法により、日本でステーブルコイン市場が本格化し、メガバンク、通信大手、フィンテック企業など主要企業が続々と参入しています。本記事では、ステーブルコイン関連事業に取り組む10企業を時価総額順に紹介し、各企業の事業内容と投資のポイント、時価総額別の投資戦略を詳しく解説しています。
644.0,2026-02-10 18:11:05,「国全体を考慮した戦略としてステーブルコインをどのように扱うのか議論が必要だ。 伝統金融の観点から見れば国益を害する」 10日、第1回ワールドクリプトフォーラム(WCF)で「ステーブルコイン時代の通貨.. - 매일경제,https://www.mk.co.kr/jp/stock/11959056,mk.co.kr,解説・論説、競合・市場環境,1.0,岡部憲孝、ワールドクリプトフォーラム、マイナーウォレット、日本金融庁,65.0,EVT-20260210-01,2026-02-10,done,JPYC代表の岡部憲孝は第1回ワールドクリプトフォーラムで、アジア諸国がステーブルコインを通じてドル依存度を低減し自国通貨の競争力を確保する必要があると述べた。日本で初めて発行された円ステーブルコインJPYCは昨年10月27日の発行から約3か月で11億円を超える累積発行額を記録し、毎月30%以上成長している。パネル討論では、韓国や日本が米国のステーブルコイン後発走者であるため、独自の流動性構築と活用先の拡大を急ぐ必要があるという指摘が共通して挙げられた。
645.0,2026-02-11 02:00:00,JPYC代表、エリック氏と面会｜将来のUSD直接交換に期待 - crypto-times.jp,https://crypto-times.jp/news-meeting-with-jpc-representative-eric/,crypto-times.jp,提携・連携,0.0,エリック・トランプ氏、トランプファンデーション、USD1,65.0,EVT-20260211-01,2026-02-11,done,JPYC社の代表取締役である岡部典孝氏が、トランプ大統領の息子であるエリック・トランプ氏と会談し、将来的にUSD1とJPYCが直接交換可能になる可能性について言及されました。JPYCはこれまでマイナンバーカードタッチ決済やQRコード決済への対応など、実需拡大に向けた取り組みを進めており、トランプ関係者との対話を通じてステーブルコインの利便性向上が期待されています。
646.0,2026-02-12 00:00:00,【「ステーブルコインフォーラム」開催案内】 JPYC社 資金移動業者登録から半年！ステーブルコインの現在地と展望は？ 岡部典孝氏（JPYC）＆ 平野洋一郎（アステリア）が解説 | プレスリリース | ニュース - アステリア株式会社,https://jp.asteria.com/news/2026021227544/,jp.asteria.com,提携・連携、解説・論説,1.0,岡部典孝、平野洋一郎、アステリア株式会社,72.0,EVT-20260204-01,2026-02-04,done,本フォーラムでは、JPYC社の岡部典孝代表が資金移動業者登録後半年間における日本円建てステーブルコイン「JPYC」の利用動向と事業環境の変化について解説し、アステリア代表の平野洋一郎が「JPYCゲートウェイ」などを通じたステーブルコイン活用の可能性を紹介します。後半では両社代表による対談でステーブルコイン市場の展望と注目論点について議論します。
647.0,2026-02-12 17:00:00,野村HDと大和証券G、3メガ銀と連携しステーブルコイン活用の証券即時決済を実証へ - ビジネス+IT,https://www.sbbit.jp/article/fj/180639,sbbit.jp,実証実験、提携・連携、競合・市場環境、解説・論説,1.0,野村ホールディングス、大和証券、SBIホールディングス、Progmat,25.0,,,done,野村HDと大和証券が3メガバンクと連携し、ステーブルコインを決済手段として株式や債券などをブロックチェーン上で即時決済する実証実験を実施する。これにより従来数日要していた証券決済を即座に完了させることが可能になり、海外の金融デジタル化に対抗する狙いがある。
649.0,2026-02-13 02:00:00,【「ステーブルコインフォーラム」開催案内】JPYC社 資金移動業者登録から半年！ステーブルコインの現在地と展望は？岡部典孝氏（JPYC）＆ 平野洋一郎（アステリア）が解説：マピオンニュースの注目トピック - マピオン,https://www.mapion.co.jp/news/release/000000399.000010008/,mapion.co.jp,提携・連携,0.0,アステリア株式会社、岡部典孝、平野洋一郎,45.0,EVT-20260204-01,2026-02-04,done,アステリア株式会社とJPYC株式会社は、JPYC社が資金移動業者として登録されてから半年を迎えるにあたり、2月17日18時からYouTubeライブで「ステーブルコインフォーラム」を開催し、岡部典孝氏と平野洋一郎氏がステーブルコインの現状と展望について解説する。
648.0,2026-02-13 02:00:00,【「ステーブルコインフォーラム」開催案内】JPYC社 資金移動業者登録から半年！ステーブルコインの現在地と展望は？岡部典孝氏（JPYC）＆ 平野洋一郎（アステリア）が解説 - PR TIMES,https://prtimes.jp/main/html/rd/p/000000399.000010008.html,prtimes.jp,提携・連携,0.0,アステリア株式会社、岡部典孝、平野洋一郎,65.0,EVT-20260204-01,2026-02-04,done,アステリア株式会社とJPYC株式会社は、2026年2月17日にステーブルコインフォーラムをYouTubeライブで開催します。本フォーラムでは、JPYC社が資金移動業者として登録されてから半年の節目を迎えるにあたり、日本円建てステーブルコイン「JPYC」の利用動向や事業環境の変化、実社会におけるステーブルコイン活用の可能性について、両社の代表が対談形式で議論します。
650.0,2026-02-13 13:00:30,株式会社イオレ、次世代カンファレンス「MoneyX 2026」のプラチナスポンサーに決定 - CoinPost,https://coinpost.jp/?p=688995,coinpost.jp,提携・連携,0.0,株式会社イオレ、MoneyX 2026、Neo Crypto Bank構想,35.0,,,done,株式会社イオレが、2026年2月27日にザ・プリンス パークタワー東京で開催される次世代金融カンファレンス「MoneyX 2026」のプラチナスポンサーに決定した。イオレは「Neo Crypto Bank構想」を推進しており、2026年1月から暗号資産レンディングサービス「らくらくちょコイン」の提供を開始し、今後決済・ウォレット機能を統合したスーパーアプリの2027年度公開を目指している。
651.0,2026-02-13 17:00:00,シンプレクス株式会社、次世代カンファレンス「MoneyX 2026」のゴールドスポンサーに決定 - PR TIMES,https://prtimes.jp/main/html/rd/p/000000286.000033850.html,prtimes.jp,提携・連携,0.0,シンプレクス株式会社、MoneyX 2026、WebX実行委員会,45.0,,,done,シンプレクス株式会社が、2026年2月27日にザ・プリンス パークタワー東京で開催される次世代金融カンファレンス「MoneyX」のゴールドスポンサーに決定しました。本カンファレンスはステーブルコインを軸に「通貨の進化と社会実装」をテーマとし、制度・産業・社会・文化の各レイヤーを横断して通貨の再定義を議論します。
652.0,2026-02-14 02:00:00,ITCEN GLOBAL JPYC 三井物産とRWA協業強化 - CHOSUNBIZ - Chosunbiz,https://biz.chosun.com/jp/jp-it/2026/02/13/CFIV4KJ42RD77MHJ6IROOLU2LU/,biz.chosun.com,提携・連携,0.0,ITCEN GLOBAL、三井物産、RWA市場,65.0,EVT-20260214-01,2026-02-14,done,ITCEN GLOBALは日本のJPYC、三井物産と共に、グローバルな実物連動資産（RWA）市場の主導権確保に向けたパートナーシップを再確認した。3社は実物金のオンチェーン化と10兆ウォン規模のデジタル金融エコシステム構築を目指し、各社の能力を結集して金連動RWA「Kゴールド」を中核にグローバル市場での金融サービス提供を計画している。
653.0,2026-02-14 09:47:22,JPYC流通量が4.9億円突破、LINE・Ponta連携で需要拡大 - crypto-times.jp,https://crypto-times.jp/news-jpy-c-in-circulation-exceeds-490-million-yen/,crypto-times.jp,市場・統計、活用事例,0.0,Ponta、LINE、Dune,85.0,EVT-20260207-01,2026-02-07,done,日本円ステーブルコインであるJPYCの流通量が2026年2月14日時点で4億9100万円を突破し、1週間で4億4570万円から拡大しました。1アドレスあたりの平均保有額も5410円から5973円に増加し、PontaポイントやLINEとの連携などの施策により、決済インフラとしての存在感を強めています。
654.0,2026-02-18 17:00:00,次世代金融カンファレンス「MoneyX 2026」に、社長の平野洋一郎が登壇！JPYC代表の岡部典孝氏との対談で、ステーブルコイン社会実装の最前線を語る - PR TIMES,https://prtimes.jp/main/html/rd/p/000000402.000010008.html,prtimes.jp,提携・連携、活用事例,0.0,アステリア株式会社、平野洋一郎、岡部典孝、MoneyX 2026,65.0,EVT-20260204-01,2026-02-04,done,アステリア株式会社の平野洋一郎社長は、2026年2月27日にザ・プリンスパークタワー東京で開催される次世代金融カンファレンス「MoneyX 2026」にタイトルスポンサーとして参画し、JPYC株式会社の岡部典孝代表との対談でステーブルコインによる金融システムの変革について議論するとともに、新サービス「JPYCゲートウェイ」のデモンストレーションを初公開する。
655.0,2026-02-18 17:11:29,JPYCとUSDCに対応、次世代決済「BluePay」が開始 - crypto-times.jp,https://crypto-times.jp/news-next-generation-payment-service-bluepay-launched/,crypto-times.jp,活用事例、取扱い・対応,0.0,株式会社Maximal、BluePay、USDC,75.0,EVT-20260218-01,2026-02-18,done,株式会社Maximalは2月17日より、JPYCとUSDCに対応した次世代型決済インフラサービス「BluePay」の正式提供を開始しました。本サービスは法定通貨とステーブルコインを統合するハイブリッド型決済基盤として、既存決済システムの段階的清算構造や高コスト体質といった課題に対し、即時性、低コスト、透明性、国際互換性を実現します。
656.0,2026-02-19 03:07:01,JPYC・USDC対応のハイブリッド決済基盤「BluePay」が登場｜国内インフラ変革へ - bittimes.net,https://bittimes.net/news/217660.html,bittimes.net,取扱い・対応、活用事例,0.0,株式会社Maximal、BluePay、USDC,85.0,EVT-20260218-01,2026-02-18,done,株式会社Maximalは2026年2月17日、JPYCとUSDCの両方に対応するハイブリッド型決済基盤「BluePay」の提供を開始しました。本サービスは従来の決済システムにおける清算遅延やコスト負担、越境取引の複雑さといった課題を改善し、企業や個人事業者がステーブルコイン決済を活用できる環境を整備するものです。
657.0,2026-02-19 17:00:00,JCB、デジタルガレージ、りそなHD、実店舗におけるステーブルコイン決済の実証実験を開始 - PR TIMES,https://prtimes.jp/main/html/rd/p/000001347.000011361.html,prtimes.jp,実証実験、取扱い・対応、提携・連携,0.0,JCB、デジタルガレージ、りそなホールディングス、マイナウォレット,85.0,EVT-20260219-01,2026-02-19,done,JCB、デジタルガレージ、りそなHD、マイナウォレットの4社は、2026年2月24日から3月2日にかけて東京都渋谷区の実店舗で、USDCとJPYCのステーブルコイン決済の実証実験を実施する。本実験では、消費者がセルフカストディウォレットで実店舗においてステーブルコイン決済を行うスキームを検証し、店舗は最終的に日本円で売上を受け取るモデルを想定している。
658.0,2026-02-20 13:00:00,JCBら4社、渋谷の実店舗でステーブルコイン決済実験 - Impress Watch,https://www.watch.impress.co.jp/docs/news/2087572.html,watch.impress.co.jp,実証実験、取扱い・対応,0.0,JCB、デジタルガレージ、りそなホールディングス、マイナウォレット,75.0,EVT-20260219-01,2026-02-19,done,JCB、デジタルガレージ、りそなホールディングス、マイナウォレットの4社は、2月24日～3月2日に東京都渋谷区のPangaea Cafe & Barでステーブルコイン決済の実証実験を実施する。実験ではUSDAおよびJPYCを対象に、ユーザー体験からブロックチェーン処理、決済後業務までの一連プロセスを検証し、実務上の課題を洗い出す。
659.0,2026-02-20 13:49:44,JCB・デジタルガレージ・りそな、渋谷のカフェで「USDC」と「JPYC」の決済実証実験へ - あたらしい経済,https://www.neweconomy.jp/posts/549107,neweconomy.jp,実証実験、提携・連携,0.0,JCB、デジタルガレージ、りそなホールディングス、マイナウォレット社,95.0,EVT-20260219-01,2026-02-19,done,JCB、デジタルガレージ、りそなホールディングスの3社がマイナウォレット社とともに、2月24日～3月2日に渋谷パルコDGビル内のカフェで、USDCとJPYCを用いたステーブルコイン決済の実証実験を実施する。本実験では、消費者のセルフカストディウォレットによる実店舗決済と、店舗側の日本円での売上受取スキームを検証し、将来的なステーブルコイン決済の社会実装に向けた知見を蓄積する。
660.0,2026-02-20 17:00:00,株式会社unipleが日本円ステーブルコイン活用のWeb3決済プラットフォーム「uniple」をプレリリース - コマースピック,https://www.commercepick.com/archives/86177,commercepick.com,活用事例、取扱い・対応,0.0,株式会社uniple、JPYC、Web3決済プラットフォーム,75.0,EVT-20260220-01,2026-02-20,done,株式会社unibleは、日本円ステーブルコイン「JPYC」を用いたWeb3決済プラットフォーム「uniple」のプレリリースを発表しました。業界最安水準の手数料1%と売上の即時自動分配機能により、従来の投げ銭プラットフォームの高い手数料と長い入金サイクルの課題を解決するとともに、インボイス対応の領収書発行や税理士監修の明細出力機能でクリエイターの収益化と企業の経理DXを支援します。
661.0,2026-02-21 00:32:47,株式会社unipleがJPYCを活用した新しいWeb3決済プラットフォームを発表、即時分配機能が魅力 - ニュースメディアVOIX,https://voix.jp/money/card/29044/,voix.jp,活用事例、取扱い・対応,0.0,株式会社uniple、uniple、Web3決済プラットフォーム,85.0,EVT-20260220-01,2026-02-20,done,株式会社unipleは、日本円ステーブルコイン「JPYC」を活用したWeb3決済プラットフォーム「uniple」をプレリリースした。本プラットフォームは売上の即時分配機能と業界最安級の手数料1%を特徴とし、インボイス対応の領収書発行や税理士監修の明細出力機能を搭載することで、クリエイターの収益化支援と企業の経理業務の自動化を実現している。
662.0,2026-02-21 02:00:00,日本東京の店舗で円ステーブルコインJPYC、ドルステーブルコインUSDCなど、ユーザーが希望する通貨で簡単にデジタル決済をする実証実験が始まる。 店舗は円で精算してもらえる。20日付の毎日新聞によると.. - 매일경제,https://www.mk.co.kr/jp/stock/11967036,mk.co.kr,実証実験、提携・連携,0.0,デジタルガレージ、JCB、りそなホールディングス,75.0,EVT-20260219-01,2026-02-19,done,日本東京の店舗で、マイナウォレット、デジタルガレージ、JCB、りそなホールディングスが共同で、ユーザーがJPYCやUSDCなどのステーブルコインで決済でき、店舗は円で精算される実証実験を24日から来月2日まで実施する。一方、米国ではホワイトハウスがステーバルコイン補償について、銀行の立場に配慮した折衷案を示し、銀行とデジタル資産業界の調整を進めている。
663.0,2026-02-21 02:00:00,JCB・デジタルガレージ・りそな、渋谷のカフェで「USDC」と「JPYC」の決済実証実験へ（あたらしい経済） - Yahoo!ニュース,https://news.yahoo.co.jp/articles/2356280074d59a1092d525430eda1a2c5de335b7,news.yahoo.co.jp,実証実験、活用事例、提携・連携,0.0,JCB、デジタルガレージ、りそなホールディングス、マイナウォレット,95.0,EVT-20260219-01,2026-02-19,done,JCB、デジタルガレージ、りそなホールディングスの3社がマイナウォレット社とともに、2月24日から3月2日まで渋谷のPangaea Cafe & Barでステーブルコイン「USDC」と「JPYC」の決済実証実験を実施する。本実証実験により、ユーザー体験からブロックチェーン処理、決済後の業務に至るまで一連の決済プロセスを検証し、将来的なステーブルコイン決済の社会実装に向けた知見を蓄積する。
664.0,2026-02-21 02:00:00,渋谷カフェでUSDC・JPYC決済実験 2月24日開始 JCBなど3社検証 - ポイ探ニュース,https://www.poitan.jp/archives/165708,poitan.jp,実証実験、取扱い・対応,0.0,JCB、デジタルガレージ、りそなホールディングス、Pangaea Cafe & Bar,85.0,EVT-20260219-01,2026-02-19,done,JCB、デジタルガレージ、りそなホールディングスは2026年2月24日～3月2日にかけて、渋谷パルコDGビル内の「Pangaea Cafe & Bar」でUSDCとJPYCを用いたステーブルコイン決済の実証実験を実施する。消費者がセルフカストディウォレットを利用して暗号資産で決済し、店舗には日本円で売上が入金される仕組みを検証する。
665.0,2026-02-21 14:46:11,JPYC流通量、4.8億円へ減少｜決済インフラの拡大は続く - crypto-times.jp,https://crypto-times.jp/news-jpy-circulation-volume-falls-to-480-million-yen/,crypto-times.jp,市場・統計、取扱い・対応,0.0,株式会社Maximal、BluePay、USDC,75.0,EVT-20260218-01,2026-02-18,done,JPYCの総流通量は2月21日時点で4億8000万円となり、前週比で減少傾向にあります。一方、株式会社Maximalが2月17日より開始したステーブルコイン対応の決済インフラサービス「BluePay」など、仮想通貨を活用した決済環境の整備は着実に進んでいます。
666.0,2026-02-26 17:00:00,JPYC、LINE上のweb3ウォレット「Unifi」に採用｜Kaiaネットワーク展開も検討 - Bitget,https://www.bitget.com/ja/news/detail/12560605224982,bitget.com,取扱い・対応、提携・連携、活用事例,0.0,LINE NEXT Inc.、Unifi、Kaiaネットワーク,92.0,EVT-20260226-01,2026-02-26,done,JPYC株式会社の日本円連動ステーブルコイン「JPYC」が、LINE NEXT Inc.が近日リリース予定のweb3ウォレット「Unifi」に採用されました。LINEの1億人以上のユーザー基盤上でJPYCが利用可能になることで、一般ユーザーへの拡大が期待されます。また、JPYCはマルチチェーン展開を見据え、Kaiaネットワーク上での発行に向けた検討も開始しています。
667.0,2026-02-26 19:05:40,JPYC株式会社、HEROZと業務提携｜AIシステムの開発加速に期待 - crypto-times.jp,https://crypto-times.jp/news-jpc-co-ltd-and-heroz-enter-into-a-business-partnership/,crypto-times.jp,提携・連携、発行・資金,0.0,HEROZ株式会社、B1種優先株式、AIX（AIトランスフォーメーション）,75.0,EVT-20260226-02,2026-02-26,done,HEROZ株式会社は2月26日、JPYC株式会社との業務提携を締結し、第三者割当増資によってB1種優先株式を取得することを最終決定しました。本提携は、JPYCにおけるAIX（AIトランスフォーメーション）の検討およびAIシステムの開発・導入支援を目的としており、両社は中長期的なシナジー創出と企業価値向上を目指しています。
668.0,2026-02-26 20:50:00,【事例紹介】デジタルプラス 国内初、ギフトサービスに「JPYC」を追加 個人投資家による株式の長期保有に寄与 - nikkinonline.com,https://www.nikkinonline.com/journal/article/369093,nikkinonline.com,活用事例、取扱い・対応,0.0,デジタルプラス、デジタルギフト®、菊池誠晃,75.0,EVT-20260226-03,2026-02-26,done,デジタルプラスは2026年1月、ログインやアプリが不要のギフトサービス「デジタルギフト®」で、日本円建てステーブルコイン「JPYC」を受け取り選択肢に追加した。これはギフトサービスへのJPYC採用が国内初であり、株主優待や自治体の給付金支払いにも採用されている同サービスを通じて、今後のJPYCの利用拡大が期待される。
669.0,2026-02-27 00:00:00,日本円ステーブルコイン「JPYC」が17.8億円調達へ────AI時代の円決済インフラ確立に向けマルチチェーン展開を加速 - JinaCoin,https://jinacoin.ne.jp/jpyc-funding-20260227/,jinacoin.ne.jp,発行・資金、提携・連携、市場・統計,0.0,JPYC株式会社、アステリア株式会社、HEROZ、LINE NEXT,92.0,EVT-20260227-01,2026-02-27,done,日本円ステーブルコイン「JPYC」を発行するJPYC株式会社がシリーズBラウンドで17.8億円を調達し、2025年10月の正式発行から約3か月で累計発行額13億円を突破した。アステリアなど13社の出資により、マルチチェーン展開やAIエージェント向けM2M決済開発などを通じて、社会インフラとしての円ステーブルコインの実装を加速させる。
670.0,2026-02-27 09:12:06,【材料】 ＨＥＲＯＺが続伸、ＪＰＹＣと資本・業務提携を材料に大底圏離脱の動き - かぶたん,https://kabutan.jp/news/marketnews/?b=n202602270409,kabutan.jp,提携・連携,0.0,HEROZ、AI技術、第三者割当増資,65.0,EVT-20260226-02,2026-02-26,done,HEROZ<4382>は、電子決済関連事業を手掛けるJPYC（東京都千代田区）との資本・業務提携を発表し、大底圏からのリバウンド局面へ移行している。提携により、HEROZが培ったAI技術をJPYCのAIトランスフォーメーション検討やAIシステム開発・導入支援に活かす計画であり、業容拡大効果への期待から買いが優勢となった。
671.0,2026-02-27 10:05:03,JPYCがシリーズBで17.8億円調達へ、アステリアをリード投資家に - CoinPost,https://coinpost.jp/?p=691558,coinpost.jp,発行・資金、市場・統計、提携・連携,0.0,アステリア株式会社、LINE NEXT、三井住友カード,95.0,EVT-20260227-01,2026-02-27,done,JPYC株式会社は、日本円ステーブルコイン「JPYC」の普及を目的としたシリーズBラウンドで、アステリア株式会社をリード投資家として17.8億円の資金調達を完了予定である。累計発行額は13億円を超え、ウォレットアドレス数は8万を突破し、送金・決済・交換用途での実需に基づく利用が活発化している。調達資金はセキュリティ強化、人材採用、法人向けBtoB送金基盤拡充、新規ユースケース創出に充てられ、今後3年で発行残高10兆円規模の実現を目標としている。
672.0,2026-02-27 10:23:46,テクミラ急伸、円建てステーブルコイン発行のＪＰＹＣへの出資が株価刺激 - かぶたん,https://kabutan.jp/news/marketnews/?b=n202602270495,kabutan.jp,提携・連携、発行・資金,0.0,テクミラホールディングス、ネオス、コーポレートベンチャーキャピタル,75.0,EVT-20260227-01,2026-02-27,done,テクミラホールディングスが円建てステーブルコイン「JPYC」を発行・償還するJPYC（東京都千代田区）に出資したと発表し、この発表が株価上昇の材料となった。テクミラは2023年に設立したコーポレートベンチャーキャピタルを通じた出資により、JPYCと連携してコンシューマー領域でのステーブルコイン利用環境の向上と市場拡大に貢献することを目指している。
673.0,2026-02-27 14:26:51,JPYC株式会社が発行する日本円連動ステーブルコイン『JPYC』に出資したグローバル・ブレインの意義 - ニュースメディアVOIX,https://voix.jp/money/card/29279/,voix.jp,発行・資金、提携・連携,0.0,グローバル・ブレイン、明治安田生命保険相互会社、明治安田未来共創ファンド,75.0,EVT-20260227-02,2026-02-27,done,グローバル・ブレイン株式会社が運営する明治安田未来共創ファンドは、日本円と価値が連動するステーブルコイン『JPYC』を発行するJPYC株式会社に出資を実施した。JPYCは24時間即時・低コストの決済を実現し、デジタル決済の新たな基盤として期待されており、明治安田生命保険相互会社との連携によって社会実装を推進する予定である。
674.0,2026-02-27 14:33:43,LINE NEXTの新しいweb3ウォレット「Unifi」でJPYCの利用が正式決定、日常的なデジタル円体験の実現へ - ニュースメディアVOIX,https://voix.jp/money/card/29290/,voix.jp,取扱い・対応、提携・連携,0.0,LINE NEXT、Unifi、Kaiaネットワーク,95.0,EVT-20260226-01,2026-02-26,done,LINE NEXT Inc.は近日リリース予定のweb3ウォレット「Unifi」に日本円ステーブルコイン「JPYC」を採用することを正式に発表し、LINEアプリユーザーはノンカストディアル型の安全性を持つJPYCを用いた新しい決済体験が可能になる。JPYCはKaiaネットワーク上での発行も検討中であり、web3体験がより身近なものになることが期待されている。
675.0,2026-02-27 14:43:42,アステリアが提供するJPYC Gatewayで企業のJPYC利用が加速する新時代の到来 - ニュースメディアVOIX,https://voix.jp/credit-cards/asteria-jpyc-gateway-launch/,voix.jp,活用事例、取扱い・対応,0.0,アステリア株式会社、JPYC Gateway、ASTERIA Warp,85.0,EVT-20260227-03,2026-02-27,done,"アステリア株式会社は、日本円建ステーブルコインJPYCの企業利用を容易にする「JPYC Gateway」を2026年4月1日より提供開始します。本サービスは基本使用料98,000円/月、送金手数料8円/件で、既存システムとの連携やウォレット管理を実現し、企業のJPYC利用の障壁を低減することを目的としています。"
676.0,2026-02-27 15:29:14,「JPYCを10億円保有する」アステリア平野氏 - NADA NEWS,https://www.nadanews.com/338733/,nadanews.com,活用事例、発行・資金、提携・連携,0.0,アステリア、平野洋一郎、JPYC Gateway、岡部典孝,95.0,EVT-20260227-01,2026-02-27,done,アステリア代表取締役社長の平野洋一郎氏は、同社がJPYCを10億円保有することを発表し、プライム上場企業が自社の現金の3分の1をステーブルコインで保有する初の事例になると述べた。アステリアは企業向けのJPYC管理サービス「JPYC Gateway」を4月1日から提供開始し、JPYCを支払いや受け取りなど様々な場面で活用していく予定である。
677.0,2026-02-27 15:41:02,JPYC、シリーズB1stクローズで総額17.8億円調達へ - あたらしい経済,https://www.neweconomy.jp/posts/551582,neweconomy.jp,発行・資金、提携・連携、取扱い・対応,0.0,アステリア、bitFlyer Holdings、LINE Web3ウォレット Unifi,95.0,EVT-20260227-01,2026-02-27,done,日本円ステーブルコイン「JPYC」を発行・運営するJPYC社が、シリーズBラウンドのファーストクローズで総額17.8億円の資金調達を完了する予定を発表した。調達資金は、システム開発や人材採用、ステーブルコインの社会実装加速などに充てられ、LINEアプリ上のWeb3ウォレット「ユニファイ」での採用も正式決定された。
678.0,2026-02-27 16:22:40,JPYC×LINE連携で日本円ステーブルコインを日常決済へ｜MoneyX2026 - CoinPost,https://coinpost.jp/?p=691655,coinpost.jp,取扱い・対応、提携・連携、活用事例,0.0,LINE NEXT、Kaia、HashPort,95.0,EVT-20260226-01,2026-02-26,done,次世代金融カンファレンス「MoneyX」でLINE NEXTが日本円ステーブルコイン「JPYC」をWeb3ウォレット「Unify」に採用し、Kaiaチェーンへの展開を計画していることが発表された。JPYCはHashPortウォレット上でPontaポイントとの交換やAIエージェント決済など、日常決済への社会実装に向けた具体的な取り組みが進められており、5年後には数十兆円規模の発行も視野に入れている。
679.0,2026-02-27 16:49:13,fundnoteの「匠のファンド あけぼの」がJPYC社に出資、未上場株投資の新たな可能性を切り拓く - ニュースメディアVOIX,https://voix.jp/biz/news/164156/,voix.jp,発行・資金、市場・統計,0.0,fundnote、匠のファンド あけぼの、JPYC株式会社,75.0,EVT-20260227-01,2026-02-27,done,独立系運用会社fundnoteが運用するアクティブ型投資信託『匠のファンド あけぼの』が、日本円ステーブルコイン「JPYC」を発行するJPYC株式会社に出資し、これが当ファンドにおける未上場株投資案件第一号となった。この投資を通じて、fundnoteは次世代の金融インフラとして期待される日本円ステーブルコインの社会実装を支援し、個人投資家に未上場Web3スタートアップへの成長投資機会を提供することを目指している。
686.0,2026-02-27 17:00:00,JPYC、シリーズB1stクローズで総額17.8億円調達へ（あたらしい経済） - Yahoo!ニュース,https://news.yahoo.co.jp/articles/3db9346b18d8a15857f50c385a6786b3c73c8d88,news.yahoo.co.jp,発行・資金、提携・連携、取扱い・対応,0.0,アステリア、LINE、Unifi、Kaia,95.0,EVT-20260227-01,2026-02-27,done,日本円ステーブルコイン「JPYC」を発行・運営するJPYC社が、シリーズBラウンドのファーストクローズで総額17.8億円の資金調達を完了する予定であり、リード投資家はアステリア、その他10社以上が参加した。調達資金はシステム開発、人材採用、ステーブルコインの発行・運営に関する事業、戦略的投資に充てられ、LINEアプリ上のWeb3ウォレット「Unifi」でのJPYC採用も正式決定した。
693.0,2026-02-27 17:00:00,directX Ventures1号ファンド、日本円ステーブルコイン『JPYC』を取り扱うJPYC株式会社へ出資 - PR TIMES,https://prtimes.jp/main/html/rd/p/000000252.000022208.html,prtimes.jp,発行・資金、提携・連携,0.0,directX Ventures1号ファンド、L is B、Gazelle Capital,75.0,EVT-20260227-01,2026-02-27,done,株式会社L is Bの子会社であるdirectX Ventures1号ファンドが、日本円ステーブルコイン「JPYC」を発行するJPYC株式会社に出資しました。JPYC株式会社は2025年8月に資金移動業者として登録され、10月27日より日本初の日本円ステーブルコインの発行を開始し、2026年2月には発行総額が13億円を突破しています。
692.0,2026-02-27 17:00:00,日本円と価値が連動するステーブルコイン『JPYC』を発行するJPYC株式会社へ出資 - PR TIMES,https://prtimes.jp/main/html/rd/p/000000571.000047342.html,prtimes.jp,発行・資金、提携・連携,0.0,グローバル・ブレイン、明治安田生命保険相互会社、JPYC株式会社,85.0,EVT-20260227-02,2026-02-27,done,グローバル・ブレイン株式会社が運営する明治安田未来共創ファンドは、日本円と価値が連動するステーブルコイン『JPYC』を発行するJPYC株式会社に出資を実行しました。JPYCは資金移動業者として国内初となる日本円ステーブルコインの発行を手掛け、24時間即時・低コストの決済を実現することで、将来のAIエージェント時代に対応する金融インフラの構築を目指しています。
691.0,2026-02-27 17:00:00,【速報】「JPYSC」SBI北尾氏が円ステーブルコインの名称を明らかに（NADA NEWS） - Yahoo!ニュース,https://news.yahoo.co.jp/articles/42e9ee8ac632a906a19fc6bb3bef725ed6b9bd81,news.yahoo.co.jp,発行・資金、制度・規制、競合・市場環境,0.0,SBIグループ、北尾氏、MoneyX、JPYSC,85.0,EVT-20260227-04,2026-02-27,done,SBIグループの北尾氏がカンファレンス「MoneyX」でSBI開発中の円建てステーブルコインの名称を「JPYSC」と明かした。JPYCは資金移動型の「1号」電子決済手段で100万円の制限があるのに対し、JPYSCは信託型の「3号」電子決済手段となる見通しで、そうした制限がない。
690.0,2026-02-27 17:00:00,“勝手に広がる”エコシステムが醍醐味、AI時代のデジタル円へ──JPYC岡部氏が語るステーブルコイン最前線【GFTN 2026】 - Yahoo!ニュース,https://news.yahoo.co.jp/articles/4b679ec723e7156e76a831c2f07c376355336560,news.yahoo.co.jp,解説・論説、市場・統計、制度・規制,1.0,岡部典孝、GFTN フォーラム・ジャパン2026、Circle、AIエージェント,75.0,EVT-20260227-01,2026-02-27,done,JPYC社の岡部典孝氏は、世界で約50兆円規模のステーブルコイン市場のうち大半がドル建てである中、日本円建てステーブルコインJPYCはAIエージェント間の決済需要や円キャリートレードの基盤として急速に需要が高まっていると説明した。一方で、第二種資金移動業の「100万円制限」やJPYCの法的性質の明確化といった制度上の課題が普及への障壁となっており、これらの解決によって給与支払いや出資金払い込みなどのユースケースが拡大すると展望した。
689.0,2026-02-27 17:00:00,JPYC、アステリアらから17.8億円調達へ──マルチチェーン展開を拡充(NADA NEWS) - Yahoo!ファイナンス,https://finance.yahoo.co.jp/news/detail/82041984136efd483b956e7a266fde093e8a2637,finance.yahoo.co.jp,発行・資金、市場・統計、提携・連携、活用事例,0.0,アステリア、JR西日本イノベーションズ、bitFlyer Holdings、LINE NEXT,95.0,EVT-20260227-01,2026-02-27,done,JPYC社はアステリアをリード投資家とするシリーズBラウンドで17.8億円の資金調達を実施する予定で、調達資金はマルチチェーン展開などに重点投資される。累計発行額14億JPYCに達し、クレジットカード「Nudge」やLINE NEXTとの協業、ふるさと納税への導入など実社会での活用シーンが広がっている。
687.0,2026-02-27 17:00:00,手数料8円、企業のJPYC導入を支援──アステリアが管理サービス「JPYC Gateway」を4月開始(NADA NEWS) - Yahoo!ファイナンス,https://finance.yahoo.co.jp/news/detail/09e57df321cdf304f68c50ec664250f76966f74b,finance.yahoo.co.jp,取扱い・対応、提携・連携,0.0,アステリア、JPYC Gateway、Ethereum、Avalanche,85.0,EVT-20260227-03,2026-02-27,done,アステリアは2月27日、企業向けJPYC管理サービス「JPYC Gateway」を4月1日より提供開始すると発表した。同サービスは既存システムとの連携やウォレット管理といった企業のステーブルコイン導入時の課題を解決し、送金手数料は1件あたり8円に設定されている。
683.0,2026-02-27 17:00:00,SBIHDの円建てステーブルコイン「JPYSC」、26年4～6月にも提供開始 - 日経クロステック,https://xtech.nikkei.com/atcl/nxt/news/24/03116/,xtech.nikkei.com,提携・連携、発行・資金、制度・規制、競合・市場環境,0.0,SBIホールディングス、Startale Group、SBI VCトレード,65.0,EVT-20260227-04,2026-02-27,done,SBIホールディングスはStartale Groupと共同開発した日本円建てステーブルコイン「JPYSC」を2026年4～6月に提供開始予定。JPYSCは3号電子決済手段（信託型）として国内初となり、既存のJPYCに続く2種類目の円建てステーブルコインである。
688.0,2026-02-27 17:00:00,「JPYCを10億円保有する」アステリア平野氏（NADA NEWS） - Yahoo!ニュース,https://news.yahoo.co.jp/articles/dec68e1049827243ab89728b0ad465f3a5ba6e83,news.yahoo.co.jp,活用事例、提携・連携、発行・資金,0.0,アステリア、平野洋一郎、岡部典孝、JPYC Gateway,95.0,EVT-20260227-01,2026-02-27,done,アステリア代表取締役社長の平野洋一郎氏は、同社がJPYCを10億円保有し、プライム上場企業が自社現金の3分の1をステーブルコインで保有する最初の事例となることを発表した。アステリアは企業でのJPYC管理サービス「JPYC Gateway」を4月1日より提供開始するほか、JPYCはシリーズBラウンドで総額17.8億円の資金調達を予定している。
685.0,2026-02-27 17:00:00,独立系運用会社fundnote、「匠のファンド あけぼの」未上場株投資第一号として日本円ステーブルコインのJPYC社へ出資 - PR TIMES,https://prtimes.jp/main/html/rd/p/000000027.000104150.html,prtimes.jp,発行・資金、市場・統計,0.0,fundnote株式会社、匠のファンド あけぼの、JPYC株式会社,85.0,EVT-20260227-01,2026-02-27,done,独立系運用会社fundnoteが運用するアクティブ型投資信託『匠のファンド あけぼの』において、日本円ステーブルコイン「JPYC」を発行・運営するJPYC株式会社への出資を実行しました。これは同ファンドにおける未上場株投資案件の第一号であり、世界のステーブルコイン市場が2030年までに数兆ドル規模への成長が見込まれる中、日本円建てステーブルコイン市場の成長投資機会を個人投資家に提供するものです。
684.0,2026-02-27 17:00:00,日本初の企業向けJPYC入出金管理サービス「JPYC Gateway」4月1日提供開始~送金手数料は1件８円~ - PR TIMES,https://prtimes.jp/main/html/rd/p/000000404.000010008.html,prtimes.jp,取扱い・対応、提携・連携,0.0,アステリア株式会社、JPYC Gateway、ASTERIA Warp,95.0,EVT-20260227-03,2026-02-27,done,アステリア株式会社は、JPYC株式会社が発行する日本円建ステーブルコインJPYCの企業での利活用を容易にする「JPYC Gateway」を2026年4月1日より提供開始します。本サービスは既存システムとの連携、ウォレット管理、ガス代負担などの課題を解決し、送金手数料は1件8円で提供されます。
682.0,2026-02-27 17:00:00,LINE NEXTとJPYC株式会社、近日リリース予定のWeb3ウォレット「Unifi」での「JPYC」採用を正式決定 - tv-tokyo.co.jp,https://www.tv-tokyo.co.jp/plus/external-pr/entry/17028.html,tv-tokyo.co.jp,取扱い・対応、提携・連携,0.0,LINE NEXT、Unifi、LINE,95.0,EVT-20260226-01,2026-02-26,done,LINE NEXTとJPYC株式会社は、近日リリース予定のLINEアプリ上のWeb3ウォレット「Unifi」で日本円ステーブルコイン「JPYC」を採用することを正式決定した。LINEアプリ上で追加インストール不要にアクセスでき、自己管理型ウォレットの安全性と日本円ステーブルコインの実用性を兼ね備えた決済体験を実現する。
681.0,2026-02-27 17:00:00,JPYCがKaia上での発行検討開始、LINE NEXTの「Unifi」に採用決定で（あたらしい経済） - Yahoo!ニュース,https://news.yahoo.co.jp/articles/7616baee50f063722af42136ad986dd96320a10f,news.yahoo.co.jp,取扱い・対応、提携・連携,0.0,LINE NEXT、Unifi、Kaia,85.0,EVT-20260226-01,2026-02-26,done,JPYC社とLINE NEXTは、LINEアプリ上でリリース予定のWeb3ウォレット「Unifi」でのJPYC採用を正式決定し、レイヤー1ブロックチェーン「Kaia」上でのJPYC発行に向けた検討を開始した。現在AvalancheやEthereumなど3チェーンで発行されているJPYCは、今回のKaia対応により、さらなるブロックチェーンへの対応が進むことになる。
680.0,2026-02-27 17:00:00,日本円ステーブルコイン「JPYC」、シリーズB 1stクローズで総額17.8億円調達へー国内決済インフラとしての「実需」拡大へー - PR TIMES,https://prtimes.jp/main/html/rd/p/000000308.000054018.html,prtimes.jp,発行・資金、市場・統計、提携・連携,0.0,アステリア株式会社、JR西日本イノベーションズ、bitFlyer Holdings、HEROZ株式会社,95.0,EVT-20260227-01,2026-02-27,done,JPYC株式会社は日本円ステーブルコイン「JPYC」のシリーズBラウンド第1期で総額17.8億円の資金調達を完了予定であり、アステリア株式会社がリード投資家として参画する。調達資金は、システム開発、人材採用、事業推進、戦略的投資に充てられ、2025年10月の発行開始からわずか3ヶ月で累計発行額13億円を突破し、ホルダー数8万アドレスに達するなど、ステーバルコインの実装段階から社会実装フェーズへの移行を加速させる。
694.0,2026-02-27 17:00:00,日本初の円建ステーブルコインの発行を行う JPYCに資本出資 - newscast.jp,https://newscast.jp/news/2504824,newscast.jp,発行・資金、提携・連携,0.0,テクミラホールディングス、ネオス株式会社、テクミラ一号投資事業有限責任組合,75.0,EVT-20260227-05,2026-02-27,done,テクミラホールディングスは、日本初の円建ステーブルコイン「JPYC」を発行するJPYC社に資本出資しました。JPYC社は2025年10月から法定通貨「円」と価値が連動するステーブルコインの発行・償還を開始し、テクミラグループはこれとWalletアプリを連携させることで、一般小売店でのステーブルコイン利用環境の構築を目指しています。
696.0,2026-02-27 17:00:01,JPYCがシリーズBで17.8億円調達へ、アステリアをリード投資家に - Iolite（アイオライト）,https://iolite.net/news/coinpost-691558,iolite.net,発行・資金、提携・連携、市場・統計,0.0,アステリア株式会社、JPYC株式会社、シリーズB資金調達,95.0,EVT-20260227-01,2026-02-27,done,JPYC株式会社は日本円ステーブルコイン「JPYC」のシリーズBラウンドで、アステリアをリード投資家として総額17.8億円の資金調達を完了予定である。調達資金は、システム開発、人材採用、事業拡大、戦略的投資に充てられ、2025年10月の発行開始からわずか3ヶ月で累計発行額13億円を突破し、日次資産回転率が100%を超えるなど実需に基づいた利用が拡大している。
695.0,2026-02-27 17:00:01,JPYC、シリーズBで17.8億円調達を発表｜日本円ステーブルコイン事業の拡大に向け資金基盤強化 - CoinPartner,https://coinotaku.com/news/articles/244540,coinotaku.com,発行・資金、提携・連携、市場・統計,0.0,アステリア株式会社、岡部典孝、JR西日本イノベーションズ、bitFlyer Holdings,95.0,EVT-20260227-01,2026-02-27,done,JPYC株式会社は2月27日、シリーズBラウンドのファーストクローズとして総額17億8000万円を調達すると発表しました。調達資金はシステム安全性向上やコンプライアンス体制強化、人材採用などに充てられ、2026年2月16日時点で累計発行額は13億円を突破し月次平均成長率は約69％に達しています。
697.0,2026-02-27 17:30:00,テクミラＨＤ－急騰 円建てステーブルコインの発行を行うＪＰＹＣに資本出資(トレーダーズ・ウェブ) - Yahoo!ファイナンス,https://finance.yahoo.co.jp/news/detail/d0114ec34c9308e6ea286c0c677f50c58563cbb8,finance.yahoo.co.jp,提携・連携、発行・資金,0.0,テクミラホールディングス、JPYC株式会社、ネオス株式会社,85.0,EVT-20260227-05,2026-02-27,done,テクミラホールディングスは、日本初の本格的な円建てステーブルコイン「JPYC」を発行するJPYC株式会社に資本出資を行いました。JPYC社は2025年10月から法定通貨の円と連動するステーブルコインの本格的な発行・償還を日本で初めて開始し、テクミラグループはJPYC社と連携することでコンシューマ領域でのステーブルコイン利用環境の向上を目指しています。
698.0,2026-02-27 17:30:00,日本初の円建てステーブルコインの発行を行う JPYCに資本出資 - アットプレス,https://www.atpress.ne.jp/news/2504824,atpress.ne.jp,提携・連携、発行・資金,0.0,テクミラホールディングス、JPYC株式会社、ネオス株式会社,85.0,EVT-20260227-05,2026-02-27,done,テクミラホールディングス株式会社は、日本初の本格的な円建てステーブルコイン「JPYC」の発行・償還を行うJPYC株式会社に対して資本出資を行いました。JPYC社は2025年10月から法定通貨「円」と価値が連動する円建てステーブルコインの本格的な発行・償還を日本で初めて開始しており、テクミラホールディングスはJPYC社と連携することでコンシューマ領域でのステーブルコイン利用環境の向上を図ることを目指しています。
700.0,2026-02-27 17:30:00,テクミラ急伸、円建てステーブルコイン発行のＪＰＹＣへの出資が株価刺激 - みんかぶ,https://minkabu.jp/news/4454737,minkabu.jp,提携・連携,0.0,テクミラホールディングス、ネオス、コーポレートベンチャーキャピタル,65.0,EVT-20260227-01,2026-02-27,done,テクミラホールディングスは、円建てステーブルコイン「ＪＰＹＣ」を発行・償還するＪＰＹＣ（東京都千代田区）に対し、2023年に設立したコーポレートベンチャーキャピタルを通じて出資したと発表した。これが株価の刺激材料となり、テクミラはＪＰＹＣとの連携を通じてコンシューマー領域でのステーブルコイン利用環境の向上と市場拡大を目指す。
699.0,2026-02-27 17:30:00,テクミラ急伸、円建てステーブルコイン発行のＪＰＹＣへの出資が株価刺激 (2026年2月27日掲載) - ライブドアニュース,https://news.livedoor.com/topics/detail/30661444/,news.livedoor.com,発行・資金、提携・連携,0.0,テクミラホールディングス、ネオス、JPYC株式会社,65.0,EVT-20260227-01,2026-02-27,done,テクミラホールディングスが円建てステーブルコイン「ＪＰＹＣ」を発行・償還するＪＰＹＣに出資したことを発表し、これが株価上昇の刺激材料となった。同社は２０２３年に設立したコーポレートベンチャーキャピタルを通じて出資を行った。
701.0,2026-02-27 17:50:55,JPYCがLINE上で利用可能へ、Unifiとの連携発表 - crypto-times.jp,https://crypto-times.jp/news-jpyc-will-be-available-on-line/,crypto-times.jp,取扱い・対応、提携・連携,0.0,LINE NEXT、Unifi、Kaiaネットワーク,95.0,EVT-20260226-01,2026-02-26,done,JPYC株式会社は、LINE NEXTのWeb3ウォレット「Unifi」でJPYCの採用を正式に決定し、国内1億ユーザー以上が利用するLINEアプリ上で日本円ステーブルコインの決済体験が実現します。UnifiはLINEアカウントのみで利用可能なノンカストディアル型ウォレットで、ユーザーは資産を自身で管理しながら直感的にJPYCの管理や送金、決済を行えます。また両社はKaiaネットワーク上でのJPYC発行に向けた検討を開始しました。
702.0,2026-02-27 18:12:06,ＨＥＲＯＺが続伸、ＪＰＹＣと資本・業務提携を材料に大底圏離脱の動き (2026年2月27日掲載) - ライブドアニュース,https://news.livedoor.com/topics/detail/30661106/,news.livedoor.com,提携・連携,0.0,HEROZ、AI技術、第三者割当増資,65.0,EVT-20260226-02,2026-02-26,done,ＨＥＲＯＺは大底圏から回復局面に入り、将棋アプリで培ったＡＩ技術を活かした市場予測や生成ＡＩサービスで需要を獲得している。同社は２６日にＪＰＹＣ（東京都千代田区）と業務提携し、ＪＰＹＣの第三者割当増資を引き受けて資本関係を構築した。
705.0,2026-02-27 19:00:21,日本初の企業向けJPYC入出金管理サービス「JPYC Gateway」4月1日提供開始~送金手数料は1件８円~ - 朝日新聞,https://www.asahi.com/and/pressrelease/16384085,asahi.com,取扱い・対応、提携・連携、活用事例,0.0,アステリア株式会社、JPYC Gateway、ASTERIA Warp,92.0,EVT-20260227-03,2026-02-27,done,アステリア株式会社は、JPYC株式会社が発行する日本円建ステーブルコイン「JPYC」の企業利用を容易にする「JPYC Gateway」を2026年4月1日より提供開始することを発表した。本サービスは既存システムとの連携、ウォレット管理、ガス代負担などの課題を解決し、送金手数料は1件あたり8円で提供される。
706.0,2026-02-27 19:00:21,日本初の企業向けJPYC入出金管理サービス「JPYC Gateway」4月1日提供開始~送金手数料は1件８円 - ニコニコニュース,https://news.nicovideo.jp/watch/nw18979213?news_ref=search_search,news.nicovideo.jp,取扱い・対応、提携・連携、活用事例,0.0,アステリア株式会社、JPYC Gateway、ASTERIA Warp,85.0,EVT-20260227-03,2026-02-27,done,アステリア株式会社は、JPYC株式会社が発行する日本円建ステーブルコインJPYCの企業向け入出金管理サービス「JPYC Gateway」を2026年4月1日より提供開始します。本サービスは既存システムとの連携やウォレット管理などの課題を解決し、送金手数料は1件あたり8円に設定されています。提供開始キャンペーンとして、2026年4月1日～9月30日の契約開始分について基本使用料1年間半額、先着100社にハードウェアウォレットを無償提供します。
704.0,2026-02-27 19:00:21,アステリア－大幅に3日続伸 日本初の企業向けJPYC入出金管理サービスを提供開始(トレーダーズ・ウェブ) - Yahoo!ファイナンス,https://finance.yahoo.co.jp/news/detail/c727a63a7c04885d7c5f40a06d9c735f089ee834,finance.yahoo.co.jp,取扱い・対応、提携・連携、活用事例,0.0,アステリア、JPYC Gateway、ASTERIA Warp,85.0,EVT-20260227-03,2026-02-27,done,アステリア株式会社は、JPYC株式会社が発行する日本円建ステーブルコインJPYCの企業利用を促進する「JPYC Gateway」を2026年4月1日より提供開始します。本サービスは既存システムとの連携やウォレット管理などの課題を解決し、送金手数料は1件8円で提供されます。先着100社にはハードウェアウォレットが無償提供されます。
703.0,2026-02-27 19:00:21,アステリア、企業向けJPYC入出金管理サービス「JPYC Gateway」を提供開始 - 日本経済新聞,https://www.nikkei.com/nkd/company/article/?DisplayType=11&ng=DGXZRSP703634_X20C26A2000000&scode=3853&ba=1,nikkei.com,取扱い・対応、提携・連携、活用事例,0.0,アステリア、JPYC Gateway、ASTERIA Warp,85.0,EVT-20260227-03,2026-02-27,done,アステリア株式会社は、JPYC株式会社が発行する日本円建ステーブルコインJPYCの企業向け入出金管理サービス「JPYC Gateway」を2026年4月1日より提供開始することを発表した。本サービスは既存システムとの連携やウォレット管理などの課題を解決し、送金手数料は1件あたり8円で提供される。
707.0,2026-02-27 19:18:00,ＨＥＲＯＺが３日続伸、ＪＰＹＣとの業務提携を材料視(ウエルスアドバイザー) - Yahoo!ファイナンス,https://finance.yahoo.co.jp/news/detail/18125a501bae806957646b6d6fb02208ef4e8054,finance.yahoo.co.jp,提携・連携、市場・統計,0.0,HEROZ、ウエルスアドバイザー,45.0,EVT-20260226-02,2026-02-26,done,BtoBサービスを手がけるHEROZ <4382> が3日続伸し、JPYCとの業務提携を材料視して一時858円を付けている。
712.0,2026-02-27 20:00:03,LINE NEXTとJPYC株式会社、近日リリース予定のWeb3ウォレット「Unifi」での「JPYC」採用を正式決定 - マピオン,https://www.mapion.co.jp/news/release/000000017.000145432-all/,mapion.co.jp,取扱い・対応、提携・連携,0.0,LINE NEXT、Unifi、LINE,95.0,EVT-20260226-01,2026-02-26,done,LINE NEXTとJPYC株式会社は、近日リリース予定のLINEアプリ上のWeb3ウォレット「Unifi」での日本円ステーブルコイン「JPYC」採用を正式決定した。本決定により、LINEアプリから離脱せずにアプリインストール不要で、自己管理型ウォレットの安全性と日本円ステーブルコインの実用性を兼ね備えた決済体験が実現する。
708.0,2026-02-27 20:00:03,LINE NEXTとJPYC株式会社、近日リリース予定のWeb3ウォレット「Unifi」での「JPYC」採用を正式決定 - マピオン,https://www.mapion.co.jp/news/release/000000017.000145432/,mapion.co.jp,取扱い・対応、提携・連携,0.0,LINE NEXT、Unifi、ノンカストディアル型,85.0,EVT-20260226-01,2026-02-26,done,LINE NEXTとJPYC株式会社は、近日リリース予定のWeb3ウォレット「Unifi」において日本円ステーブルコイン「JPYC」の採用を正式決定した。本サービスはLINEアプリ上で完結し、アプリインストール不要でありながら、資産を自己管理できるノンカストディアル型の安全性を提供する。
709.0,2026-02-27 20:00:03,LINE NEXTが近日リリース予定のweb3ウォレット「Unifi」にて、日本円ステーブルコイン「JPYC」の採用が正式決定 - PR TIMES,https://prtimes.jp/main/html/rd/p/000000307.000054018.html,prtimes.jp,取扱い・対応、提携・連携,0.0,LINE NEXT Inc.、Unifi、Kaiaネットワーク,95.0,EVT-20260226-01,2026-02-26,done,JPYC株式会社とLINE NEXT Inc.は、LINEアプリ上で近日リリース予定のweb3ウォレット「Unifi」において、日本円ステーブルコイン「JPYC」の採用を正式決定しました。国内1億ユーザー以上が利用するLINEアプリ上で、ノンカストディアル型ウォレットと日本円ステーブルコインを組み合わせた新しい決済体験が実現し、マルチチェーン展開を見据えてKaiaネットワーク上でのJPYC発行に向けた検討も開始します。
710.0,2026-02-27 20:00:03,directX Ventures1号ファンド、日本円ステーブルコイン『JPYC』を取り扱うJPYC株式会社へ出資 - イザ！,https://www.iza.ne.jp/pressrelease/prtimes/OW2RTCJZUZN2JHZ2KRJBWBTA2Y/,iza.ne.jp,発行・資金、提携・連携,0.0,directX Ventures1号ファンド、L is B、Gazelle Capital,75.0,EVT-20260227-01,2026-02-27,done,株式会社L is Bの子会社directX Ventures1号ファンドは、日本円建ステーブルコイン「JPYC」を発行するJPYC株式会社に出資しました。JPYC株式会社は2025年8月に資金移動業者として登録され、同年10月から日本初の日本円ステーブルコイン「JPYC」を正式発行し、2026年2月には発行総額が13億円を突破しています。L is Bは同社のDX知見と「JPYC」の組み合わせによる中長期的な事業連携と新サービス開発を検討しています。
711.0,2026-02-27 20:00:03,LINE NEXTとJPYC株式会社、近日リリース予定のWeb3ウォレット「Unifi」での「JPYC」採用を正式決定 - PR TIMES,https://prtimes.jp/main/html/rd/p/000000017.000145432.html,prtimes.jp,取扱い・対応、提携・連携,0.0,LINE NEXT、Unifi、岡部典孝,95.0,EVT-20260226-01,2026-02-26,done,LINE NEXTとJPYC株式会社は、近日リリース予定のLINEアプリ上のWeb3ウォレット「Unifi」で日本円ステーブルコイン「JPYC」を採用することを正式決定した。本決定により、LINEアプリ上で追加インストール不要、自己管理型の安全性と日本円ステーブルコインの実用性を兼ね備えた決済体験が実現される。
714.0,2026-02-27 20:12:00,エルイズビー－3日続伸 子会社のファンド通じＪＰＹＣに出資(トレーダーズ・ウェブ) - Yahoo!ファイナンス,https://finance.yahoo.co.jp/news/detail/11437e21a87dae8a32b93758b4c11d1c8e799cf0,finance.yahoo.co.jp,提携・連携、発行・資金,0.0,エルイズビー、directX Ventures、JPYC株式会社,65.0,EVT-20260227-01,2026-02-27,done,エルイズビーが3日続伸し、同社の子会社directX Venturesが運用するdirectX Ventures1号ファンドを通じて、日本円建ステーブルコイン「JPYC」を発行するJPYCへ出資したと発表した。同社はJPYCが提供するステーブルコインがデジタル経済の重要な基盤になると考えており、今後DXに関する知見と「JPYC」を組み合わせた事業連携や新サービス開発の検討を視野に入れている。
713.0,2026-02-27 20:12:00,ＨＥＲＯＺ－3日続伸 日本円ステーブルコイン提供のＪＰＹＣに出資(トレーダーズ・ウェブ) - Yahoo!ファイナンス,https://finance.yahoo.co.jp/news/detail/77f39ed7b9c1ca75f018dcdf1efc96d60d186347,finance.yahoo.co.jp,提携・連携、発行・資金,0.0,HEROZ、directX Ventures、directX Ventures1号ファンド,75.0,EVT-20260226-02,2026-02-26,done,LisB傘下のdirectX Venturesが運用するファンドを通じて、日本円建ステーブルコイン「JPYC」を発行するJPYCに出資したと27日に発表した。LisBはDX推進支援の知見とJPYCを組み合わせ、中長期的な事業連携や新サービス開発の検討を視野に入れているという。
715.0,2026-02-27 20:50:30,JPYC、アステリアらから17.8億円調達へ──マルチチェーン展開を拡充 - NADA NEWS,https://www.nadanews.com/338656/,nadanews.com,発行・資金、市場・統計、活用事例,0.0,アステリア、JR西日本イノベーションズ、bitFlyer Holdings、Circle社,95.0,EVT-20260227-01,2026-02-27,done,JPYC社は2月27日、アステリアをリード投資家とするシリーズBラウンドで総額17.8億円の資金調達を実施する予定であり、調達資金はシステム開発、人材採用、ビジネス用途での利用環境整備、戦略的投資に重点配分される。累計発行額14億JPYCに到達し約8.1万件のホルダーを持つJPYCは、クレジットカード決済やLINEアプリ、ふるさと納税などでの活用が進展している。
716.0,2026-02-27 20:50:30,JPYC、アステリアらから17.8億円調達へ──マルチチェーン展開を拡充（NADA NEWS） - Yahoo!ニュース,https://news.yahoo.co.jp/articles/82041984136efd483b956e7a266fde093e8a2637,news.yahoo.co.jp,発行・資金、市場・統計、提携・連携、活用事例,0.0,アステリア、JR西日本イノベーションズ、bitFlyer Holdings、StableFX,95.0,EVT-20260227-01,2026-02-27,done,JPYC社は2月27日、アステリアをリード投資家とするシリーズBラウンドで17.8億円の資金調達を実施予定であることを発表した。累計発行額が14億JPYCに達し、約8.1万件のウォレットアドレスで流通が拡大する中、調達資金はマルチチェーン展開など基盤強化に充当される。同社はLINE NEXTとの協業やStableFXへの参画など、グローバルな展開を進めている。
717.0,2026-02-27 20:50:30,JPYC、アステリアらから17.8億円調達へ──マルチチェーン展開を拡充(NADA NEWS) - Yahoo!ファイナンス,https://finance.yahoo.co.jp/news/detail/82041984136efd483b956e7a266fde093e8a2637/photo/view-001,finance.yahoo.co.jp,発行・資金、提携・連携,0.0,アステリア、シリーズBラウンド、マルチチェーン,85.0,EVT-20260227-01,2026-02-27,done,日本円ステーブルコイン「JPYC」を発行するJPYC社は、シリーズBラウンドのファーストクローズにおいてアステリアらから17.8億円を調達する。
718.0,2026-02-27 21:30:00,HEROZ、JPYCと業務提携 | マーケット速報 | 企業情報FISCO - 投資情報のフィスコ,https://web.fisco.jp/FiscoPFApl/NewsDetailWeb?nwsId=0010300020260227005,web.fisco.jp,提携・連携,0.0,HEROZ、第三者割当増資、AIX,85.0,EVT-20260226-02,2026-02-26,done,HEROZはJPYCと業務提携し、JPYCが実施する第三者割当増資を引受けてB1種優先株式を取得する。両社はAIX（AIトランスフォーメーション）推進に関する検討やAIシステム開発・導入支援に向けた協議を行う。
719.0,2026-02-27 21:52:26,“勝手に広がる”エコシステムが醍醐味、AI時代のデジタル円へ──JPYC岡部氏が語るステーブルコイン最前線【GFTN 2026】 - NADA NEWS,https://www.nadanews.com/338459/,nadanews.com,解説・論説,1.0,JPYC社、岡部典孝、GFTNフォーラム・ジャパン2026、Circle,75.0,EVT-20260227-01,2026-02-27,done,JPYC社の岡部典孝氏は、世界で約50兆円規模のステーブルコイン市場の大半を占める米ドル建てに対し、日本円建てステーブルコインJPYCのポテンシャルを強調した。AIエージェントの台頭による需要の急速な拡大が市場起爆剤になると指摘する一方で、第二種資金移動業の「100万円制限」や法的性質の統一化など、機関投資家向けビジネスの展開に向けた制度上の課題が残っていると述べた。
720.0,2026-02-27 22:00:02,ちゅうぎんインフィニティファンド3号による「JPYC株式会社」に対する投資実行 - 山陽新聞,https://www.sanyonews.jp/article/1880025,sanyonews.jp,発行・資金、提携・連携,0.0,ちゅうぎんキャピタルパートナーズ、ちゅうぎんフィナンシャルグループ、JPYC株式会社,75.0,EVT-20260227-01,2026-02-27,done,株式会社ちゅうぎんキャピタルパートナーズは、「ちゅうぎんインフィニティファンド3号」を通じてJPYC株式会社に投資を実行しました。JPYC社は日本円と価値が連動する日本円建ステーブルコインを国内でいち早く発行したWeb3スタートアップであり、デジタル経済圏における新たな決済手段としての役割が期待されています。
722.0,2026-02-27 22:00:02,ちゅうぎんインフィニティファンド3号による「JPYC株式会社」に対する投資実行 - ニコニコニュース,https://news.nicovideo.jp/watch/nw18980349?news_ref=20_20,news.nicovideo.jp,発行・資金,0.0,ちゅうぎんキャピタルパートナーズ、ちゅうぎんフィナンシャルグループ、ちゅうぎんインフィニティファンド3号,75.0,EVT-20260227-01,2026-02-27,done,ちゅうぎんキャピタルパートナーズは、スタートアップ企業を出資対象とする「ちゅうぎんインフィニティファンド3号」を通じて、日本円建ステーブルコイン「JPYC」を発行するJPYC株式会社に投資を実行した。JPYC社は日本円と価値が連動するステーブルコインの発行・償還・流通を担い、デジタル経済圏における新たな決済手段としての役割が期待されている。
721.0,2026-02-27 22:00:02,ちゅうぎんインフィニティファンド3号による「JPYC株式会社」に対する投資実行 - PR TIMES,https://prtimes.jp/main/html/rd/p/000000059.000166651.html,prtimes.jp,発行・資金,0.0,ちゅうぎんキャピタルパートナーズ、ちゅうぎんインフィニティファンド3号、ちゅうぎんフィナンシャルグループ,75.0,EVT-20260227-06,2026-02-27,done,ちゅうぎんキャピタルパートナーズは、「ちゅうぎんインフィニティファンド3号」を通じてJPYC株式会社に投資を実行しました。JPYC社は日本円と価値が連動するステーブルコイン「JPYC」を発行・流通させるWeb3スタートアップであり、デジタル経済圏における新たな決済手段として期待されています。
723.0,2026-02-27 23:00:02,日本円と価値が連動するステーブルコイン『JPYC』を発行するJPYC株式会社へ出資 - イザ！,https://www.iza.ne.jp/pressrelease/prtimes/RIAF43TEQZNTRLKHSHKPEH6JVI/,iza.ne.jp,発行・資金、提携・連携,0.0,グローバル・ブレイン、明治安田生命保険相互会社、JPYC株式会社,85.0,EVT-20260227-02,2026-02-27,done,グローバル・ブレイン株式会社が運営する明治安田未来共創ファンドは、日本円と価値が連動するステーブルコイン『JPYC』を発行するJPYC株式会社へ出資を実行しました。JPYCは資金移動業者として国内初となる日本円ステーブルコインを2025年10月27日より正式に発行開始し、24時間即時・低コストの決済を可能にすることで、将来的にAIエージェントが自律的に取引する次世代の金融インフラとしての役割が期待されています。
724.0,2026-02-27 23:00:02,日本円と価値が連動するステーブルコイン『JPYC』を発行するJPYC株式会社へ出資：マピオンニュースの注目トピック - マピオン,https://www.mapion.co.jp/news/release/000000571.000047342/,mapion.co.jp,発行・資金、提携・連携,0.0,グローバル・ブレイン、明治安田未来共創ファンド、JPYC株式会社,85.0,EVT-20260227-02,2026-02-27,done,グローバル・ブレイン傘下の明治安田未来共創ファンドが、日本円と価値が連動するステーブルコイン『JPYC』を発行するJPYC株式会社へ出資を実行しました。インターネット経済の高度化とAI技術の進展に伴い、より柔軟で透明性の高いデジタル決済手段や日本円ベースの決済基盤の整備が求められています。
725.0,2026-02-27 23:00:02,日本円と価値が連動するステーブルコイン『JPYC』を発行するJPYC株式会社へ出資 - 朝日新聞,https://www.asahi.com/and/pressrelease/16386307,asahi.com,発行・資金、提携・連携,0.0,グローバル・ブレイン、明治安田生命保険相互会社、JPYC株式会社,85.0,EVT-20260227-02,2026-02-27,done,グローバル・ブレイン株式会社が運営する明治安田未来共創ファンドが、日本円と価値が連動するステーブルコイン『JPYC』を発行するJPYC株式会社へ出資を実行しました。JPYCは資金移動業者として国内初となる日本円ステーブルコインを発行し、24時間即時・低コストの決済を可能にするとともに、将来の自動化された経済に対応できる金融インフラとしての役割が期待されています。
726.0,2026-02-27 23:22:14,ちゅうぎんキャピタルパートナーズがJPYC社に対する資金提供を実施した意義 - ニュースメディアVOIX,https://voix.jp/money/card/29252/,voix.jp,発行・資金、解説・論説,1.0,ちゅうぎんキャピタルパートナーズ、ちゅうぎんインフィニティファンド3号、岡部典孝,85.0,EVT-20260227-06,2026-02-27,done,ちゅうぎんキャピタルパートナーズが「ちゅうぎんインフィニティファンド3号」を通じてJPYC株式会社に20億円の資金提供を実施した。JPYC社は日本円と価値が連動する日本円建ステーブルコイン「JPYC」を発行するWeb3スタートアップであり、デジタル経済圏における新たな決済手段として期待されている。ちゅうぎんフィナンシャルグループはこの出資を通じて、次世代デジタル金融領域に関する知見を蓄積し、金融サービスの高度化を図る方針を示している。
727.0,2026-02-27 23:32:52,L is BがJPYC株式会社に出資、次世代ステーブルコインの未来を切り開く - ニュースメディアVOIX,https://voix.jp/money/card/29287/,voix.jp,発行・資金、提携・連携,0.0,L is B、directX Ventures、directX Ventures1号ファンド,85.0,EVT-20260227-07,2026-02-27,done,株式会社L is Bの子会社であるdirectX Venturesが運用するdirectX Ventures1号ファンドが、日本円建ステーブルコイン「JPYC」を発行するJPYC株式会社に出資した。JPYC株式会社は2025年10月27日から日本初の日本円建ステーブルコイン「JPYC」の発行を開始し、2026年2月には発行総額が13億円を突破するなど急成長を遂げている。L is Bはこの出資を通じてJPYC株式会社との中長期的な事業連携や新サービス開発を検討しており、デジタル経済の発展を支援する意向を示している。
728.0,2026-02-27 23:55:12,【2/27話題】SBIとスターテイルのステーブルコイン名称「JPYSC」に、渡辺創太がSBI HDの社外取に、JPYCがKaia対応へなど（音声ニュース） - あたらしい経済,https://www.neweconomy.jp/posts/551595,neweconomy.jp,市場・統計、取扱い・対応、提携・連携、発行・資金,0.0,SBI、スターテイル、Kaia、LINE NEXT,65.0,EVT-20260227-01,2026-02-27,done,「あたらしい経済」編集部がブロックチェーン・仮想通貨・フィンテックについてのニュースをポッドキャストで解説し、SBIとスターテイルが開発した円ステーブルコイン「JPYSC」が日本初の信託型に、スターテイルGの渡辺創太がSBIホールディングスの社外取締役に就任、JPYCがKaia上での発行検討開始などのニュースを紹介している。
729.0,2026-02-28 00:26:59,プレスリリース PRTIMES記事詳細 - sannichi.co.jp,https://www.sannichi.co.jp/prtimes/others/c166651_r59,sannichi.co.jp,発行・資金、提携・連携,0.0,ちゅうぎんキャピタルパートナーズ、ちゅうぎんインフィニティファンド3号、ちゅうぎんフィナンシャルグループ,75.0,EVT-20260227-06,2026-02-27,done,ちゅうぎんキャピタルパートナーズは、日本円と価値が連動するステーブルコイン「JPYC」を発行するJPYC株式会社の第三者割当増資を「ちゅうぎんインフィニティファンド3号」を通じて引受けました。JPYC社はデジタル経済圏において日本円の円滑な利用を可能にする仕組みを提供し、新たな決済手段としての役割が期待されています。
730.0,2026-02-28 00:57:00,JPYC、LINE上のweb3ウォレット「Unifi」に採用｜Kaiaネットワーク展開も検討 - CoinPartner,https://coinotaku.com/news/articles/244559,coinotaku.com,取扱い・対応、提携・連携,0.0,LINE NEXT Inc.、Unifi、Kaiaネットワーク,85.0,EVT-20260226-01,2026-02-26,done,JPYC株式会社は、LINE NEXT Inc.が開発するweb3ウォレット「Unifi」に日本円連動ステーブルコイン「JPYC」が採用されたと発表しました。Unifiはコミュニケーションアプリ「LINE」上で利用可能なノンカストディアル型ウォレットとして提供される予定であり、JPYCはマルチチェーン展開を見据えKaiaネットワーク上での発行も検討しています。
731.0,2026-02-28 01:08:58,独立系運用会社fundnote、「匠のファンド あけぼの」未上場株投資第一号として日本円ステーブルコインのJPYC社へ出資 - イザ！,https://www.iza.ne.jp/pressrelease/prtimes/UFLB7ZC4PVNKXOZHILOHPYLQSA/,iza.ne.jp,発行・資金、活用事例,0.0,fundnote株式会社、匠のファンド あけぼの、IPOクロスオーバーファンド,75.0,EVT-20260227-01,2026-02-27,done,独立系運用会社fundnoteが、アクティブ型投資信託「匠のファンド あけぼの」を通じて、日本円ステーブルコイン「JPYC」を発行・運営するJPYC株式会社に出資しました。本投資は同ファンドにおける未上場株投資案件第一号であり、個人投資家に成長領域のステーブルコイン企業への投資機会を提供するものです。
732.0,2026-02-28 01:15:42,LINE NEXT、Web3ウォレットで日本円ステーブルコインJPYCを採用 - Cryptonews,https://cryptonews.com/jp/news/line-next-unifi-wallet-jpyc-adoption/,cryptonews.com,取扱い・対応、提携・連携,0.0,LINE NEXT、Unifi、Kaia,85.0,EVT-20260226-01,2026-02-26,done,LINE NEXTは、近日リリース予定のWeb3ウォレット「Unifi」で日本円ステーブルコイン「JPYC」の採用を正式に決定した。LINEアプリのみで自己管理型ウォレットの開設から送金・決済までが完結でき、リワード機能での利用が想定されている。
733.0,2026-02-28 01:36:28,【本日のおすすめ銘柄】HEROZ、JPYCと業務提携(フィスコ) - Yahoo!ファイナンス,https://finance.yahoo.co.jp/news/detail/0ac56a81a76e99524363d736780ed59dcf9e2fb8,finance.yahoo.co.jp,提携・連携,0.0,HEROZ、JPYC株式会社,75.0,EVT-20260226-02,2026-02-26,done,HEROZはAI技術を軸にDX推進を支援する企業であり、電子決済手段やステーブルコイン等を展開するJPYCと業務提携し、JPYCの第三者割当増資を引き受けてB1種優先株式を取得することを発表した。両社はAIX推進に関する検討やAIシステム開発・導入支援に向けた協議を行う。
735.0,2026-02-28 03:10:15,アステリアが企業向けJPYC決済基盤を4月提供開始、自社で10億円保有へ｜MoneyX - CoinPost,https://coinpost.jp/?p=691765,coinpost.jp,取扱い・対応、提携・連携、発行・資金、実証実験,0.0,アステリア、JPYC Gateway、LINE NEXT、Unifi,95.0,EVT-20260227-03,2026-02-27,done,アステリア株式会社は企業向けステーブルコイン決済基盤「JPYC Gateway」を4月に提供開始し、自社で10億円のJPYCを保有する方針を発表した。JPYC株式会社はシリーズBで17.8億円を調達し、LINE NEXTの新ウォレット「Unifi」でのJPYC採用も決定した。AIエージェント時代の到来に対応し、円建てステーブルコインのシェア拡大と国際競争力強化が重要な課題として議論された。
734.0,2026-02-28 03:10:15,「JPYCを10億円保有する」アステリア平野氏(NADA NEWS) - Yahoo!ファイナンス,https://finance.yahoo.co.jp/news/detail/dec68e1049827243ab89728b0ad465f3a5ba6e83/photo/view-001,finance.yahoo.co.jp,発行・資金,0.0,アステリア、平野洋一郎,45.0,EVT-20260227-03,2026-02-27,done,アステリア代表取締役社長の平野洋一郎氏は、2月27日に開催されたカンファレンスで、JPYCを10億円保有していることを明かした。
736.0,2026-02-28 08:40:00,日本円と価値が連動するステーブルコイン『JPYC』を発行するJPYC株式会社へ出資 - Excite エキサイト,https://www.excite.co.jp/news/article/Prtimes_2026-02-28-47342-571/,excite.co.jp,発行・資金、提携・連携,0.0,グローバル・ブレイン、明治安田未来共創ファンド、明治安田生命保険相互会社,85.0,EVT-20260227-02,2026-02-27,done,グローバル・ブレイン傘下の明治安田未来共創ファンドが、日本円と価値が連動するステーブルコイン『JPYC』を発行するJPYC株式会社へ出資を実行しました。JPYCは資金移動業者として国内初となる日本円ステーブルコインを2025年10月27日より発行開始し、24時間即時・低コストの決済を可能にすることで、AI技術の進展に対応できる決済基盤を整備します。
737.0,2026-02-28 17:00:00,SBIホールディングスとスターテイル、信託型日本円ステーブルコインJPYSCを発表 - ビジネス+IT,https://www.sbbit.jp/article/fj/181669,sbbit.jp,発行・資金、提携・連携、制度・規制,0.0,SBIホールディングス、スターテイル、新生信託銀行、SBI VCトレード,85.0,EVT-20260227-04,2026-02-27,done,SBIホールディングスとスターテイルは、信託型日本円ステーブルコインJPYSCを発表した。JPYSCは新生信託銀行が発行し、1号電子決済手段であるJPYCと異なり100万円の送金制限がないため企業間決済やクロスボーダー決済に対応でき、2026年4月から6月の間のローンチを目標としている。
738.0,2026-03-01 11:36:43,【今週のJPYCまとめ】JPYCにおけるAI活用が検討か。流通量が4.8億円へ微減 - crypto-times.jp,https://crypto-times.jp/news-is-the-use-of-ai-being-considered-for-the-jpy-pcc-circulation-volume-slightly-drops-to-480-million-yen/,crypto-times.jp,提携・連携、取扱い・対応、市場・統計,0.0,HEROZ、BluePay、Maximal,85.0,EVT-20260226-02,2026-02-26,done,JPYC株式会社はHEROZ株式会社との業務提携によるAI技術の活用を検討する一方、次世代決済サービス「BluePay」への採用が決定しました。一方、JPYCの流通量は2月21日時点で4億8000万円となり、前週比で微減傾向にあります。
739.0,2026-03-01 17:00:00,JPYCとは？日本発の円建てステーブルコインの仕組み・将来性を徹底解説【2026年3月最新】 - JinaCoin,https://jinacoin.ne.jp/jpyc/,jinacoin.ne.jp,解説・論説,1.0,JPYC株式会社、資金決済法、電子決済手段,85.0,,,done,JPYCは1JPYC＝1円で価値が安定するよう設計された、日本の法律に準拠するデジタル通貨です。2025年秋から「電子決済手段」として新たに発行され、資産保全が発行額の100％以上に強化され、日本円への払い戻しが可能になるなど、信頼性と利便性が大きく向上します。
740.0,2026-03-02 12:03:03,ソニー銀行、エンタメにステーブルコイン導入 円建てJPYC - 日本経済新聞 - 日本経済新聞,https://www.nikkei.com/article/DGXZQOUB274980X20C26A2000000/,nikkei.com,提携・連携、活用事例,0.0,ソニー銀行、JPYC株式会社、ソニーグループ,85.0,EVT-20260302-01,2026-03-02,done,ソニー銀行はフィンテック企業のJPYCと業務提携し、音楽などエンターテインメント領域でのステーブルコイン導入を目指す。ソニー銀行の口座預金から円建てステーブルコイン「JPYC」の購入を可能にし、ソニーグループのライブや物品購入での活用も検討している。
741.0,2026-03-02 14:02:08,独立系運用会社fundnote、「匠のファンド あけぼの」未上場株投資第一号として日本円ステーブルコインのJPYC社へ出資 - 投信まるごとNEWS,https://toushin-news.jp/news/news-03022026-2/,toushin-news.jp,発行・資金、市場・統計,0.0,fundnote株式会社、匠のファンド あけぼの、JPYC株式会社,85.0,EVT-20260302-02,2026-03-02,done,独立系運用会社fundnoteは、アクティブ型投資信託「匠のファンド あけぼの」において、日本円ステーブルコイン「JPYC」を発行・運営するJPYC株式会社に出資し、これが同ファンドにおける未上場株投資案件第一号となった。fundnoteはステーブルコイン市場が2030年までに数兆ドル規模に成長することが見込まれる中、JPYCが日本円建て基盤を担う先行プレイヤーとして成長性が高いと評価し、公募投信を通じて一般の個人投資家に未上場Web3スタートアップへの投資機会を提供する。
742.0,2026-03-02 15:03:45,ソニー銀行、JPYCと提携｜エンタメ決済に仮想通貨導入へ - crypto-times.jp,https://crypto-times.jp/news-sony-bank-partners-with-jpyc/,crypto-times.jp,提携・連携、活用事例,0.0,ソニー銀行、JPYC株式会社、バスティオン・プラットフォームズ,85.0,EVT-20260302-01,2026-03-02,done,ソニー銀行はJPYC株式会社と業務提携し、円建てステーブルコイン「JPYC」をエンターテインメント領域に導入することを発表しました。ソニー銀行の口座からJPYCを直接購入でき、将来的にはソニーグループのライブイベントチケットや物品購入の決済手段としての活用も検討されています。
743.0,2026-03-02 16:11:30,ソニー銀行、JPYCとMOU締結 口座から直接ステーブルコイン購入へ - CoinPost,https://coinpost.jp/?p=692056,coinpost.jp,提携・連携、活用事例,0.0,ソニー銀行、BlockBloom株式会社、JPYC EX,85.0,EVT-20260302-01,2026-03-02,done,ソニー銀行は3月2日、JPYC株式会社とステーブルコイン「JPYC」の活用に向けたMOUを締結した。ソニー銀行の口座預金からJPYC EX上で直接JPYCを即時購入できる機能の提供を検討し、音楽・ゲームなどのエンタメIPやWeb3サービスとの連携も計画している。
744.0,2026-03-02 16:38:09,ソニー銀行も「JPYC」、金融×エンタメ×web3で新サービス - Impress Watch,https://www.watch.impress.co.jp/docs/news/2089785.html,watch.impress.co.jp,提携・連携、取扱い・対応、活用事例,0.0,ソニー銀行、BlockBloom、JPYC EX,95.0,EVT-20260302-01,2026-03-02,done,ソニー銀行はJPYCと戦略的業務提携を締結し、リアルタイム口座振替を活用してJPYC EX上でソニー銀行口座から直接JPYCを購入できる機能の提供を検討する。JPYCの発行・償還手続きの効率化とシームレス化を図り、音楽・ゲームなどのエンタテインメントIPと連携することで、「金融×エンタメ×web3」の新たな体験価値を創出する。
749.0,2026-03-02 17:00:00,ソニー銀行口座でステーブルコインJPYC購入可能に──エンタメ決済へ、MOU締結（NADA NEWS） - Yahoo!ニュース,https://news.yahoo.co.jp/articles/96807449c63439dac23e21ab9435336ef11320cf,news.yahoo.co.jp,取扱い・対応、提携・連携,0.0,ソニー銀行、BlockBloom、JPYC EX,85.0,EVT-20260302-01,2026-03-02,done,JPYC社はソニー銀行およびその子会社BlockBloomと戦略的業務提携の基本合意を締結し、ソニー銀行口座から直接JPYCを購入できるリアルタイム口座振替機能の提供を検討している。両社は銀行インフラとステーブルコイン、エンタテインメント領域をつなぎ、デジタルコンテンツ購入やファン特典など決済とエンゲージメントを融合させた新しい体験の創出を目指す。
750.0,2026-03-02 17:00:00,ソニー銀行、JPYCと業務提携 円建てステーブルコイン活用へ - CoinPartner,https://coinotaku.com/news/articles/244678,coinotaku.com,提携・連携、活用事例,0.0,ソニー銀行、JPYC EX、BlockBloom,95.0,EVT-20260302-01,2026-03-02,done,ソニー銀行はフィンテック企業JPYCと2026年3月2日に業務提携の基本合意書を締結し、円建てステーブルコイン「JPYC」の活用に向けて、銀行口座からステーブルコインを即時に購入できる仕組みの導入を目指します。両社はJPYC EXとソニー銀行の口座機能を接続し、銀行振込を経由せずにプラットフォーム上の操作のみでJPYCを購入できる機能の提供を検討しており、音楽やゲームなどのエンターテインメント領域での活用を視野に入れています。
748.0,2026-03-02 17:00:00,ソニー銀行と日本円ステーブルコイン「JPYC」を活用したサービス連携に向けた基本合意書（MOU）を締結 - PR TIMES,https://prtimes.jp/main/html/rd/p/000000309.000054018.html,prtimes.jp,提携・連携、活用事例,0.0,ソニー銀行、BlockBloom株式会社、JPYC EX,95.0,EVT-20260302-01,2026-03-02,done,JPYC株式会社とソニー銀行は、日本円ステーブルコイン「JPYC」とソニー銀行のサービスをシームレスに連携させるための基本合意書を締結しました。リアルタイム口座振替を活用してJPYC EX上でソニー銀行口座から直接「JPYC」を購入できる機能の提供や、エンタテインメントサービスとの連携を検討しており、ユーザーが日常の延長でweb3を安全かつ直感的に活用できる環境の整備を目指しています。
746.0,2026-03-02 17:00:00,ステーブルコインを活用したサービス連携に向けて、JPYC株式会社と戦略的業務提携に関する基本合意書（MOU）を締結 - PR TIMES,https://prtimes.jp/main/html/rd/p/000000858.000000157.html,prtimes.jp,提携・連携、活用事例,0.0,ソニー銀行、BlockBloom株式会社、JPYC EX,85.0,EVT-20260302-01,2026-03-02,done,ソニー銀行はJPYC株式会社と、ステーブルコイン「JPYC」とソニー銀行のサービスを連携させるための戦略的業務提携に関する基本合意書を締結しました。具体的には、リアルタイム口座振替を活用してJPYC EX上でソニー銀行の口座預金から直接「JPYC」を即時購入できる機能の提供を検討しており、今後はJPYCの発行・償還手続の効率化やエンタテインメント連携などの発展的なサービスも目指します。
747.0,2026-03-02 17:00:00,ソニー銀行、エンタメにステーブルコイン導入 円建てJPYC - 日本経済新聞,https://www.nikkei.com/nkd/company/article/?DisplayType=1&ng=DGXZQOUB274980X20C26A2000000&scode=8729&ba=1,nikkei.com,提携・連携、活用事例,0.0,ソニー銀行、JPYC株式会社、エンターテインメント領域,85.0,EVT-20260302-01,2026-03-02,done,ソニー銀行はフィンテック企業のJPYCと業務提携し、音楽などエンターテインメント領域で円建てステーブルコイン「JPYC」の導入を目指す。ソニー銀行の口座預金からJPYCを購入できるようにし、ソニーグループのライブや物品購入での活用も検討している。
745.0,2026-03-02 17:00:00,Secured Finance、ステーブルコインを“入れておくだけ”でルールベース運用できる新プロダクト「SF Yield Vault」を公開 - PR TIMES,https://prtimes.jp/main/html/rd/p/000000005.000172212.html,prtimes.jp,活用事例、提携・連携,0.0,Secured Finance AG、SF Yield Vault、Yearn V3,65.0,EVT-20260302-03,2026-03-02,done,Secured Finance AGは、JPYCをVaultに預けるだけでルールベースの自動運用が実行される新プロダクト「SF Yield Vault」を公開しました。第1弾として「JPYC Vault」と「Secured Finance JPYC Lender」戦略をEthereumメインネット上で提供し、デポジットするだけでSecured Financeのレンディングプロトコルを通じて自動的に金利収益を獲得できます。
751.0,2026-03-02 17:47:51,ソニー銀行とJPYC株式会社がステーブルコイン活用で業務提携を締結し新たな価値創出へ挑む - ニュースメディアVOIX,https://voix.jp/money/netbank/29425/,voix.jp,提携・連携、活用事例,0.0,ソニー銀行、BlockBloom株式会社、JPYC EX,85.0,EVT-20260302-01,2026-03-02,done,ソニー銀行とJPYC株式会社がステーブルコイン「JPYC」を活用した業務提携の基本合意書を締結しました。ソニー銀行の口座からJPYCを即時購入できるリアルタイム口座振替機能の提供を検討し、2025年10月27日のJPYC発行開始に向けてweb3サービスの環境整備を進めます。また、音楽やゲームなどのエンタテインメントIPとの連携により、新たなユースケースと体験価値の創出を目指しています。
752.0,2026-03-02 18:30:35,Secured Finance、ステーブルコインを預けるだけで自動運用できる「SF Yield Vault」を公開 - CoinPost,https://coinpost.jp/?p=692067,coinpost.jp,活用事例、提携・連携,0.0,Secured Finance、SF Yield Vault、Yearn Finance,75.0,EVT-20260302-03,2026-03-02,done,スイス拠点のDeFiプロトコル企業Secured Finance AGは、ステーブルコインを預けるだけで自動運用できるプラットフォーム「SF Yield Vault」を公開し、第1弾として日本円ステーブルコインJPYCに対応した「JPYC Vault」をイーサリアムメインネット上でローンチしました。同社の固定金利レンディングプロトコルを通じて預け入れたJPYCが自動的に貸し出される仕組みで、ユーザーは預け入れ時に発行されるVault持分トークン「yvJPYC」を保有できます。
754.0,2026-03-02 19:19:23,ソニー銀行、JPYCとMOU締結 口座から直接ステーブルコイン購入へ(CoinPost) - Yahoo!ファイナンス,https://finance.yahoo.co.jp/news/detail/1ec13f6f74aec5adee26e9009d45cd6272004046,finance.yahoo.co.jp,提携・連携、活用事例,0.0,ソニー銀行、BlockBloom、Bastion,95.0,EVT-20260302-01,2026-03-02,done,ソニー銀行は2026年3月2日にJPYC株式会社とMOU締結し、銀行口座からリアルタイム口座振替を通じて日本円建てステーブルコイン「JPYC」を直接購入できる仕組みの構築を検討する。これにより銀行振込を介さずにJPYCを取得でき、ライブチケットやデジタルコンテンツ決済などのエンターテインメント利用も視野に入れられている。
753.0,2026-03-02 19:19:23,ソニー銀行がJPYCと提携、口座からステーブルコイン購入「直結」へ｜新たな決済構想も - bittimes.net,https://bittimes.net/news/218219.html,bittimes.net,提携・連携、活用事例、制度・規制,0.0,ソニー銀行、BlockBloom株式会社、改正資金決済法、Bastion,95.0,EVT-20260302-01,2026-03-02,done,ソニー銀行は2026年3月2日にJPYC株式会社と提携し、銀行口座からリアルタイム口座振替を通じて日本円建てステーブルコイン「JPYC」を直接購入できる仕組みの構築を検討しています。この提携により、銀行振込を介さずにJPYCを取得でき、銀行口座から直接ステーブルコインを決済などに利用できる環境の構築が進められる見通しです。また、ライブチケット購入やデジタルコンテンツの決済などのエンターテインメント領域での活用も視野に入れられています。
755.0,2026-03-02 19:39:00,L is B---日本円ステーブルコイン「JPYC」を取り扱うJPYCへ出資 - ｄメニューニュース,https://topics.smt.docomo.ne.jp/article/fisco/business/fisco-0009350020260302011,topics.smt.docomo.ne.jp,提携・連携、発行・資金,0.0,L is B、directX Ventures、JPYC株式会社,75.0,EVT-20260227-07,2026-02-27,done,L is Bの子会社directX Venturesが運用するファンドを通じて、日本円建ステーブルコイン「JPYC」を発行するJPYCへ出資したと発表した。JPYCは資金移動業者として登録を完了し、2025年10月27日から正式に「JPYC」の発行を開始し、発行総額が13.00億円を突破している。L is BはこれまでのDX支援の知見とJPYCのステーブルコインを組み合わせることで、デジタル経済における新たな価値創出に向けた事業連携や新サービス開発の可能性を検討している。
756.0,2026-03-02 20:01:42,JPYCが17.8億円の資金調達、ビットフライヤーなども参加 - Cryptonews,https://cryptonews.com/jp/news/jpyc-stablecoin-series-b-funding/,cryptonews.com,発行・資金、提携・連携、市場・統計,0.0,bitFlyer Holdings、アステリア株式会社、LINE Unifi、三井住友カード,95.0,EVT-20260227-01,2026-02-27,done,日本円ステーブルコインを発行するJPYC株式会社は、2月27日にシリーズBラウンドのファーストクローズとして17億8000万円の資金調達を発表し、アステリア株式会社やbitFlyer Holdingsなど10社以上が参加した。調達資金は、システム基盤の強化、人材採用、企業間送金基盤の拡充などに充当される予定で、同社は今後3年間で発行残高10兆円規模の実現を目指している。
758.0,2026-03-03 00:00:02,ステーブルコインを活用したサービス連携に向けて、JPYC株式会社と戦略的業務提携に関する基本合意書（MOU）を締結 - マピオン,https://www.mapion.co.jp/news/release/000000858.000000157/,mapion.co.jp,提携・連携、取扱い・対応,0.0,ソニー銀行、BlockBloom、JPYC株式会社,85.0,EVT-20260302-01,2026-03-02,done,ソニー銀行株式会社はJPYC株式会社と、ステーブルコイン「JPYC」をソニー銀行のサービスおよびエンタテインメントサービスとシームレスに連携させるための戦略的業務提携に関する基本合意書（MOU）を締結した。BlockBloom株式会社がweb3領域におけるノウハウを活用して、この取組の検討において中心的な役割を担う。
759.0,2026-03-03 00:00:02,ステーブルコインを活用したサービス連携に向けて、JPYC株式会社と戦略的業務提携に関する基本合意書（MOU）を締結 - ライブドアニュース,https://news.livedoor.com/pr_topics/detail/30681233/,news.livedoor.com,提携・連携、活用事例,0.0,ソニー銀行、BlockBloom、JPYC EX,85.0,EVT-20260302-01,2026-03-02,done,ソニー銀行とJPYC株式会社は、ステーブルコイン「JPYC」とソニー銀行のサービスを連携させるための戦略的業務提携に関する基本合意書（MOU）を締結しました。具体的には、リアルタイム口座振替を活用してJPYC EX上でソニー銀行の口座から直接「JPYC」を即時購入できる機能の提供を検討しており、今後はJPYCの発行・償還手続の効率化やエンタテインメントサービスとの連携も進める予定です。
757.0,2026-03-03 00:00:02,ソニー銀行と日本円ステーブルコイン「JPYC」を活用したサービス連携に向けた基本合意書（MOU）を締結 (2026年3月2日掲載) - ライブドアニュース,https://news.livedoor.com/pr_topics/detail/30681157/,news.livedoor.com,提携・連携、活用事例,0.0,ソニー銀行、BlockBloom株式会社、JPYC EX,95.0,EVT-20260302-01,2026-03-02,done,ソニー銀行とJPYC株式会社は、日本円ステーブルコイン「JPYC」とソニー銀行のサービスをシームレスに連携させるため、戦略的業務提携に関する基本合意書を締結しました。具体的には、リアルタイム口座振替を活用してJPYC EX上でソニー銀行の口座預金から直接「JPYC」を即時購入できる機能の提供を検討するほか、JPYCの発行・償還手続の効率化やエンタテインメントIP・web3サービスとの連携を段階的に進めていく予定です。
760.0,2026-03-03 01:09:26,ソニー銀行口座でJPYCが即時購入可能に──日本円ステーブルコインが大手銀行と初提携 - JinaCoin,https://jinacoin.ne.jp/jpyc-sony-bank-20260302/,jinacoin.ne.jp,提携・連携、活用事例,0.0,ソニー銀行、ブロックブルーム、JPYC EX,95.0,EVT-20260302-01,2026-03-02,done,JPYC株式会社とソニー銀行株式会社は日本円ステーブルコイン「JPYC」の普及に向けた戦略的業務提携を締結し、ソニー銀行の預金口座とJPYC EXを直結することで、ユーザーがアプリ上から1クリックでJPYCを即時購入できるようにする予定である。また、手続きの簡略化や自動積立などのサービス、ソニーグループのエンタメIPとの組み合わせによるコンテンツ購入やファン報酬配布なども協議対象に含まれており、これはJPYCにとって国内大手金融機関との初の本格的な連携事例となる。
761.0,2026-03-03 09:40:43,JPYC、LINEアプリ上で提供予定のWeb3ウォレットに採用 1億ユーザー基盤でデジタル円の実用化が加速 - PlusWeb3,https://plus-web3.com/media/latestnews_1000_7926/,plus-web3.com,取扱い・対応、提携・連携、解説・論説,1.0,LINE NEXT、Unifi、Kaia,95.0,EVT-20260226-01,2026-02-26,done,JPYC株式会社は、LINEヤフーグループのLINE NEXTが提供予定のWeb3ウォレット「Unifi」に日本円ステーブルコインJPYCが採用されると発表した。LINEアプリ上で追加アプリのインストールなしにウォレット開設が可能となり、国内1億人超のLINEユーザー基盤を背景に、デジタル円の実用化が加速する見通しである。
762.0,2026-03-03 10:27:28,ソニー銀行とJPYC、リアルタイム円建てステーブルコイン購入促進に向けた提携を締結 - nextmoney.jp,https://nextmoney.jp/?p=82775,nextmoney.jp,提携・連携、実証実験,0.0,ソニー銀行、BlockBloom、JPYC EXプラットフォーム,85.0,EVT-20260302-01,2026-03-02,done,ソニー銀行とJPYC株式会社は、円建てステーバルコインJPYCをソニー銀行の預金インフラに直接接続する検討を目的とした覚書を締結した。2025年10月のJPYC発行開始を受け、両社はリアルタイム口座振替によってソニー銀行の口座から即座にJPYCを購入できる仕組みの実現を焦点としており、将来的にはエンターテインメント関連サービスとの連携も検討している。
763.0,2026-03-03 11:25:16,ソニー銀行とJPYC提携、銀行口座からステーブルコイン直購入 - Cryptonews,https://cryptonews.com/jp/news/sony-bank-jpyc-stablecoin-partnership/,cryptonews.com,提携・連携、取扱い・対応,0.0,ソニー銀行、BlockBloom、JPYC EXプラットフォーム,95.0,EVT-20260302-01,2026-03-02,done,ソニー銀行はJPYC株式会社と戦略的業務提携契約を締結し、JPYC EXプラットフォームにおけるリアルタイム口座振替機能の導入により、顧客が銀行口座から直接日本円ステーブルコインJPYCを購入できるようにする。ソニー銀行の子会社BlockBloomが中心となり、金融とWeb3のシームレスな統合を目指すとともに、ソニーグループのコンテンツを活用したユースケースの開拓も進める。
764.0,2026-03-03 11:43:56,Secured Finance、ステーブルコインJPYCの自動運用を提供 - Coinspeaker,https://www.coinspeaker.com/jp/secured-finance-sf-yield-vault/,coinspeaker.com,活用事例、提携・連携,0.0,Secured Finance AG、SF Yield Vault、JPYC Vault、Yearn Finance,85.0,EVT-20260302-03,2026-03-02,done,Secured Finance AGは、ステーブルコインの自動運用プラットフォーム「SF Yield Vault」をローンチし、最初の製品として「JPYC Vault」をイーサリアムメインネット上で提供開始した。ユーザーはJPYCを預け入れることで「yvJPYC」トークンを受け取り、スマートコントラクトに従って自動的にレンディングが実行される仕組みである。今後は他のステーバルコインやマルチチェーン展開、現実資産（RWA）を組み込んだ戦略の実装を予定している。
765.0,2026-03-03 12:18:38,日本免税とJPYC、ステーブルコイン活用の免税還付モデル構築で提携 - CoinPost,https://coinpost.jp/?p=692204,coinpost.jp,提携・連携、活用事例、実証実験,0.0,日本免税、リファンド方式、JESTA、ブロックチェーン,95.0,EVT-20260303-01,2026-03-03,done,JPYC株式会社と株式会社日本免税は、2026年11月に予定されている免税制度のリファンド方式移行に向け、日本円ステーブルコイン「JPYC」を活用した免税還付モデルの構築で業務提携に合意した。ブロックチェーン技術を活用することで、情報漏洩リスクの排除、税関承認後の即座着金、銀行口座を持たない旅行者への対応などの課題解決を実現する。
766.0,2026-03-03 15:10:00,日本免税とJPYCが共同で構築する新しい消費税還付モデルの全貌 - ニュースメディアVOIX,https://voix.jp/money/card/29496/,voix.jp,提携・連携、活用事例,0.0,日本免税、JPYC株式会社、免税制度改正、ブロックチェーン,95.0,EVT-20260303-01,2026-03-03,done,株式会社日本免税とJPYC株式会社は、2026年11月からの免税制度改正に対応するため、ステーブルコイン「JPYC」を活用した新たな消費税還付モデルの構築に合意しました。本モデルは店舗での金融情報取得をゼロにして情報漏洩リスクを排除し、税関承認データと連動してブロックチェーンを通じた即時還付を実現するとともに、銀行口座を持たない旅行者もweb3ウォレットで還付金を受け取ることが可能になります。
767.0,2026-03-03 16:49:33,JPYC、2026年の新免税制度で提携｜ステーブルコインで即時還付へ - crypto-times.jp,https://crypto-times.jp/news-jpyc-and-japan-duty-free-enter-into-business-partnership/,crypto-times.jp,活用事例、提携・連携,0.0,日本免税株式会社、Web3ウォレット、日本版ESTA,95.0,EVT-20260303-01,2026-03-03,done,JPYC株式会社と日本免税株式会社は、2026年11月の日本の免税制度リファンド方式移行に向けて業務提携に合意しました。日本円建ステーブルコイン「JPYC」を還付手段として活用することで、店頭での金融情報取得を不要にし、税関承認後の即時着金を実現するとともに、マネーロンダリング防止と旅行者の利便性向上を図ります。
769.0,2026-03-03 17:00:00,日本免税 × JPYC：2026年「免税リファンド新制度」に向け、日本円ステーブルコインを活用した次世代の免税還付モデルを構築 - PR TIMES,https://prtimes.jp/main/html/rd/p/000000310.000054018.html,prtimes.jp,提携・連携、活用事例,0.0,日本免税、免税リファンド制度、観光庁,95.0,EVT-20260303-01,2026-03-03,done,JPYC株式会社と株式会社日本免税は、2026年11月に予定されている日本の免税制度のリファンド方式移行に向け、日本円ステーブルコイン「JPYC」を活用した免税還付モデルの構築を目的とする業務提携に合意した。JPYCを活用することで、店頭での金融情報取得の廃止、即時送金、完全なトレーサビリティの実現など、従来のクレジットカード返金や海外送金の課題を解決し、インバウンド旅行者に対して確実で安全な還付を実現する。
768.0,2026-03-03 17:00:00,ソニー銀行、口座預金でステーブルコイン「JPYC」直接購入の対応へ（あたらしい経済） - Yahoo!ニュース,https://news.yahoo.co.jp/articles/a224fc7347378e58a2d50186d0a5905a8c7c4636,news.yahoo.co.jp,提携・連携、取扱い・対応,0.0,ソニー銀行、JPYC社、BlockBloom、JPYC EX,85.0,EVT-20260302-01,2026-03-02,done,ソニー銀行がJPYC社との戦略的業務提携を3月2日に発表し、ソニー銀行の口座預金からJPYC EX上で直接「JPYC」を即時購入できる機能の提供を検討する。リアルタイム口座振替を活用することで振込手続は不要となり、複数回自動入金などのサービスも視野に入れて検討されている。
771.0,2026-03-03 17:00:00,2026年免税制度改正に対応 日本免税 × JPYC日本初、ステーブルコインによる消費税還付モデルを構築 - PR TIMES,https://prtimes.jp/main/html/rd/p/000000003.000151022.html,prtimes.jp,提携・連携、活用事例、実証実験,0.0,日本免税、日本版ESTA（JESTA）、リファンド方式,95.0,EVT-20260303-01,2026-03-03,done,日本免税とJPYC株式会社は、2026年11月の免税制度リファンド方式移行に対応するため、日本円建てステーブルコイン「JPYC」を消費税還付手段として活用する新たなモデルの構築に合意しました。本取り組みは、既存のクレジットカード返金に伴う個人情報漏洩リスクや返金遅延といった課題を解決し、訪日旅行者が安全・迅速に還付を受け取れる仕組みを実現するものです。
770.0,2026-03-03 17:00:00,大和ハウスグループグロースファンド、日本円連動ステーブルコインを発行する JPYC に出資 - PR TIMES,https://prtimes.jp/main/html/rd/p/000000068.000097774.html,prtimes.jp,発行・資金、提携・連携,0.0,大和ハウスベンチャーズ、イグニション・ポイント ベンチャーパートナーズ、大和ハウスグループグロースファンド,85.0,EVT-20260303-02,2026-03-03,done,大和ハウスグループグロースファンドは、日本円連動ステーブルコイン「JPYC」を発行・運営するJPYC株式会社に出資しました。JPYC社は2019年11月設立の国内ステーブルコインのパイオニア企業で、2025年8月に資金移動業者登録を完了し、不動産取引のデジタル化やスマートシティの金融インフラ構築を推進しています。
772.0,2026-03-03 18:00:29,【前編】スタートアップが「お金」を変える。JPYCがステーブルコインの認可を最初に受けられた理由 - 三菱地所,https://xtech.mec.co.jp/articles/12026,xtech.mec.co.jp,解説・論説、制度・規制,1.0,JPYC株式会社、岡部典孝、FINOLAB、金融庁,85.0,,,done,JPYC社は2019年設立のスタートアップでありながら、日本円と1：1で連動するステーブルコインJPYCを発行する資金移動業者として2025年に登録を実現した。ステーブルコインは「誰でも持てて使える」オープン性とプログラマビリティが特徴で、デジタル化されたお金として決済・送金の効率化や国際取引の円滑化を可能にする。JPYC社が早期から本格的に取り組み、金融庁との連携により制度整備前から実績を積み重ねることで、国内初の日本円ステーブルコイン認可を実現した。
773.0,2026-03-03 18:00:41,【後編】スタートアップが「お金」を変える。JPYCがステーブルコインの認可を最初に受けられた理由 - 三菱地所,https://xtech.mec.co.jp/articles/12038,xtech.mec.co.jp,解説・論説、発行・資金、制度・規制、競合・市場環境,1.0,JPYC株式会社、岡部典孝、FINOLAB、金融庁,85.0,,,done,JPYC株式会社は2019年11月設立のスタートアップでありながら、2025年に国内初の資金移動業者登録を実現し、日本円と1：1で連動するステーブルコイン発行事業を展開している。同社は金利上昇による将来的な収益性と先行者優位、限定的な競争環境を投資家に説得し、セキュリティを最重要視して事業を推進してきた。今後3年が普及の勝負時期であり、この期間での市場規模拡大が5年以降の成長を大きく左右するとしている。
774.0,2026-03-03 18:41:40,JPYCが17.8億円調達へ 日本円ステーブルコインが実需拡大で決済基盤に前進 - plus-web3.com,https://plus-web3.com/media/latestnews_1000_7928/,plus-web3.com,発行・資金、制度・規制、市場・統計、解説・論説,1.0,アステリア株式会社、JR西日本イノベーションズ、bitFlyer Holdings、HEROZ,95.0,EVT-20260227-01,2026-02-27,done,JPYC株式会社はシリーズBラウンドで17.8億円を調達し、資金移動業型ステーブルコインの基盤強化を進める。2026年2月16日時点で累計発行額は13億円を突破し、Ethereum、Polygon、Avalancheの3チェーンに対応して、DeFiやエンターテインメント領域での決済基盤として実装を拡大している。
775.0,2026-03-03 19:05:28,日本免税とJPYC、ステーブルコイン活用の免税還付モデル構築で提携 - Iolite（アイオライト）,https://iolite.net/news/coinpost-692204,iolite.net,提携・連携、活用事例,0.0,日本免税、JESTA、リファンド方式,95.0,EVT-20260303-01,2026-03-03,done,JPYC株式会社と株式会社日本免税は、2026年11月に移行する日本の免税制度「リファンド方式」に対応するため、日本円ステーブルコイン「JPYC」を活用した免税還付モデルの構築で業務提携に合意した。本提携により、店舗での金融情報取得をゼロにする、ブロックチェーンを通じた即時還付、完全なトレーサビリティの実現など、従来のクレジットカード返金や海外送金の課題を解決する。
776.0,2026-03-03 20:43:00,Secured Finance、JPYCを預けるだけで自動運用できる「SF Yield Vault」を公開(CoinPost) - Yahoo!ファイナンス,https://finance.yahoo.co.jp/news/detail/64d7c5502ad7096f56aaeb2ea4bac0a6368fc834,finance.yahoo.co.jp,活用事例、提携・連携,0.0,Secured Finance AG、SF Yield Vault、Yearn Finance,75.0,EVT-20260302-03,2026-03-02,done,Secured Finance AGがステーブルコインの自動運用プラットフォーム「SF Yield Vault」をローンチし、最初の製品として「JPYC Vault」をイーサリアムメインネット上で提供開始した。ユーザーはJPYCを預けるだけで「yvJPYC」トークンを受け取り、手動操作なしで自動的にレンディングが実行され利回りが生成される。今後は他のステーバルコイン対応やマルチチェーン展開、現実資産を組み込んだ戦略の実装を予定している。
777.0,2026-03-04 00:00:00,ソニー銀行とJPYC、エンタメIP×ステーブルコイン活用で提携。音楽・ゲーム等のコンテンツ決済やファン特典への導入を検討 - Brand New Creativity,https://branc.jp/article/2026/03/04/2475.html,branc.jp,提携・連携、活用事例,0.0,ソニー銀行、BlockBloom株式会社、エンタメIP,85.0,EVT-20260302-01,2026-03-02,done,JPYC株式会社とソニー銀行株式会社は、日本円ステーブルコイン「JPYC」と銀行サービスの連携に向けた基本合意書を締結した。ソニー銀行のWeb3関連事業子会社であるBlockBloom株式会社が中心となり、銀行口座とステーブルコイン基盤を接続し、決済手段の利便性向上およびエンタテインメント領域での活用を目指す。
778.0,2026-03-04 00:41:32,ソニー銀行、JPYCと業務提携　円建てステーブルコイン活用へ - Bitget,https://www.bitget.com/ja/news/detail/12560605230467,bitget.com,提携・連携、活用事例,0.0,ソニー銀行、BlockBloom、JPYC EX,95.0,EVT-20260302-01,2026-03-02,done,ソニー銀行はフィンテック企業JPYCと2026年3月2日に業務提携の基本合意書を締結し、円建てステーブルコイン「JPYC」を活用したサービス連携を目指します。ソニー銀行口座からリアルタイムでJPYCを購入できる仕組みの導入を検討しており、音楽やゲームなどエンターテインメント領域での活用を構想しています。
779.0,2026-03-04 02:43:15,大和ハウスグループがJPYC社に出資し日本円連動ステーブルコインの発展を支援する - ニュースメディアVOIX,https://voix.jp/money/cryptocurrency/29504/,voix.jp,発行・資金、提携・連携,0.0,大和ハウスグループグロースファンド、イグニション・ポイント ベンチャーパートナーズ、岡部典孝,92.0,EVT-20260303-02,2026-03-03,done,大和ハウスグループグロースファンドが、日本円連動ステーブルコイン「JPYC」を発行・運営するJPYC株式会社に出資した。JPYC社は2019年11月設立で、不動産業界の決済フロー簡素化やスマートシティのデジタル地域通貨基盤となることへの期待から、両社は社会課題解決と持続可能な都市の発展に向けて共創を進める。
780.0,2026-03-04 13:44:35,【イベントレポート】JPYC社 資金移動業者登録から半年。岡部典孝氏が語る、ステーブルコインの現在地と展望は？ - Asteria Corporation,https://www.asteria.com/jp/inlive/social/8094/,asteria.com,実証実験、活用事例、提携・連携、制度・規制,0.0,JPYC株式会社、アステリア、岡部典孝、JPYCゲートウェイ,85.0,EVT-20260227-03,2026-02-27,done,JPYC株式会社は2025年8月に資金移動業者登録を取得した日本初の日本円建ステーブルコインJPYCについて、2026年2月17日にアステリア社と共同で「ステーブルコインフォーラム」を開催しました。発行開始から約3ヶ月時点で口座開設者1万3000人、JPYCホルダー8万2000人、総発行量12.8億円を達成し、LINE NEXTやBリーグなど多くの企業との協業が進んでいます。アステリアは「JPYCゲートウェイ」の提供により、ステーブルコインを企業システムと接続可能にし、AI経済時代における決済インフラの整備を推進しています。
781.0,2026-03-05 10:56:45,訪日客の免税還付がWeb3化へ JPYCと日本免税、ステーブルコインで新モデル構築 - plus-web3.com,https://plus-web3.com/media/latestnews_1000_7988/,plus-web3.com,活用事例、提携・連携,0.0,日本免税株式会社、Web3ウォレット、リファンド方式,95.0,EVT-20260303-01,2026-03-03,done,JPYC株式会社と日本免税株式会社は、2026年11月から「リファンド方式」に移行する日本の免税制度に対応するため、日本円ステーブルコイン「JPYC」を活用した新たな免税還付モデルの構築に向けて業務提携した。本モデルでは、利用者がWeb3ウォレットを指定するだけで還付金を受け取れるようになり、店舗側の個人情報管理負担を軽減し、ブロックチェーン上での高速な国境を越えた還付を実現する。
782.0,2026-03-05 18:21:26,Sony BankとJPYCが戦略提携─銀行口座から直接ステーブルコイン購入、エンタメ決済へ - innovaTopia,https://innovatopia.jp/tech-economy/tech-economynews/81896/,innovatopia.jp,提携・連携、活用事例、解説・論説,1.0,Sony Bank、BlockBloom、Asteria Corporation,95.0,EVT-20260302-01,2026-03-02,done,JPYC社はSony Bankおよびその子会社BlockBloomと戦略的業務提携の基本合意を締結し、Sony Bank口座から直接JPYCを購入できるリアルタイム口座振替機能の導入を検討している。また、音楽やゲームなどのエンターテインメントIPと連携し、デジタルコンテンツ購入やファン向け特典の決済基盤として活用する構想を目指しており、銀行預金と暗号資産決済の融合を実現する取り組みである。
783.0,2026-03-09 16:00:00,LINE NEXT、ステーブルコインウォレット「Unifi」をローンチ──年率最大8%のリワード（NADA NEWS） - Yahoo!ニュース,https://news.yahoo.co.jp/articles/d604f26a253778409ed60de929dccaa9504fcbde,news.yahoo.co.jp,取扱い・対応、提携・連携,0.0,LINE NEXT、Unifi、JPYC社,75.0,EVT-20260226-01,2026-02-26,done,LINE NEXTはステーブルコインプラットフォーム「Unifi」をグローバルに正式ローンチし、LINEアプリ上でUSDTとJPYCの預け入れ・保管・決済・送金が可能となった。ユーザーは年率4～5%の基本利息に加え、ローンチ期間中は最大8%のリワードを獲得でき、24時間365日の入出金や現金化機能にも対応している。
784.0,2026-03-10 19:03:05,日本円ステーブルコイン「JPYC」、流通額1000万円減少もインフラ整備は加速 - crypto-times.jp,https://crypto-times.jp/news-jpycs-circulation-declines-by-10-million-yen-but-infrastructure-development-accelerates/,crypto-times.jp,市場・統計、取扱い・対応,0.0,LINE NEXT、Unifi、Dune,65.0,EVT-20260226-01,2026-02-26,done,日本円ステーブルコインJPYCの総流通量は3月10日時点で4億7000万円となり、2月21日の4億8000万円から約1000万円減少しました。一方、JPYC株式会社はLINE NEXTの新しいWeb3ウォレット「Unifi」への正式採用を決定するなど、インフラ整備は加速しており、今後のマスアダプション進展に期待が寄せられています。
785.0,2026-03-11 09:13:27,LINE NEXTとJPYC株式会社、LINEアプリ上でのWeb3ウォレット「Unifi」にJPYC採用を正式決定 - NFT-TIMES,https://nft-times.jp/blockchain/134135/,nft-times.jp,取扱い・対応、提携・連携,0.0,LINE NEXT、Unifi、岡部典孝,95.0,EVT-20260226-01,2026-02-26,done,LINE NEXTとJPYC株式会社は、LINEアプリ内で近日リリース予定のWeb3ウォレット「Unifi」に日本円ステーブルコイン「JPYC」の採用を正式に決定しました。「Unifi」はLINEアカウントのみで利用できるノンカストディアルウォレットで、複雑な設定を排除し、ユーザーがLINEアプリ内でウォレット開設から決済、リワード受け取りまでをシームレスに利用できる環境を実現します。
786.0,2026-03-11 19:38:25,自民党、AI×ブロックチェーンの新PT設立へ｜JPYCが鍵となるか - crypto-times.jp,https://crypto-times.jp/news-ldp-to-establish-new-working-group-on-ai-and-blockchain-will-jpyc-be-the-key/,crypto-times.jp,解説・論説、競合・市場環境,1.0,自由民主党、平将明議員、岡部典孝,65.0,EVT-20260311-01,2026-03-11,done,自由民主党の平将明議員がAIとブロックチェーン技術を組み合わせた自律型金融の実現を目指す新しいプロジェクトチームを設立すると述べました。日本円ステーブルコインであるJPYCは、ブロックチェーンを活用した低コストで高速な送金手段として注目を集めており、飲食店での決済やタッチ決済など日常生活での導入が進んでいます。JPYC代表取締役の岡部典孝氏は、将来的にAIエージェントが人間の100万倍の決済を行うようになると予測し、その膨大な決済需要を支える基盤としてステーブルコインが不可欠であるという見解を示しています。
787.0,2026-03-12 00:00:00,メタプラネット、JPYCに最大4億円投資──日米に子会社を設立 - JinaCoin,https://jinacoin.ne.jp/metaplanet-jpyc-20260312/,jinacoin.ne.jp,発行・資金、提携・連携,0.0,メタプラネット、JPYC株式会社、メタプラネット・ベンチャーズ,75.0,EVT-20260312-01,2026-03-12,done,ビットコイントレジャリー企業メタプラネットは、日本に「メタプラネット・ベンチャーズ」、米国に「Metaplanet Asset Management」の2つの完全子会社を設立することを発表した。日本国内ではビットコイン関連の金融インフラ投資企業として今後2〜3年で総額40億円を投資し、初の投資案件としてJPYC株式会社のシリーズB資金調達ラウンドに最大4億円を投資する基本合意書を締結した。
788.0,2026-03-12 11:25:50,メタプラネット、国内外に完全子会社2社設立 JPYC株式会社へ最大4億円出資も - CoinPost,https://coinpost.jp/?p=694102,coinpost.jp,提携・連携、発行・資金,0.0,メタプラネット、JPYC株式会社、メタプラネット・ベンチャーズ、Metaplanet Asset Management Inc.,85.0,EVT-20260312-01,2026-03-12,done,メタプラネットは国内に「株式会社メタプラネット・ベンチャーズ」、米国フロリダ州マイアミに「Metaplanet Asset Management Inc.」の完全子会社2社を設立することを決議した。国内子会社は今後数年で40億円をビットコイン関連企業に投資し、JPYC株式会社に最大4億円を出資する基本合意書を締結した。米国子会社はアジアと欧米の資本市場を結ぶデジタルクレジットおよびビットコイン資本市場のプラットフォームとして機能する。
789.0,2026-03-12 11:47:41,メタプラネットがJPYC社に4億円出資へ、完全子会社2社設立も - あたらしい経済,https://www.neweconomy.jp/posts/555681,neweconomy.jp,提携・連携、発行・資金,0.0,メタプラネット、メタプラネット・ベンチャーズ、JPYC社,85.0,EVT-20260312-01,2026-03-12,done,メタプラネットは3月12日に完全子会社メタプラネット・ベンチャーズ（国内）とメタプラネット・アセット・マネジメント（米国）の設立を発表し、メタプラネット・ベンチャーズの初の投資案件としてJPYC社に最大4億円を出資予定である。メタプラネット・ベンチャーズは、ビットコインエコシステムへの投資を目的に2～3年で総額40億円を投資し、ベンチャー投資、インキュベータープログラム、助成金プログラムを展開する予定である。
790.0,2026-03-12 16:00:00,メタプラネット、子会社設立でビットコイン事業強化｜JPYCに最大4億円投資 - CoinPartner,https://coinotaku.com/news/articles/245187,coinotaku.com,発行・資金、提携・連携,0.0,メタプラネット、JPYC株式会社、メタプラネット・ベンチャーズ,85.0,EVT-20260312-01,2026-03-12,done,株式会社メタプラネットは3月12日、日本と米国に完全子会社を設立し、ビットコイン関連事業を強化することを発表しました。日本の子会社「株式会社メタプラネット・ベンチャーズ」を通じて、日本円ステーブルコイン発行体のJPYC株式会社に最大4億円を投資する基本合意書を締結し、今後数年で40億円をビットコイン金融インフラ構築企業に投資していく計画です。
791.0,2026-03-12 16:00:00,メタプラネット、日本円ステーブルコインJPYCに出資 - bitbank,https://bitbank.cc/knowledge/breaking/article/ju7a6vyag0,bitbank.cc,発行・資金、提携・連携,0.0,メタプラネット、メタプラネット・ベンチャーズ、JPYC株式会社,95.0,EVT-20260312-01,2026-03-12,done,メタプラネットは完全子会社メタプラネット・ベンチャーズを通じ、日本円ステーブルコインJPYCを発行するJPYC株式会社のシリーズB資金調達に最大4億円を投資する基本合意書を締結した。デジタル資産市場の拡大に対応し、日本円ステーブルコインによる決済基盤の確保とBTC金融サービスおよび円建てデジタル決済を組み合わせた新たな金融サービス展開を目指す。
792.0,2026-03-12 16:00:00,金券広場で日本円ステーブルコイン「JPYC」決済を追加 〜ビットコイン・イーサリアム・XRPに続く第4の暗号資産決済手段〜 - ドリームニュース,https://www.dreamnews.jp/press/0000343930,dreamnews.jp,活用事例、取扱い・対応,0.0,金券広場、kinken.site,75.0,EVT-20260312-02,2026-03-12,done,金券広場がビットコイン・イーサリアム・XRPに続く第4の決済手段として、日本円ステーブルコイン「JPYC」を追加した。JPYCは1JPYC＝1円の価値を持つため価格変動リスクがなく、2025年10月の改正資金決済法施行により正式に発行が開始された法的に裏付けられたステーブルコインである。
794.0,2026-03-12 16:00:00,メタプラネット、JPYCに最大4億円投資へ──BTCとステーブルコインに対応したウォレットサービスなどを想定（NADA NEWS） - Yahoo!ニュース,https://news.yahoo.co.jp/articles/e259e31422f529fa1077a82185c34ad34ddbc361,news.yahoo.co.jp,提携・連携、発行・資金,0.0,メタプラネット、メタプラネット・ベンチャーズ、JPYC株式会社,95.0,EVT-20260312-01,2026-03-12,done,メタプラネットは、円建てステーブルコイン「JPYC」を発行するJPYC株式会社に対し、最大4億円を投資する方針を明らかにした。ビットコイン取引には決済通貨が必要であり、BTCと円建てステーブルコインに対応した統合ウォレットなどを活用領域として、ビットコインネイティブ金融サービスと日本円建てのデジタル決済を融合させることを構想している。
793.0,2026-03-12 16:00:00,メタプラネット[3350]：株式会社メタプラネット・ベンチャーズを通じたJPYC株式会社への投資に関するお知らせ 2026年3月12日(適時開示) ：日経会社情報DIGITAL - 日本経済新聞,https://www.nikkei.com/nkd/disclosure/tdnr/20260311580017/,nikkei.com,発行・資金、提携・連携,0.0,メタプラネット、メタプラネット・ベンチャーズ,85.0,EVT-20260312-01,2026-03-12,done,メタプラネット[3350]は、2026年3月12日に株式会社メタプラネット・ベンチャーズを通じたJPYC株式会社への投資に関するお知らせを適時開示した。詳細な内容はPDFファイルに記載されている。
795.0,2026-03-12 16:26:12,メタプラネット、JPYCに最大4億円投資へ｜新会社初の案件 - crypto-times.jp,https://crypto-times.jp/mews-metaplanet-to-invest-up-to-400-million-yen-in-jpyc/,crypto-times.jp,発行・資金、提携・連携,0.0,メタプラネット、メタプラネット・ベンチャーズ、JPYC株式会社,95.0,EVT-20260312-01,2026-03-12,done,メタプラネットは設立予定の完全子会社メタプラネット・ベンチャーズを通じて、日本円建てステーブルコイン「JPYC」の発行体であるJPYC株式会社に最大4億円を投資することで基本合意しました。本件はメタプラネット・ベンチャーズにとって初の投資案件であり、改正資金決済法による規制枠組みの整備に伴い、日本でのステーブルコイン市場の成長余地が大きいと判断しての投資です。
796.0,2026-03-12 16:32:23,メタプラネット社が40億円規模の新会社設立｜JPYCへの出資も決定 - crypto-times.jp,https://crypto-times.jp/news-metaplanet-establishes-new-company-with-a-scale-of-4-billion-yen/,crypto-times.jp,発行・資金、提携・連携,0.0,メタプラネット、メタプラネット・ベンチャーズ、Metaplanet Asset Management Inc.,85.0,EVT-20260312-01,2026-03-12,done,株式会社メタプラネットは3月12日、ビットコインエコシステムへの投資を目的とした完全子会社メタプラネット・ベンチャーズを設立し、今後2〜3年で総額40億円を投資する計画を発表しました。第1号投資案件として、日本円建てステーブルコイン「JPYC」を発行するJPYC株式会社に最大4億円を投資することが決定されました。
797.0,2026-03-12 16:56:10,日本円ステーブルコインJPYCは決済の未来を変えるか？堀江貴文氏らが徹底議論 - crypto-times.jp,https://crypto-times.jp/news-will-the-japanese-yen-stablecoin-jpyc-change-the-future-of-payments/,crypto-times.jp,解説・論説,1.0,堀江貴文、HORIE ONE、岡部典孝,45.0,,,done,堀江貴文氏が手掛けるビジネス番組HORIE ONEで、日本発の日本円ステーブルコインJPYCについて、連続起業家の岡部典孝氏とともに、既存決済システムの代替可能性や海外での展開、AI経済圏での活用可能性などが議論された。JPYCはプログラム可能な日本円として、Web3のマスアダプション推進における重要な役割が期待されている。
798.0,2026-03-12 22:41:08,【3/12話題】メタプラの子会社設立とJPYCへの4億円出資予定、マスターカードのクリプト・パートナー・プログラムなど（音声ニュース） - あたらしい経済,https://www.neweconomy.jp/posts/555906,neweconomy.jp,解説・論説,1.0,メタプラネット、マスターカード、リップル,25.0,,,done,本記事は「あたらしい経済」編集部によるWeb3ニュースのポッドキャスト配信を紹介するもので、メタプラネットがJPYC社に4億円出資予定であることやマスターカードのクリプト・パートナー・プログラムの開始など、ブロックチェーン・仮想通貨・フィンテック関連の複数のニュースを取り扱っています。
801.0,2026-03-13 00:00:00,アステリアと暗号屋、JPYC向け会計監査ツール「JPYC Explorer」を共同開発──4月提供開始 - JinaCoin,https://jinacoin.ne.jp/asteria-angouya-jpyc-20260313/,jinacoin.ne.jp,活用事例、提携・連携,0.0,アステリア、暗号屋、JPYC Explorer,85.0,EVT-20260313-01,2026-03-13,done,アステリア株式会社と合同会社暗号屋は、日本円建ステーブルコイン「JPYC」の会計監査を支援するツール「JPYC Explorer」を共同開発し、2026年4月1日より提供を開始する。本ツールは、上場企業や地方公共団体がJPYC導入時に直面するブロックチェーン監査への課題に対応し、自社構築・自社管理型フルノードを通じて取引検証を行える環境を実現する。
799.0,2026-03-13 00:00:00,JPYC岡部氏、「円ステーブルコインが決済を変える」—ホリエモンとの対談で次世代決済の未来を語る - JinaCoin,https://jinacoin.ne.jp/jpyc-okabe-horie-20260313/,jinacoin.ne.jp,解説・論説,1.0,岡部典孝、堀江貴文、ホリエモン,65.0,,,done,JPYC代表取締役の岡部典孝氏は、ニュース番組「HORIE ONE」でホリエモン氏と対談し、日本円連動のステーブルコイン「JPYC」が決済構造を変えていくと展望を述べた。JPYCは常に1JPYC＝1円として扱え、国債や預金運用益を主な収益源とする赤字スタートアップであり、AIエージェントの活用によって普及が加速すると予測している。
800.0,2026-03-13 00:00:00,JPYCの会計監査支援ツール「JPYC Explorer」の提供を開始 〜ブロックチェーン上のステーブルコイン取引を検証するツール〜 - アステリア株式会社,https://jp.asteria.com/news/2026031328233/,jp.asteria.com,活用事例、提携・連携,0.0,アステリア株式会社、合同会社暗号屋、JPYC Explorer,75.0,EVT-20260313-01,2026-03-13,done,アステリア株式会社と合同会社暗号屋は、日本円建ステーブルコインJPYCの会計監査を支援するツール「JPYC Explorer」を共同開発し、2026年4月1日より提供開始することを発表した。本ツールは、監査法人や企業が自社管理のフルノードからブロックチェーン上の取引データを直接取得し、複雑なデータを可視化して監査効率を向上させる。
802.0,2026-03-13 15:26:32,アステリアと暗号屋が共同開発したJPYCの会計監査支援ツール「JPYC Explorer」の提供開始 - ニュースメディアVOIX,https://voix.jp/money/card/29968/,voix.jp,取扱い・対応、提携・連携,0.0,アステリア株式会社、合同会社暗号屋、JPYC Explorer,85.0,EVT-20260313-01,2026-03-13,done,アステリア株式会社と合同会社暗号屋は、日本円建ステーブルコインJPYCの会計監査支援ツール「JPYC Explorer」を共同開発し、2026年4月1日より提供を開始すると発表しました。本ツールにより、企業や地方公共団体がブロックチェーン上の取引実在性を自ら検証でき、外部サービスへの依存を排除して監査の効率化が期待されます。
803.0,2026-03-13 16:00:00,アステリア、ＪＰＹＣ監査支援ツール提供へ、ステーブルコイン活用の基盤整備 - kabu-ir.com,https://kabu-ir.com/article/520192240.html,kabu-ir.com,取扱い・対応、提携・連携,0.0,アステリア、暗号屋、JPYC Explorer,85.0,EVT-20260313-01,2026-03-13,done,アステリアは合同会社暗号屋と共同開発したJPYCの会計監査支援ツール「JPYC Explorer」を2026年4月1日から提供開始する。本ツールはブロックチェーン上のJPYC取引を監査法人や企業が直接検証でき、複雑なブロックチェーンデータを可視化して監査効率の向上を支援する。基本料金は月額50万円からで、JPYCとUSDAに対応し、複数のブロックチェーン上で利用可能である。
804.0,2026-03-14 01:00:00,アステリア[3853]：JPYCの会計監査支援ツール「JPYC Explorer」の提供を開始 2026年3月13日(適時開示) ：日経会社情報DIGITAL - 日本経済新聞,https://www.nikkei.com/nkd/disclosure/tdnr/20260313581128/,nikkei.com,取扱い・対応,0.0,アステリア、JPYC Explorer,85.0,EVT-20260313-01,2026-03-13,done,アステリア[3853]がJPYCの会計監査支援ツール「JPYC Explorer」の提供を2026年3月13日に開始することを発表した。
805.0,2026-03-14 01:00:00,JPYC向け会計監査ツール「JPYC Explorer」提供開始 アステリアと暗号屋が共同開発 - CoinPost,https://coinpost.jp/?p=694597,coinpost.jp,活用事例、提携・連携,0.0,アステリア株式会社、合同会社暗号屋、JPYC Explorer,95.0,EVT-20260313-01,2026-03-13,done,アステリア株式会社と合同会社暗号屋は、日本円ステーブルコインJPYC向けの会計監査支援ツール「JPYC Explorer」を共同開発し、2026年4月1日より提供開始すると発表した。本ツールは監査法人や企業が自社管理型フルノードを用いてブロックチェーン上の取引の実在性を自ら検証できるもので、アバランチ、イーサリアム、ポリゴンの3チェーンに対応する。
806.0,2026-03-14 01:00:00,アステリア、暗号屋とJPYCの会計監査支援ツール「JPYC Explorer」を共同開発し提供開始 - 日本経済新聞,https://www.nikkei.com/article/DGXZRSP704375_T10C26A3000000/,nikkei.com,取扱い・対応、提携・連携,0.0,アステリア、合同会社暗号屋、JPYC Explorer,85.0,EVT-20260313-01,2026-03-13,done,アステリア株式会社と合同会社暗号屋は、日本円建ステーブルコインJPYCの会計監査を支援するツール「JPYC Explorer」を共同開発し、2026年4月1日より提供開始することを発表しました。本ツールは監査法人や企業が自社管理型フルノードを保有してブロックチェーン上の取引を検証でき、複雑なデータを可視化して監査効率を向上させます。基本料金は月額50万円からで、対応ステーブルコインはJPYCとUSDC、対応ブロックチェーンはAvalanche、Ethereum、Polygonです。
807.0,2026-03-15 10:59:45,【今週のメタプラネットまとめ】株主優待を拡充へ。新会社設立でJPYCに4億円投資 - crypto-times.jp,https://crypto-times.jp/news-this-weeks-metaplanet-summary-shareholder-benefits-and-a-400-million-yen-investment-in-jpyc/,crypto-times.jp,提携・連携、発行・資金,0.0,メタプラネット、JPYC株式会社、メタプラネット・ベンチャーズ,85.0,EVT-20260312-01,2026-03-12,done,株式会社メタプラネットは3月12日、株主優待プログラムを4段階のティアプログラムに拡充することを決定し、同時にビットコインエコシステムへの戦略的投資を目的とした完全子会社メタプラネット・ベンチャーズを設立して今後2〜3年で40億円の投資計画を発表しました。さらに、同子会社を通じて日本円建てステーブルコイン「JPYC」の発行体であるJPYC株式会社に最大4億円の投資を行う基本合意書を締結しています。
808.0,2026-03-15 15:07:35,【今週のJPYCまとめ】堀江貴文氏らが徹底議論。会計監査支援ツールが登場 - crypto-times.jp,https://crypto-times.jp/news-this-weeks-jpyc-summary-mr-horie-and-others-engage-in-thorough-discussion-an-accounting-audit-support-tool-is-introduced/,crypto-times.jp,市場・統計、解説・論説,1.0,堀江貴文氏、岡部典孝氏、アステリア株式会社、暗号屋,75.0,EVT-20260313-01,2026-03-13,done,JPYCを巡る今週の動きとしては、堀江貴文氏との対談による認知拡大や、アステリア株式会社による会計監査支援ツール「JPYC Explorer」の開発といったエコシステム強化が進む一方で、総流通量が4億8000万円から4億7000万円へと約1000万円減少し、ホルダーの保有規模が縮小している。
809.0,2026-03-16 12:02:01,JPYC向けの会計監査支援、アステリアと暗号屋が新ツール提供 - Coinspeaker,https://www.coinspeaker.com/jp/jpyc-explorer-audit-tool-release/,coinspeaker.com,活用事例、提携・連携,0.0,アステリア、暗号屋、JPYC Explorer,85.0,EVT-20260313-01,2026-03-13,done,アステリア株式会社と合同会社暗号屋は、日本円ステーブルコインJPYC向けの会計監査支援ツール「JPYC Explorer」を2026年4月1日から提供開始する。本ツールは企業が独自に管理するフルノードを通じてブロックチェーン上の取引を検証でき、企業の内部統制下で監査業務の効率化を実現する。
810.0,2026-03-16 16:00:00,ステーブルコインの拡大が示すオンチェーン金融の進化──世界で進む採用と日本のJPYC【エックスウィンリサーチ】 - Yahoo!ニュース,https://news.yahoo.co.jp/articles/f6a3c38169ff1f00be6bc4c69523a676c33592ab,news.yahoo.co.jp,市場・統計、解説・論説、競合・市場環境,1.0,CryptoQuant、USDT、USDC,65.0,EVT-20260316-01,2026-03-16,done,ステーブルコインのアクティブアドレスは急増し、暗号資産市場の基盤インフラとして拡大している。新興国ではインフレヘッジや送金に、先進国では市場流動性や投資資金として利用されており、各国で異なる用途を持つ。日本では2023年の資金決済法改正により、円建てステーブルコインJPYCが登場し、国内デジタル金融インフラの新しい可能性として注目されている。
811.0,2026-03-16 16:00:00,HEROZ（4382）、JPYC社との業務・資本提携を締結 「ステーブルコイン×AI」の新領域を開拓し、事業基盤構築を目指す - ログミーFinance,https://finance.logmi.jp/articles/384032,finance.logmi.jp,提携・連携,0.0,HEROZ、JPYC社,45.0,EVT-20260316-02,2026-03-16,done,"HEROZ（4382）は2026年4月期第3四半期決算で売上高46億8,700万円（前年同期比7.8%増）、営業利益3億5,800万円（同126.4%増）の増収増益を達成しました。また、JPYC社との業務・資本提携を締結し、AI実装ノウハウをステーブルコイン事業に組み込んで「ステーブルコイン×AI」という新たな事業領域の基盤構築を目指します。"
812.0,2026-03-16 20:13:16,JPYC株式会社がマツモトと提携、DAT構想で新たな価値創出へ - crypto-times.jp,https://crypto-times.jp/news-jpyc-corporation-partners-with-matsumoto/,crypto-times.jp,提携・連携、実証実験,0.0,JPYC株式会社、株式会社マツモト、DAT構想,85.0,EVT-20260316-03,2026-03-16,done,JPYC株式会社と株式会社マツモトは、デジタル技術やトークンを活用した新たな価値循環の創出を目指すDAT構想について基本合意を締結しました。両社は教育、地域、コミュニティ分野における社会実装に向けた実証実験を進め、JPYCを用いたデジタルエコシステムの構築を目指します。
813.0,2026-03-17 01:00:00,マツモト - 日本経済新聞,https://www.nikkei.com/nkd/disclosure/tdnr/20260316582697/,nikkei.com,提携・連携、実証実験,0.0,マツモト、JPYC株式会社、DAT構想,85.0,EVT-20260316-03,2026-03-16,done,マツモト[7901]は、日本円ステーブルコイン「JPYC」を手掛けるJPYC株式会社と新DAT構想におけるステーブルコインの実証実験に向けた基本合意書（MOU）を締結した。
814.0,2026-03-17 01:00:00,ステーブルコインの拡大が示すオンチェーン金融の進化──世界で進む採用と日本のJPYC【エックスウィンリサーチ】 - Yahoo!ファイナンス,https://finance.yahoo.co.jp/news/detail/f6a3c38169ff1f00be6bc4c69523a676c33592ab,finance.yahoo.co.jp,解説・論説、市場・統計、競合・市場環境,1.0,CryptoQuant、USDT、USDC,75.0,EVT-20260316-01,2026-03-16,done,ステーブルコインのアクティブアドレス数と市場規模が急速に拡大し、暗号資産市場の基盤インフラとして進化している。新興国ではインフレヘッジや送金、先進国では市場流動性として用途が異なる中で、日本では2023年の資金決済法改正により円建てステーブルコインのJPYCが登場し、国内デジタル金融の新たな可能性として注目されている。
815.0,2026-03-17 10:50:53,マツモトが続急伸、ＪＰＹＣとステーブルコイン活用の社会実験目指しＭＯＵ締結 - かぶたん,https://kabutan.jp/news/marketnews/?b=n202603170414,kabutan.jp,提携・連携、活用事例,0.0,マツモト、JPYC、DAT構想,75.0,EVT-20260316-03,2026-03-16,done,マツモト<7901>は日本円ステーブルコイン「JPYC」を手掛けるJPYC（東京都千代田区）と、ステーブルコインを活用した社会実験及び事業化の可能性について協議を進めることを目指した基本合意書（MOU）を締結した。この発表を手掛かりに買いが入り株価が上昇しており、同社はMOUに基づいて社会実験の実施検討及びDAT構想の事業化やサービス展開の可能性について協議を行う予定である。
818.0,2026-03-17 16:00:00,マツモトとJPYC、新DAT構想におけるステーブルコインの実証実験へ（あたらしい経済） - Yahoo!ニュース,https://news.yahoo.co.jp/articles/c9caae4d65191d7adb7e72eeda46b6f6843672b7,news.yahoo.co.jp,提携・連携、実証実験,0.0,マツモト、JPYC社、DAT構想,85.0,EVT-20260316-03,2026-03-16,done,マツモトとJPYC社がMOUを締結し、JPYC発行のステーブルコインを活用したDAT（デジタルアセットトレジャリー）構想の実現に向けた社会実験に取り組むことを発表した。両社は教育・地域・コミュニティ等の分野において新たな価値循環の創出を目指し、ステーブルコインのインセンティブ設計およびDAT構想の事業化可能性について協議を進める。
817.0,2026-03-17 16:00:00,アステリア、JPYC向け会計監査支援ツール提供へ（あたらしい経済） - Yahoo!ニュース,https://news.yahoo.co.jp/articles/8af7e6dd10aa4bf0313d325cb81cc022f567952b,news.yahoo.co.jp,提携・連携、取扱い・対応,0.0,アステリア、暗号屋、JPYC Explorer,85.0,EVT-20260313-01,2026-03-13,done,アステリアは暗号屋と共同開発した「JPYCエクスプローラー」を4月1日に提供開始する。本ツールは上場企業や地方公共団体がJPYCを利用する際に必要な会計監査対応を支援し、導入企業が自社でブロックチェーン上の取引検証を管理できるようにする。基本料金は月額50万円からで、対応ステーブルコインはJPYCとUSDC、対応ブロックチェーンはAvalanche、Ethereum、Polygonとなっている。
816.0,2026-03-17 16:00:00,マツモトが続急伸、ＪＰＹＣとステーブルコイン活用の社会実験目指しＭＯＵ締結 - ライブドアニュース,https://news.livedoor.com/article/detail/30782151/?from_page=internal,news.livedoor.com,提携・連携、活用事例,0.0,マツモト、JPYC、DAT構想,85.0,EVT-20260316-03,2026-03-16,done,マツモトは日本円ステーブルコイン「JPYC」を手掛けるJPYCと基本合意書を締結し、ステーブルコイン活用の社会実験及び事業化の可能性について協議を進めることを発表した。同社は「DAT構想」の推進に注力し、MOU に基づいて社会実験の実施と事業化の可能性について検討を進める。
819.0,2026-03-17 18:07:00,マツモト－買い気配 ＪＰＹＣとステーブルコインの実証実験に向けた基本合意書を締結(トレーダーズ・ウェブ) - Yahoo!ファイナンス,https://finance.yahoo.co.jp/news/detail/eed891515f08a4e0ba8f0c13581eabb27ffdb096,finance.yahoo.co.jp,提携・連携、実証実験,0.0,マツモト、DAT構想,85.0,EVT-20260316-03,2026-03-16,done,マツモト<7901>は、JPYC（東京都千代田区）と基本合意書を締結し、同社が推進する「DAT構想」においてステーブルコインを活用した社会実験および事業化の可能性について協議を進めることを発表した。
822.0,2026-03-18 01:00:00,暗号屋、アステリア株式会社との協業を開始 - PR TIMES,https://prtimes.jp/main/html/rd/p/000000049.000062107.html,prtimes.jp,提携・連携、実証実験,0.0,暗号屋、アステリア株式会社、JPYC Explorer,75.0,EVT-20260313-01,2026-03-13,done,暗号屋とアステリア株式会社が、日本円建ステーブルコインJPYCの会計監査基盤構築に向けて協業を開始しました。両社は2026年4月1日より、ブロックチェーン上の取引検証を支援するツール「JPYC Explorer」の提供を開始し、暗号屋CEO紫竹佑騎がアステリアのステーブルコイン事業アドバイザーに就任予定です。
820.0,2026-03-18 01:00:00,マツモトとJPYC、新DAT構想におけるステーブルコインの実証実験へ (あたらしい経済) - Yahoo!ニュース,https://news.yahoo.co.jp/articles/c9caae4d65191d7adb7e72eeda46b6f6843672b7/images/000,news.yahoo.co.jp,提携・連携、実証実験,0.0,マツモト、JPYC株式会社、DAT構想,85.0,EVT-20260316-03,2026-03-16,done,本文の内容がイメージ写真のみで記事本体がないため、要約を生成することができません。
821.0,2026-03-18 01:00:00,マツモトが続急伸、ＪＰＹＣとステーブルコイン活用の社会実験目指しＭＯＵ締結 - ライブドアニュース,https://news.livedoor.com/article/detail/30782151/,news.livedoor.com,提携・連携、活用事例,0.0,マツモト、JPYC株式会社、DAT構想,85.0,EVT-20260316-03,2026-03-16,done,マツモトは日本円ステーブルコイン「ＪＰＹＣ」を手掛けるＪＰＹＣと基本合意書（ＭＯＵ）を締結し、ステーブルコイン活用の社会実験及び事業化の可能性について協議を進める。この発表を受けて同社株が買われ続急伸している。
823.0,2026-03-18 19:38:14,JPYC岡部氏とメタプラネット・サイモン氏が会談、提携加速へ - crypto-times.jp,https://crypto-times.jp/news-jpycs-mr-okabe-and-metaplanets-simon-held-a-meeting/,crypto-times.jp,提携・連携,0.0,JPYC株式会社、メタプラネット、岡部典孝、サイモン・ゲロヴィッチ,85.0,EVT-20260312-01,2026-03-12,done,日本円連動型ステーブルコインを発行するJPYC株式会社の岡部典孝氏と、ビットコイン・スタンダード戦略を掲げるメタプラネットのサイモン・ゲロヴィッチ代表取締役が会談し、両社はBTCを中心とした価値保存とJPYCによる決済手段を統合した新しいWeb3経済圏の構築加速を目指すことが報告されました。
824.0,2026-03-19 01:00:00,次世代決済インフラ「BluePay」、対応サービスを拡大中。新たにEthereumネットワークに対応し、USDC・JPYCでの「ガスレス決済」を提供開始 - PR TIMES,https://prtimes.jp/main/html/rd/p/000000003.000177838.html,prtimes.jp,活用事例、取扱い・対応,0.0,BluePay、株式会社Maximal、Ethereum,65.0,EVT-20260319-01,2026-03-19,done,株式会社Maximalが提供する次世代決済インフラ「BluePay」は、新たにEthereumネットワークに対応し、USDC・JPYCでのガスレス決済を開始しました。これにより、ETHを保有することなくイーサリアムネットワーク上での決済が可能になり、ユーザーの利便性が向上します。
825.0,2026-03-19 12:36:00,次世代金融カンファレンス「MoneyX」参加レポート！ ステーブルコインが描く ”通貨の未来” とは - Asteria Corporation,https://www.asteria.com/jp/inlive/finance/8131/,asteria.com,提携・連携、活用事例、解説・論説,1.0,アステリア、MoneyX、JPYC Gateway、片山さつき,75.0,EVT-20260319-02,2026-03-19,done,2026年2月27日に東京で開催された次世代金融カンファレンス「MoneyX」では、ステーブルコイン正式認可により到来する「通貨の新時代」をテーマに、ブロックチェーン技術やステーブルコインの社会実装について産官学の有識者が議論しました。アステリアはタイトルスポンサーとして参画し、企業向けサービス「JPYCゲートウェイ」を初公開するとともに、代表の平野がJPYC代表の岡部典孝氏とのクロストークでステーブルコインをAIエージェント時代の経済活動を支える基盤として位置づけ、平野はJPYCを10億円保有することを発表しました。
826.0,2026-03-19 16:00:00,全銀システムの刷新に関するJPYC社としての見解と対応 - PR TIMES,https://prtimes.jp/main/html/rd/p/000000311.000054018.html,prtimes.jp,提携・連携、制度・規制,0.0,全銀システム、金融庁、資金移動業,75.0,EVT-20260319-03,2026-03-19,done,JPYC株式会社は、2028年稼動予定の第8次全銀システムの刷新に対応するため、日本円ステーブルコイン「JPYC」が新たな決済システムに参加できるよう体制強化することを決定しました。銀行システムとブロックチェーンベースの決済基盤の連携により、ユーザー体験の向上やフィンテック企業との協業機会の拡大、国際競争力の強化が期待されます。
827.0,2026-03-19 18:44:19,JPYC岡部氏、XRP Tokyo 2026登壇へ｜ステーブルコインの未来を語る - crypto-times.jp,https://crypto-times.jp/news-jpycs-okabe-to-speak-at-xrp-tokyo-2026/,crypto-times.jp,解説・論説,1.0,岡部典孝、XRP Tokyo 2026、八芳園,45.0,EVT-20260319-04,2026-03-19,done,JPYC株式会社代表取締役の岡部典孝氏が、2026年4月7日に東京の八芳園で開催される「XRP Tokyo 2026」にスピーカーとして登壇することが決定しました。セッションでは、日本円連動型ステーブルコインであるJPYCの国内における最新動向や具体的なユースケース、仮想通貨普及に向けた今後の可能性について語られる予定です。
829.0,2026-03-20 01:00:00,全銀システムの刷新に関するJPYC社としての見解と対応 - ニコニコニュース,https://news.nicovideo.jp/watch/nw19068074,news.nicovideo.jp,制度・規制、提携・連携,0.0,全銀システム、資金移動業、第8次全銀システム,85.0,EVT-20260319-03,2026-03-19,done,JPYC株式会社は、2028年稼動予定の第8次全銀システム刷新に対応し、日本円ステーブルコイン「JPYC」を新たな決済システムに参加可能にするよう体制強化することを決定しました。銀行インフラとブロックチェーンベースの決済基盤が相互に補完することで、より利便性の高い決済環境が実現されると期待しています。
828.0,2026-03-20 01:00:00,全銀システムの刷新に関するJPYC社としての見解と対応 (2026年3月19日掲載) - ライブドアニュース,https://news.livedoor.com/pr_topics/detail/30825067/,news.livedoor.com,制度・規制、提携・連携,0.0,全銀システム、岡部典孝、資金移動業、第8次全銀システム,85.0,EVT-20260319-03,2026-03-19,done,JPYC株式会社は、50年以上使用されてきた全国銀行データ通信システムの刷新を歓迎し、2028年稼動予定の第8次全銀システムの更改スケジュールに合わせて、日本円ステーブルコイン「JPYC」が新たな決済システムに参加可能となるよう体制強化することを決定した。銀行インフラとブロックチェーンベースの決済基盤が連携することで、より利便性の高い資金移動環境の実現が期待される。
830.0,2026-03-21 18:06:44,JPYC、全銀システム刷新を歓迎｜次世代決済の融合へ - crypto-times.jp,https://crypto-times.jp/news-jpyc-welcomes-the-renewal-of-the-nationwide-banking-system/,crypto-times.jp,提携・連携、制度・規制,0.0,全国銀行データ通信システム（全銀システム）、ブロックチェーン、資金移動業,65.0,EVT-20260319-03,2026-03-19,done,JPYC株式会社は全銀システムの刷新決定を歓迎し、ブロックチェーン技術で日本円ステーブルコイン「JPYC」を発行しています。全銀システムの現代化によるAPI外部接続性の向上と即時決済対応により、銀行システムとブロックチェーンベースの決済基盤の連携が実現され、フィンテック企業や金融機関との協業機会が拡大する見通しです。
831.0,2026-03-22 15:21:30,【今週のJPYCまとめ】岡部氏がXRP Tokyo 2026登壇へ。マツモトと提携でDAT構想加速 - crypto-times.jp,https://crypto-times.jp/news-this-weeks-jpyc-summary-as-of-march-21st/,crypto-times.jp,提携・連携、市場・統計,0.0,マツモト、岡部典孝、XRP Tokyo 2026、DAT構想,85.0,EVT-20260316-02,2026-03-16,done,JPYC株式会社は2026年4月7日開催の「XRP Tokyo 2026」に代表・岡部典孝氏を登壇させ、日本国内のステーブルコイン動向とユースケースを発信する。また株式会社マツモトとの提携によるDAT構想について基本合意を締結し、教育・地域・コミュニティ分野での社会実装に向けた協議を進める。
832.0,2026-03-23 16:00:00,ステーブルコインが塗り替える金融インフラ、日本は3メガ連携で乱立回避へ（2ページ目） - 日経クロステック,https://xtech.nikkei.com/atcl/nxt/column/18/03499/031100001/?P=2,xtech.nikkei.com,競合・市場環境、解説・論説,1.0,SBIホールディングス、Citigroup、ジーニアス法,35.0,,,done,法定通貨に価値が連動するステーブルコインへの期待が高まっており、日本の3メガバンクが共同発行に向けた検討を始めている。シティグループの予測では世界のステーブルコイン市場は2030年に1兆9000億ドルから4兆ドルに拡大する見込みで、米国では2025年7月に包括的な規制法「ジーニアス法」が成立し、環境整備が進んでいる。
833.0,2026-03-23 18:11:57,日本円ステーブルコインJPYC、流通額4.99億円に増加｜手数料問題の代替手段となるか - crypto-times.jp,https://crypto-times.jp/news-jpycs-trading-volume-increased-to-499-million-yen/,crypto-times.jp,市場・統計,0.0,Dune、Bitget、Triaカード,75.0,EVT-20260323-01,2026-03-23,done,日本円ステーブルコインJPYCの総流通量は3月23日時点で4億9903万円となり、3月10日の4億7000万円から約2900万円増加しました。1アドレスあたりの平均保有額も5791円から6150円に上昇し、クレジットカード手数料の高さが問題視される中、JPYCが低コストな決済手段として注目を集めています。
834.0,2026-03-25 05:00:41,日本円連動型ステーブルコインを発行 - JPYC - MUGENLABO Magazine,https://mugenlabo-magazine.kddi.com/list/jpyc/,mugenlabo-magazine.kddi.com,解説・論説,1.0,KDDI ∞ Labo、岡部典孝、MUGENLABO Magazine,65.0,EVT-20260325-01,2026-03-25,done,JPYCは、パブリックブロックチェーン上で流通する国内初の日本円連動型ステーブルコインを発行するスタートアップであり、マルチチェーン展開により契約なしで様々なサービスやアプリケーションに組み込み可能な設計を採用している。代表取締役の岡部氏は、日本円の信頼性とブロックチェーンの拡張性を両立させ、誰もが参加できるデジタル経済基盤の創造を目指しており、日本円をブロックチェーン上のスタンダードとして定着させることが目標である。
837.0,2026-03-26 16:00:00,アステリア、株主優待にステーブルコイン「JPYC」を導入（NADA NEWS） - Yahoo!ニュース,https://news.yahoo.co.jp/articles/a80326b06afb33946bedc2e68edb7d15b673471b,news.yahoo.co.jp,活用事例、提携・連携,0.0,アステリア、JPYC社、株主優待制度,85.0,EVT-20260326-02,2026-03-26,done,"東証プライム上場のアステリアが、中長期保有株主優待制度に日本円建ステーブルコイン「JPYC」を新たな選択肢として追加すると発表した。上場企業が株主優待としてJPYCを直接導入するのは国内初の試みとみられ、500株以上かつ1年以上の継続保有が対象となり、保有株式数と継続保有期間に応じて1,000円から5,000円分のJPYCが付与される。"
835.0,2026-03-26 16:00:00,ステーブルコインの「風雲児」が明かす、初の円建てコイン発行の舞台裏 - 日経クロステック,https://xtech.nikkei.com/atcl/nxt/column/18/03499/031100004/,xtech.nikkei.com,発行・資金、制度・規制、解説・論説,1.0,岡部典孝、金融庁、資金決済法,95.0,EVT-20260326-01,2026-03-26,done,スタートアップのJPYC社は、2023年6月の改正資金決済法施行により円建てステーブルコイン「JPYC」の発行に道を開き、2025年8月に資金移動業の登録を取得、10月に発行を実現した。発行・管理システムの総入れ替えなど複数の困難を乗り越え、2026年3月時点で累計発行額17億円超、ウォレットアドレス数約7万に達している。
836.0,2026-03-26 16:00:00,中長期保有株主優待制度の拡充に関するお知らせ | アステリア株式会社のプレスリリース - PR TIMES,https://prtimes.jp/main/html/rd/p/000000407.000010008.html,prtimes.jp,取扱い・対応、活用事例,0.0,アステリア株式会社、株主優待制度、QUOカード,65.0,EVT-20260326-02,2026-03-26,done,アステリア株式会社は、中長期保有株主優待制度を拡充し、2026年3月末時点の株主から現行のQUOカードに加えて「日本円建ステーブルコインJPYC」での受け取りを選択できるようにすることを決定しました。優待額面は保有株式数と継続保有年数に応じて変わらず、JPYCを希望した株主のみ別途手続きを経てJPYCでの贈呈となります。
839.0,2026-03-27 01:00:00,アステリア、株主優待にステーブルコイン「JPYC」を導入(NADA NEWS) - Yahoo!ファイナンス,https://finance.yahoo.co.jp/news/detail/a80326b06afb33946bedc2e68edb7d15b673471b/photo/view-001,finance.yahoo.co.jp,取扱い・対応、提携・連携,0.0,アステリア、株主優待制度,75.0,EVT-20260326-02,2026-03-26,done,東証プライム上場のアステリアは、中長期保有株主優待制度を拡充し、新たな優待品の選択肢に日本円建ステーブルコイン「JPYC」を導入した。
838.0,2026-03-27 01:00:00,アステリア、株主優待にステーブルコイン「JPYC」を導入 (NADA NEWS) - Yahoo!ニュース,https://news.yahoo.co.jp/articles/a80326b06afb33946bedc2e68edb7d15b673471b/images/000,news.yahoo.co.jp,取扱い・対応、提携・連携,0.0,アステリア、株主優待制度,75.0,EVT-20260326-02,2026-03-26,done,アステリアが株主優待にステーブルコイン「JPYC」を導入しました。
840.0,2026-03-27 14:25:49,JPYC代表が語る、日本円ステーブルコイン「JPYC」認可への死闘 - crypto-times.jp,https://crypto-times.jp/news-the-jpyc-representative-speaks-out-about-the-desperate-struggle-to-gain-jpyc-recognition/,crypto-times.jp,制度・規制、解説・論説,1.0,岡部典孝、JPYC株式会社、サークル社、金融庁,85.0,EVT-20260327-01,2026-03-27,done,JPYC株式会社の岡部典孝代表は、日本円ステーブルコインJPYCが国内初の資金移動業者として認可を受けるまでの戦略を明かしました。同社は2017年頃からステーブルコインに着目し、プリペイド方式を先行させて「立法事実」となることで法整備の機運を高め、米サークル社からの出資による「本気度」認定を経て、100項目以上の要件を1年以上かけてクリアし認可を勝ち取りました。
841.0,2026-03-27 17:47:04,アステリア、優待にステーブルコインJPYC導入｜国内初の事例 - Coinspeaker,https://www.coinspeaker.com/jp/asteria-shareholder-benefits-jpyc-stablecoin/,coinspeaker.com,活用事例、提携・連携,0.0,アステリア、JPYC株式会社、株主優待制度,85.0,EVT-20260326-02,2026-03-26,done,"東証プライム上場のアステリアは、株主優待にJPYC株式会社が発行する日本円建ステーブルコイン「JPYC」を追加し、上場企業による直接導入は国内初となった。500株以上を1年以上保有する株主が対象で、保有株数と期間に応じて1,000円から5,000円相当のJPYCが付与される。両社は資本業務提携を通じてステーブルコイン普及を推進しており、2026年3月末の株主名簿に記載された株主から新優待制度が適用される予定である。"
842.0,2026-03-28 10:26:07,JPYC、3年で10兆円市場へ成長なるか｜世界シェア25%を狙う勝算 - crypto-times.jp,https://crypto-times.jp/news-will-the-jpyc-grow-into-a-10-trillion-yen-market-in-three-years/,crypto-times.jp,解説・論説、競合・市場環境、市場・統計,1.0,岡部典孝、Circle社、Bitget,78.0,EVT-20260328-01,2026-03-28,done,JPYC株式会社は今後3年間で10兆円規模の日本円ステーブルコイン市場を創出することを目指しており、現在約50兆円の世界市場で25%のシェア確保を目指しています。同社は先行者優位の強さとセキュリティ対策を武器に、複数のキャッシュポイントを通じた収益化を想定しています。
843.0,2026-03-29 14:56:08,【今週のJPYCまとめ】3年で10兆円市場へ成長なるか。流通額4.99億円に増加 - crypto-times.jp,https://crypto-times.jp/news-this-weeks-jpyc-summary-as-of-march-29th/,crypto-times.jp,市場・統計、制度・規制,0.0,岡部典孝、JPYC株式会社、資金移動業,85.0,EVT-20260328-01,2026-03-28,done,JPYC株式会社は日本円ステーブルコインの普及を目指し、3年で10兆円規模の市場創造を掲げています。3月23日時点での流通額は4億9903万円に増加し、前回報告時の減少傾向から回復しました。同社は国内初の資金移動業者認可を目指し、オープン性を特徴とするステーブルコインの戦略を推進しています。
844.0,2026-03-30 23:15:00,クラフトビール × JPYCの新たな購買体験！「TECH×BEER - Crypto Beer #04 Launch event」イベントレポート - Excite エキサイト,https://www.excite.co.jp/news/article/Prtimes_2026-03-30-138813-7/image/1/,excite.co.jp,活用事例、提携・連携,0.0,CryptoBeer、代官山,65.0,EVT-20260330-01,2026-03-30,done,2026年2月22日に東京・代官山で開催された「TECH×BEER - Crypto Beer #04 Launch event」では、クラフトビール「CryptoBeer#04」の世界初公開と、日本円連動ステーブルコイン「JPYC」を活用したキャッシュレス決済体験が実現された。
848.0,2026-03-31 01:00:00,クラフトビールとJPYCが融合する新たな乾杯体験！「TECH×BEER - Crypto Beer #04」イベントの魅力 - ニュースメディアVOIX,https://voix.jp/money/card/30656/,voix.jp,活用事例,0.0,株式会社KANPAIDAN、GRANDLINE BREWING、ビビビ。,75.0,EVT-20260330-01,2026-03-30,done,2026年2月22日、東京・代官山のクラフトビールバー「ビビビ。」で株式会社KANPAIDANが主催する「TECH×BEER – Crypto Beer #04 Launch event」が開催され、約30名が参加しました。本イベントでは、Web3とクラフトビールを融合させたプロジェクト「Crypto Beer」の第4弾を発表し、日本円連動ステーブルコイン「JPYC」を使用したキャッシュレス決済体験を提供しました。参加者はオリジナル楽曲の披露や新作ビール「Crypto Beer #04」の紹介を通じて、最新テクノロジーとクラフトビールが交差する新たな乾杯体験を楽しみました。
846.0,2026-03-31 01:00:00,クラフトビール × JPYCの新たな購買体験！「TECH×BEER - Crypto Beer #04 Launch event」イベントレポート - 産経ニュース,https://www.sankei.com/pressrelease/prtimes/W5CGBNEOQZPYVOJMCTKBSNB66M/,sankei.com,活用事例、提携・連携,0.0,株式会社KANPAIDAN、ビビビ。、Crypto Beer、GRANDLINE BREWING,75.0,EVT-20260330-01,2026-03-30,done,2026年2月22日、東京・代官山のクラフトビールバー「ビビビ。」にて、Web3とクラフトビールを掛け合わせたプロジェクト「Crypto Beer」の第4弾「Crypto Beer #04」の世界初公開イベントが開催され、約30名がJPYC決済（2%割引）での購入体験とクラフトビールを楽しみました。本イベントではJPYCの実店舗での決済活用とCrypto Beer #04のフルーティーな新作ビールが紹介され、テック業界の参加者がビールを片手にビジネスや技術トレンドについて交流しました。
845.0,2026-03-31 01:00:00,クラフトビール × JPYCの新たな購買体験！「TECH×BEER - Crypto Beer #04 Launch event」イベントレポート - 朝日新聞,https://www.asahi.com/and/pressrelease/16460311,asahi.com,活用事例,0.0,KANPAIDAN、GRANDLINE BREWING、Crypto Beer,75.0,EVT-20260330-01,2026-03-30,done,2026年2月22日、東京・代官山のクラフトビールバー「ビビビ。」で、株式会社KANPAIDANが主催する「TECH×BEER – Crypto Beer #04 Launch event」が開催され、約30名の参加者がWeb3とクラフトビールを融合させたプロジェクト「Crypto Beer」の第4弾を世界初公開しました。イベントでは、日本円連動ステーブルコイン「JPYC」を活用したキャッシュレス決済体験が実現され、参加者は新作ビール「Crypto Beer #04」を通常価格から2%引きで購入でき、オリジナル楽曲の披露とともに新たな購買体験を楽しみました。
847.0,2026-03-31 01:00:00,クラフトビール × JPYCの新たな購買体験！「TECH×BEER - Crypto Beer #04 Launch event」イベントレポート - ニコニコニュース,https://news.nicovideo.jp/watch/nw19095775,news.nicovideo.jp,活用事例、実証実験,0.0,株式会社KANPAIDAN、ビビビ。、Crypto Beer、GRANDLINE BREWING,75.0,EVT-20260330-01,2026-03-30,done,2026年2月22日、東京・代官山のクラフトビールバー「ビビビ。」で、株式会社KANPAIDANが主催するイベント「TECH×BEER - Crypto Beer #04 Launch event」が開催され、約30名のテック・Web3業界関係者がJPYCを活用したキャッシュレス決済でクラフトビール「Crypto Beer #04」を購入・体験しました。GRANDLINE BREWINGが手がけた「Crypto Beer #04」はModern West Coast IPA で、2026年2月22日22時より公式ECサイトで一般販売が開始されます。
849.0,2026-03-31 12:00:00,アステリアとハウディ・クリプトがステーブルコインで業務提携JPYC Gatewayが国内開発ハードウェアウォレット Openloopを標準サポート - RBB TODAY,https://www.rbbtoday.com/release/prtimes2-today/20260331/1239458.html,rbbtoday.com,提携・連携、活用事例,0.0,アステリア株式会社、株式会社ハウディ・クリプト、JPYC Gateway、Openloop,85.0,EVT-20260331-01,2026-03-31,done,アステリア株式会社とハウディ・クリプトが、企業向けJPYC入出金管理サービス「JPYC Gateway」と国内開発ハードウェアウォレット「Openloop」の業務提携を発表しました。本提携により、秘密鍵の安全な管理環境を提供し、企業のステーブルコイン利活用を加速させるとともに、先行導入企業100社にOpenloopを無償提供します。
850.0,2026-03-31 12:20:22,アステリアとハウディ・クリプトが業務提携しJPYC GatewayとOpenloopを連携強化する取り組み - ニュースメディアVOIX,https://voix.jp/money/card/30727/,voix.jp,提携・連携、取扱い・対応,0.0,アステリア、ハウディ・クリプト、JPYC Gateway、Openloop,85.0,EVT-20260331-01,2026-03-31,done,アステリア株式会社と株式会社ハウディ・クリプトが、企業向けJPYC入出金管理サービス「JPYC Gateway」とハードウェアウォレット「Openloop」の業務提携を発表し、企業のステーブルコイン活用を加速させる。先行導入企業100社にはOpenloopを無償提供し、2026年4月1日からサービス提供を開始予定である。
851.0,2026-03-31 13:45:00,アステリアとハウディ・クリプトがステーブルコインで業務提携 ～JPYC Gatewayが国内開発ハードウェアウォレット Openloopを標準サポート - Excite エキサイト,https://www.excite.co.jp/news/article/Prtimes_2026-03-31-10008-410/image/1/,excite.co.jp,提携・連携、取扱い・対応,0.0,アステリア株式会社、ハウディ・クリプト、JPYC Gateway、Openloop,78.0,EVT-20260331-01,2026-03-31,done,アステリア株式会社と株式会社ハウディ・クリプトが、企業におけるステーブルコイン保有・決済の安心・安全を強化するため業務提携を行い、JPYC Gatewayが国内開発ハードウェアウォレットOpenloopを標準サポートすることになった。
852.0,2026-03-31 16:00:00,アステリアとハウディ・クリプトがステーブルコインで業務提携 ～JPYC Gatewayが国内開発ハードウェアウォレット Openloopを標準サポート～ - PR TIMES,https://prtimes.jp/main/html/rd/p/000000410.000010008.html,prtimes.jp,提携・連携、活用事例,0.0,アステリア株式会社、ハウディ・クリプト、JPYC Gateway、Openloop,85.0,EVT-20260331-01,2026-03-31,done,アステリア株式会社とハウディ・クリプトは、企業向けJPYC入出金管理サービス「JPYC Gateway」と国内開発ハードウェアウォレット「Openloop」において業務提携することを発表しました。本提携により、JPYC Gatewayを導入する企業に対してセキュアな秘密鍵管理環境を提供し、2026年4月の提供開始時に先着100社にOpenloopを無償提供します。
853.0,2026-03-31 16:00:00,アステリア、ハウディ・クリプトと提携｜JPYC ゲートウェイで企業向けステーブルコイン入出金管理 - Bitget,https://www.bitget.com/ja/news/detail/12560605321177,bitget.com,活用事例、提携・連携、取扱い・対応,0.0,アステリア、ハウディ・クリプト、Openloop、JPYC Gateway,95.0,EVT-20260331-01,2026-03-31,done,アステリアはハウディ・クリプトと提携し、4月1日から企業向けJPYC入出金管理サービス「JPYC Gateway」を提供開始します。国内開発のハードウェアウォレット「Openloop」を標準サポートし、インターネットから切り離した専用端末での秘密鍵管理により、企業利用における安全性を強化します。
855.0,2026-04-01 01:00:00,「アステリア×ハウディ・クリプト」JPYC入出金管理サービスと国内開発ハードウェアウォレットで業務提携を開始 - ｄメニューニュース,https://topics.smt.docomo.ne.jp/article/echolocation/business/echolocation-7411,topics.smt.docomo.ne.jp,提携・連携、活用事例,0.0,アステリア株式会社、株式会社ハウディ・クリプト、JPYC Gateway、Openloop,95.0,EVT-20260331-01,2026-03-31,done,アステリア株式会社とハウディ・クリプト株式会社は、企業向けJPYC入出金管理サービス「JPYC Gateway」と国内開発ハードウェアウォレット「Openloop」において業務提携を開始する。この提携により、ハードウェアウォレットを秘密鍵管理に連携させ、デバイスのタッチスクリーン上で送金内容を確認・承認する安全な仕組みを実現し、企業がJPYCを安心・安全に利活用できる環境を構築する。
854.0,2026-04-01 01:00:00,アステリアとハウディ・クリプトがステーブルコインで業務提携JPYC Gatewayが国内開発ハードウェアウォレット Openloopを標準サポート - 産経ニュース,https://www.sankei.com/pressrelease/prtimes/JERZYA525JOB5JHLN7757YSFUI/,sankei.com,提携・連携、活用事例,0.0,アステリア株式会社、ハウディ・クリプト、JPYC Gateway、Openloop,85.0,EVT-20260331-01,2026-03-31,done,アステリア株式会社とハウディ・クリプト株式会社は、企業向けJPYC入出金管理サービス「JPYC Gateway」と国内開発ハードウェアウォレット「Openloop」の業務提携を発表しました。本提携により、企業がステーブルコインを安心・安全に利活用できる環境を構築し、JPYC Gateway導入企業の先着100社にOpenloopを無償提供します。
856.0,2026-04-01 01:00:00,アステリアとハウディ・クリプトがステーブルコインで業務提携JPYC Gatewayが国内開発ハードウェアウォレット - ニコニコニュース,https://news.nicovideo.jp/watch/nw19102721,news.nicovideo.jp,提携・連携、取扱い・対応,0.0,アステリア株式会社、株式会社ハウディ・クリプト、JPYC Gateway、Openloop,85.0,EVT-20260331-01,2026-03-31,done,アステリア株式会社とハウディ・クリプトは、企業向けJPYC入出金管理サービス「JPYC Gateway」と国内開発ハードウェアウォレット「Openloop」の業務提携を発表しました。本提携により、企業が秘密鍵を安全に管理し、ステーブルコインJPYCを安心して利活用できる環境を構築し、先行導入企業100社にOpenloopを無償提供します。
857.0,2026-04-01 11:43:04,企業のステーブルコイン運用を安全化 JPYC Gatewayと国産ウォレットが連携 - PlusWeb3,https://plus-web3.com/media/latestnews_1000_8388/,plus-web3.com,取扱い・対応、提携・連携、活用事例,0.0,アステリア、ハウディ・クリプト、JPYC Gateway、Openloop,85.0,EVT-20260331-01,2026-03-31,done,アステリアとハウディ・クリプトは、企業向けJPYC管理サービス「JPYC Gateway」と国産ハードウェアウォレット「Openloop」を連携させ、2026年4月1日のサービス開始に向けて業務提携を発表した。この連携により、物理的な操作を伴う承認プロセスを通じて秘密鍵を安全に管理し、企業のステーブルコイン運用をより安全化する。
858.0,2026-04-02 13:52:43,JPYC、エルサルバドルで決済利用｜国際送金の課題解決なるか - crypto-times.jp,https://crypto-times.jp/news-jpyc-can-be-used-for-payment-in-el-salvador/,crypto-times.jp,活用事例、提携・連携,0.0,エルサルバドル、ソニー銀行、日本免税,75.0,EVT-20260402-01,2026-04-02,done,日本円ステーブルコインJPYCがエルサルバドルで決済手段として利用され、プログラマブルで柔軟な決済というJPYCの技術的強みが活かされています。ブロックチェーン技術により、従来の国際送金における中継銀行の手数料や時間的ロスといった課題が解決され、国境を越えたシームレスかつ即時の価値移動が可能になっています。
859.0,2026-04-02 13:54:51,JPYCが3月レポート公開、ソニー銀行提携など進展 - crypto-times.jp,https://crypto-times.jp/news-jpyc-releases-march-report/,crypto-times.jp,提携・連携、活用事例、市場・統計,0.0,ソニー銀行、日本免税、マツモト、アステリア,95.0,EVT-20260402-02,2026-04-02,done,JPYC株式会社が2026年3月の月次レポートを公開し、ソニー銀行との提携によるアプリ内でのJPYC購入機能の実現、日本免税との共同による消費税免税還付モデルの構築、マツモトとの次世代DAT構想における決済基盤としての活用合意、およびアステリアと暗号屋が共同開発した会計監査支援ツール「JPYCエクスプローラー」の4月1日提供開始など、複数の社会実装施策を発表しました。
860.0,2026-04-03 00:45:00,JPYCがエルサルバドルで実決済｜円建てステーブルコインの海外利用が確認 - CoinPartner,https://coinotaku.com/news/articles/246241,coinotaku.com,活用事例、市場・統計,0.0,エルサルバドル、CurrencyCompetition.com、岡部典孝,85.0,EVT-20260402-01,2026-04-02,done,JPYC株式会社の円建てステーブルコイン「JPYC」がエルサルバドルで実際の決済に利用され、現地でTシャツが購入されました。ブロックチェーン上で発行されるJPYCは複数のチェーンに対応し、従来の国際送金より仲介手数料や着金時間を削減できる可能性を示しています。
861.0,2026-04-03 16:00:00,ガイアックス、日本円ステーブルコイン「JPYC」活用の次世代決済インフラ受託開発を開始 - コマースピック,https://www.commercepick.com/archives/89985,commercepick.com,活用事例、提携・連携,0.0,ガイアックス、峯荒夢、スマートコントラクト,85.0,EVT-20260403-01,2026-04-03,done,ガイアックスは日本円ステーブルコイン「JPYC」を用いた次世代決済インフラの受託開発を開始し、スマートコントラクトにより決済代行業者を経由しない直接決済の仕組みを実現します。これにより、ECサイトやフリマアプリにおいて手数料削減と即時自動分配、運営リスクの排除といった新たな決済体験を提供するとしています。
862.0,2026-04-03 16:00:00,決済手数料の常識を覆す。ガイアックス、ステーブルコイン活用により「決済代行業者不要」のEC・フリマ構築サービスを開始 - PR TIMES,https://prtimes.jp/main/html/rd/p/000000797.000003955.html,prtimes.jp,活用事例、提携・連携,0.0,ガイアックス、スマートコントラクト、LINE NEXT Unifi,85.0,EVT-20260403-01,2026-04-03,done,ガイアックスは日本円ステーブルコイン「JPYC」を活用し、スマートコントラクトにより決済代行業者を不要にしたEC・フリマサービスの受託開発を開始します。本ソリューションにより、既存決済システムの手数料や資金滞留リスクを排除し、劇的な手数料削減と即時分配を実現します。
863.0,2026-04-03 17:59:24,ガイアックス、JPYC活用で「決済代行業者不要」の新たなEC構築サービスを開始 - ニュースメディアVOIX,https://voix.jp/credit-cards/gaiax-stablecoin-ec-service/,voix.jp,活用事例、提携・連携,0.0,ガイアックス、スマートコントラクト、Polygon、Ethereum,85.0,EVT-20260403-01,2026-04-03,done,株式会社ガイアックスは、日本円連動型ステーブルコイン「JPYC」を活用し、スマートコントラクトにより決済代行業者を介さない次世代決済インフラの受託開発を開始しました。この新サービスにより、従来のEC運営における決済手数料や資金管理リスクが大幅に削減され、売上の即時自動分配が可能になります。
864.0,2026-04-04 02:59:24,決済手数料の削減が実現できる？ 日本円連動型ステーブルコイン「JPYC」を活用するガイアックスのEC・フリマ構築サービスとは - Yahoo!ニュース,https://news.yahoo.co.jp/articles/ebf0c0e2726ed9688b1718558595c9c90152c204/images/002,news.yahoo.co.jp,活用事例、提携・連携,0.0,ガイアックス、JPYC Gateway、EC・フリマ構築サービス,75.0,EVT-20260403-01,2026-04-03,done,ガイアックスのEC・フリマ構築サービスは、日本円連動型ステーブルコイン「JPYC」を活用して、購入者から販売者への直接送金を実現し、中間業者を介さない決済により手数料削減を可能にするものである。
865.0,2026-04-05 09:00:00,JPYCとJPYSCは“競合”なのか──円ステーブルコインをめぐる論点【編集長コラム・2日連続】 - NADA NEWS,https://www.nadanews.com/343519/,nadanews.com,競合・市場環境、解説・論説,1.0,JPYSC、SBIホールディングス、Startale Group、JPモルガン,75.0,EVT-20260402-02,2026-04-02,done,円ステーブルコインの「JPYC」と「JPYSC」は名前が似ているが、JPYCは資金移動型でコンシューマー向け、JPYSCは信託型で機関投資家や国際決済向けと設計思想が異なり、競合というより棲み分けの関係にある。一方、三菱商事がJPモルガンと提携してドル建て国際送金やトークン化預金を進めるなど、ステーブルコイン対トークン化預金、円対ドルなど複数のレイヤーでの競争軸が浮上している。
866.0,2026-04-05 14:54:54,【今週のJPYCまとめ】エルサルバドルで決済利用。3月レポート公開 - crypto-times.jp,https://crypto-times.jp/news-jpyc-summary-for-this-week-april-5th/,crypto-times.jp,活用事例、提携・連携、市場・統計,0.0,エルサルバドル、ソニー銀行、岡部典孝、ブロックブルーム,95.0,EVT-20260402-02,2026-04-02,done,JPYC株式会社は、エルサルバドルでの決済利用、代表の岡部典孝氏による2026年4月23日の韓国デジタル資産フォーラム登壇、3月レポート公開など複数の国内外での社会実装が進展している。3月レポートではソニー銀行との基本合意や日本免税との提携を発表し、リアルタイム口座振替を活用したJPYCのチャージ機能提供を目指している。
868.0,2026-04-05 18:00:03,JPYCとJPYSCは“競合”なのか──円ステーブルコインをめぐる論点【編集長コラム・2日連続】（NADA NEWS） - Yahoo!ニュース,https://news.yahoo.co.jp/articles/bb32df74c73b7d8b022db2ecbb8227f8e7514fc2,news.yahoo.co.jp,競合・市場環境、解説・論説,1.0,JPYC、JPYSC、SBIホールディングス、三菱商事,85.0,,,done,JPYCとJPYSCは名前が似ているが、JPYCは資金移動型でコンシューマー向け、JPYSCは信託型で機関投資家と国際決済向けと立ち位置が異なり、競合というより棲み分けの関係にある。一方、三菱商事がJPモルガンとドル建て国際送金を検討するなど、ステーブルコイン対トークン化預金、日本円対ドルという複数の競争軸が並行して進行している。
869.0,2026-04-05 18:00:03,JPYCとJPYSCは“競合”なのか──円ステーブルコインをめぐる論点【編集長コラム・2日連続】(NADA NEWS) - Yahoo!ファイナンス,https://finance.yahoo.co.jp/news/detail/bb32df74c73b7d8b022db2ecbb8227f8e7514fc2/photo/view-001,finance.yahoo.co.jp,競合・市場環境、解説・論説,1.0,JPYSC、SBI、NADA NEWS,65.0,EVT-20260405-01,2026-04-05,done,本文が不完全で、JPYCとJPYSCの関係性についての具体的な説明が記載されていないため、要約を生成することができません。
867.0,2026-04-05 18:00:03,JPYCとJPYSCは“競合”なのか──円ステーブルコインをめぐる論点【編集長コラム・2日連続】 (NADA NEWS) - Yahoo!ニュース,https://news.yahoo.co.jp/articles/bb32df74c73b7d8b022db2ecbb8227f8e7514fc2/images/000,news.yahoo.co.jp,競合・市場環境、解説・論説,1.0,JPYSC、NADA NEWS,75.0,EVT-20260405-01,2026-04-05,done,本文に十分な内容が含まれていないため、要約を生成できません。
870.0,2026-04-06 00:00:00,ひろゆき氏×JPYC岡部氏──青ヶ島から挑む円ステーブルコインの生存戦略 - JinaCoin,https://jinacoin.ne.jp/rehaq-jpyc-okabe-20260406/,jinacoin.ne.jp,解説・論説,1.0,JPYC株式会社、岡部典孝、ひろゆき氏、青ヶ島村,75.0,EVT-20260406-01,2026-04-06,done,JPYC株式会社の岡部典孝代表取締役がYouTube番組で、日本円ステーブルコイン「JPYC」が「第1号電子決済手段」として発行額の101%を信託銀行に預託することで利用者資産を保護する仕組みを説明した。同社が青ヶ島村に本社を置く理由は、規制強化リスクへの対抗策として人口が少ない離島での合意形成の容易さと国からの雇用補助を活用するスタートアップの生き残り戦略であることを明かした。また、サナエトークン騒動のような不祥事が暗号資産の税率引き下げを含む法整備議論にブレーキをかけるという懸念を示した。
871.0,2026-04-06 05:00:00,お好み焼き「千房」で円ステーブルコイン決済可能に - 日本経済新聞,https://www.nikkei.com/article/DGXZQOUB042560U6A400C2000000/,nikkei.com,活用事例、取扱い・対応,0.0,ハッシュポート、千房、デジタルウォレット,75.0,EVT-20260406-02,2026-04-06,done,ハッシュポートは7日から、お好み焼き専門店の千房の一部店舗で円建てステーブルコインJPYCの決済を可能にします。飲食店での利用拡大により、日本におけるステーブルコイン普及が進むと期待されています。
873.0,2026-04-06 22:34:02,お好み焼「千房」、ステーブルコインJPYC決済の実証実験を開始──HashPort Wallet活用(NADA NEWS) - Yahoo!ファイナンス,https://finance.yahoo.co.jp/news/detail/0858665f5f4d69803a3ed09eb8fd2033875d22c5/photo/view-001,finance.yahoo.co.jp,活用事例、実証実験、取扱い・対応,0.0,千房株式会社、HashPort Wallet、NADA NEWS,85.0,EVT-20260406-02,2026-04-06,done,お好み焼店「千房」において、日本円連動型ステーブルコイン「JPYC」による決済の実証実験が開始された。
872.0,2026-04-06 22:34:02,円ステーブルコインJPYC、お好み焼き千房2店舗で決済開始 - JinaCoin,https://jinacoin.ne.jp/jpyc-chibo-20260406/,jinacoin.ne.jp,活用事例、実証実験,0.0,ハッシュポート、千房、JPYC株式会社,85.0,EVT-20260406-02,2026-04-06,done,円建てステーブルコインJPYCが、ハッシュポート開発のウォレットを通じて、4月7日からお好み焼き専門店「千房」の2店舗での決済を開始する。本実証実験は飲食チェーンでのJPYC決済導入は初となり、今後の対象店舗拡大やUSDC決済導入も検討されている。
874.0,2026-04-07 00:00:00,決済手数料の削減が実現できる？ 日本円連動型ステーブルコイン「JPYC」を活用するガイアックスのEC・フリマ構築サービスとは - ネットショップ担当者フォーラム,https://netshop.impress.co.jp/n/2026/04/07/15874,netshop.impress.co.jp,活用事例、提携・連携,0.0,ガイアックス、スマートコントラクト、改正資金決済法,85.0,EVT-20260403-01,2026-04-03,done,ガイアックスは4月3日、日本円連動型ステーブルコイン「JPYC」を活用した次世代決済インフラの受託開発を開始した。スマートコントラクトにより購入者と販売者が直接送金でき、決済代行業者を介さないことで手数料削減と資金管理の負担軽減を実現する。ECサイトやフリマアプリ向けに、企業のビジネスモデルに応じたカスタマイズ開発を提供する。
875.0,2026-04-07 02:11:38,今話題のJPYSCとは？JPYCとの違いと「競合か棲み分けか」を解説 - CoinChoice,https://coinchoice.net/jpysc-jpyc-difference/,coinchoice.net,競合・市場環境、解説・論説,1.0,JPYSC、SBIホールディングス、SBI VCトレード、新生信託銀行,85.0,EVT-20260405-01,2026-04-05,done,JPYSCはSBIと新生信託銀行が発行する信託型の円ステーブルコインで、送金上限がなく企業間決済や機関投資家向けに設計されており、2026年4〜6月のローンチを目指しています。一方JPYCは資金移動業者発行で送金上限100万円、個人・Web3向けという法的仕組みとターゲットの違いがあり、競合ではなく棲み分けの関係にあります。
876.0,2026-04-07 02:33:15,千房でお好み焼きを仮想通貨払い？JPYC決済の仕組みとお得度を解説！ - CoinChoice,https://coinchoice.net/jpyc-payment-chibo/,coinchoice.net,活用事例、解説・論説,1.0,千房、HashPort、HashPort Wallet,95.0,EVT-20260406-02,2026-04-06,done,2026年4月7日から、大阪のお好み焼き専門店「千房」の2店舗でJPYC（円建てステーブルコイン）による決済が可能になります。これは飲食チェーンへのJPYC決済導入として国内初で、店舗側・利用者側ともに決済手数料がゼロというメリットがあります。円建てステーブルコインが日常の消費シーンで使える時代の到来を示すとともに、三井住友カードやSBIホールディングスなど大手金融機関の参入により、ステーブルコイン経済圏の拡大が進んでいます。
877.0,2026-04-07 05:17:04,"データ：JPYCの半年間の取引量は1億3,700万ドル、Polygonが66%を占める - Bitget",https://www.bitget.com/ja/news/detail/12560605351876,bitget.com,市場・統計,0.0,Polygon、Avalanche、Ethereum,75.0,EVT-20260407-01,2026-04-07,done,"日本の規制準拠型ステーブルコインJPYCの昨年10月下旬以降の半年間の総取引額は1億3,700万ドルで、Polygonが9,040万ドル（66%）のシェアを占める主要ネットワークとなっている。Polygonではすでに日本の実店舗でオフライン決済がサポートされている。"
878.0,2026-04-07 05:17:04,日本のステーブルコインJPYCの総取引量は1.36億ドルに達し、Polygonが6割以上を占めています。 - Bitget,https://www.bitget.com/ja/news/detail/12560605342131,bitget.com,市場・統計,0.0,Polygon、ChainCatcher、Alex,75.0,EVT-20260407-01,2026-04-07,done,日本のステーブルコインJPYCの累計取引量は1億3600万ドルに達しており、そのうち9000万ドルはPolygonネットワークを通じて処理されています。JPYCはPolygon上でTria、Daimo、CurrencyCompetitionなどのプラットフォームで支払いサービスに広く利用されています。
879.0,2026-04-07 10:06:38,決済代行を不要に ガイアックス、ステーブルコインでEC・フリマの新基盤を提供開始 - PlusWeb3,https://plus-web3.com/media/latestnews_1000_8469/,plus-web3.com,活用事例、提携・連携、解説・論説,1.0,ガイアックス、スマートコントラクト、資金決済法,85.0,EVT-20260403-01,2026-04-03,done,株式会社ガイアックスは、日本円連動型ステーブルコイン「JPYC」を活用したEC・フリマ向け決済インフラの受託開発を開始し、スマートコントラクトにより決済代行業者を介さない直接決済の仕組みを提供することで、手数料削減と資金管理リスクの解消を実現する。一方で、ステーブルコイン普及にはウォレット管理のリテラシー向上や法規制対応、既存決済網との競争といった複数のハードルが存在する。
880.0,2026-04-07 13:05:27,円建てステーブルコインJPYC、お好み焼き「千房」で決済開始 - CoinPost,https://coinpost.jp/?p=699818,coinpost.jp,活用事例、実証実験,0.0,千房、ハッシュポート、JPYC株式会社,85.0,EVT-20260406-02,2026-04-06,done,デジタルウォレット開発のハッシュポートが7日から、お好み焼き専門店・千房の2店舗で円建てステーブルコイン「JPYC」による決済を開始した。ハッシュポートのCEOは、AIエージェント時代に米ドル建てステーブルコインが普及すれば日本が通貨主権を失う可能性があるとして、円建てステーブルコインの戦略的重要性を強調している。
882.0,2026-04-07 16:00:00,HashPort Wallet、お好み焼専門店「千房」にてステーブルコイン決済の実証実験を開始 - PR TIMES,https://prtimes.jp/main/html/rd/p/000000166.000046288.html,prtimes.jp,活用事例、実証実験,0.0,HashPort、千房、HashPort Wallet for Biz,75.0,EVT-20260406-02,2026-04-06,done,HashPortは手数料ゼロのステーブルコイン決済サービス「HashPort Wallet for Biz」を活用し、お好み焼専門店「千房」と連携して、2026年4月7日より千日前本店と有楽町ビックカメラ支店でステーブルコイン(JPYC)決済の実証実験を開始しました。本実証では決済利用者にSBTを付与し、決済データとSBTを組み合わせた顧客データの蓄積・活用により、決済とマーケティングを一体化した新たな店舗運営モデルの構築を目指しています。
881.0,2026-04-07 16:00:00,お好み焼「千房」、ステーブルコインJPYC決済の実証実験を開始──HashPort Wallet活用（NADA NEWS） - Yahoo!ニュース,https://news.yahoo.co.jp/articles/0858665f5f4d69803a3ed09eb8fd2033875d22c5,news.yahoo.co.jp,活用事例、実証実験、提携・連携,0.0,千房、HashPort、HashPort Wallet,85.0,EVT-20260406-02,2026-04-06,done,お好み焼「千房」の2店舗で、日本円連動型ステーブルコイン「JPYC」による決済の実証実験が開始された。ユーザーはHashPort Walletを利用して手数料無料で支払うことができ、決済利用者には千房オリジナルのSBTが付与され、顧客データの蓄積やマーケティングに活用される。
883.0,2026-04-07 16:02:49,日本円ステーブルコインJPYC、累計取引高が約216億円に到達 - CoinPost,https://coinpost.jp/?p=700009,coinpost.jp,市場・統計,0.0,ポリゴン、Tria、Daimo,75.0,EVT-20260407-01,2026-04-07,done,日本円ステーブルコイン「JPYC」の累計取引高が約216億円に達し、うち約143億円がポリゴン上で処理されている。ポリゴン上のJPYCはTria、Daimoなど複数の決済サービスを通じて利用されており、低コストで高速なトランザクション処理が決済用途に適していることが主要処理チェーンとなっている理由である。
884.0,2026-04-07 22:05:27,円建てステーブルコインJPYC、お好み焼き「千房」で決済開始 - Iolite（アイオライト）,https://iolite.net/news/coinpost-699818,iolite.net,活用事例、実証実験,0.0,千房、ハッシュポート、JPYC株式会社,85.0,EVT-20260406-02,2026-04-06,done,JPYC株式会社は7日から、円建てステーブルコイン「JPYC」による決済をお好み焼き専門店・千房の2店舗で開始する。AI時代に円建てステーブルコインの普及が遅れると日本の通貨主権喪失につながる可能性があるとの懸念から、国内におけるインフラ整備の急速な進展が重要とされている。
885.0,2026-04-07 22:05:27,円建てステーブルコインJPYC、千房2店舗で決済導入｜ハッシュポートが対応 - CoinPartner,https://coinotaku.com/news/articles/246346,coinotaku.com,活用事例、取扱い・対応,0.0,ハッシュポート、千房、HashPort Wallet for Biz,85.0,EVT-20260406-02,2026-04-06,done,デジタルウォレット開発のハッシュポートは2026年4月7日、円建てステーブルコイン「JPYC」による決済をお好み焼き専門店「千房」の大阪・東京2店舗に導入します。利用者は「HashPort Wallet for Biz」アプリでQRコードを読み込むだけで、手数料無料でJPYCによる支払いが可能になり、これは日本国内におけるステーブルコインの実用的なユースケースとして期待されています。
886.0,2026-04-08 14:01:43,JPYC、累計取引高217億円を突破｜ポリゴンが66%超で牽引 - Cryptonews,https://cryptonews.com/jp/news/jpyc-stablecoin-trading-volume-polygon/,cryptonews.com,市場・統計,0.0,ポリゴン、Tria、Daimo,85.0,EVT-20260407-01,2026-04-07,done,"日本円連動ステーブルコインJPYCは累計取引高が約217億6,000万円に達し、このうち約144億円（66%超）がポリゴンブロックチェーン上で処理されている。ポリゴンは低コストで高速な決済が可能であり、Triaやdaimoといったプラットフォームでの実需用途が拡大している。"
887.0,2026-04-08 17:45:02,お好み焼の千房、JPYC決済を導入｜手数料無料の実証実験開始 - crypto-times.jp,https://crypto-times.jp/news-chibo-an-okonomiyaki-restaurant-now-accepts-jpyc-payments/,crypto-times.jp,活用事例、実証実験,0.0,HashPort、千房株式会社、Polygon,85.0,EVT-20260406-02,2026-04-06,done,ハッシュポートは手数料無料の決済サービス「HashPort Wallet for Biz」を活用し、千房の大阪・東京2店舗でJPYCステーブルコイン決済の実証実験を開始しました。JPYC決済を利用したユーザーには千房オリジナルのSBT（Soulbound Token）が付与され、来店・利用履歴の可視化や顧客データ蓄積が目的とされています。
888.0,2026-04-08 18:11:49,関西電力の社会貢献アプリにWeb3ウォレット導入、ユーザーの「徳」がブロックチェーンで永久記録 - BigGo ファイナンス,https://finance.biggo.jp/news/IstcbJ0BvbjfYyetuh4X,finance.biggo.jp,提携・連携、活用事例,0.0,HashPort、関西電力、モアクト、HashPort Wallet,25.0,,,done,HashPortは4月8日、関西電力の社会貢献アプリ「モアクト」にWeb3ウォレット「HashPort Wallet」の機能を提供開始し、ユーザーの社会貢献活動の履歴がSBT（Soulbound Token）としてブロックチェーン上に恒久的に記録される仕組みを導入した。ユーザーが省エネ行動などのミッションをクリアして獲得した「トク（徳）」や「スイッチ」がブロックチェーン上に刻まれ、改ざんが困難な形で社会貢献の実績を証明・蓄積する「デジタル資産」として活用できるようになる。
889.0,2026-04-09 09:02:39,Hash Port、千房2店舗でステーブルコイン（JPYC）決済の実証実験を開始 - ペイメントナビ,https://paymentnavi.com/paymentnews/173070.html,paymentnavi.com,活用事例、実証実験、提携・連携,0.0,Hash Port、千房、HashPort Wallet for Biz,85.0,EVT-20260406-02,2026-04-06,done,HashPortは手数料ゼロのステーブルコイン決済サービス「HashPort Wallet for Biz」を活用し、2026年4月7日より千房の2店舗（千日前本店、有楽町ビックカメラ支店）でJPYCによる決済の実証実験を開始した。ユーザーはHashPort Walletに保有するステーブルコインを用いて両店舗での決済が可能となる。
890.0,2026-04-09 16:00:00,【独占】「金融庁や財務省に緊張感」──自民党「次世代のAI・オンチェーン金融構想PT」が発足、発起人・平将明議員が語る狙い - Yahoo!ニュース,https://news.yahoo.co.jp/articles/54a6b807dbb35fb99e8c89b4c9520f47d8c45d87,news.yahoo.co.jp,制度・規制、提携・連携、解説・論説,1.0,自民党デジタル社会推進本部、平将明議員、木原誠二議員、次世代のAI・オンチェーン金融構想PT,35.0,,,done,自民党が「次世代のAI・オンチェーン金融構想PT」を発足させ、AIエージェントとブロックチェーンの融合による新たな金融システムの実現に向けた政策立案を進める。発起人の平将明議員は、既存の金融インフラを統合し人を介さず取引が完結する「オンチェーン金融」が数年以内に現実化すると指摘し、個別制度の積み上げではなく全体像を描いたホワイトペーパーの作成を目標としている。
891.0,2026-04-10 01:00:00,JPYCとは？特徴や将来性、買い方やリスクを徹底解説！ | CRYPTO INSIGHT powered by ダイヤモンド・ザイ - ダイヤモンド・オンライン,https://diamond.jp/crypto/market/jpyc/,diamond.jp,解説・論説,1.0,JPYC株式会社、ソニー銀行、Coincheck,45.0,,,done,JPYCは2025年10月27日より正式発行された日本円に連動したステーブルコインで、法的には「電子決済手段」として分類されている。JPYC EXプラットフォームを通じて発行・償還が可能であり、価格変動リスクが少なく、個人利用や法人間決済、Web3サービスなど幅広い用途での利用が想定されている。
892.0,2026-04-10 15:03:52,JPYC公式推奨のHashPort Walletとは？ 特徴と外部接続先でSWAP手数料0円のメリットを徹底解説 - あたらしい経済,https://www.neweconomy.jp/features/hpw/564078,neweconomy.jp,取扱い・対応、活用事例,0.0,HashPort Wallet、JPYC EX、Kanalabs,75.0,EVT-20260410-01,2026-04-10,done,HashPort Walletは大阪・関西万博で累計約100万ダウンロードを記録し、2025年10月31日に正式リニューアルされた国産ウォレットで、2026年4月現在の累計ダウンロード数は約115万を突破しています。JPYCやPontaポイント、au Payとの連携、ガス代の一部をHashPort社がサポートするサービス、外部接続先Kanalabsでの手数料0円のSWAP取引などが特徴で、JPYC公式からも「推奨ウォレット」として認定されています。
893.0,2026-04-11 15:00:30,米政府、2.44BTCをコインベースへ送金｜押収資産の清算に注目 - crypto-times.jp,https://crypto-times.jp/news-us-government-sends-2-44-btc-to-coinbase/,crypto-times.jp,,0.0,米政府、Coinbase Prime、Arkham,5.0,,,done,米政府関連のウォレットが合計2.438 BTCをCoinbase Primeに送金し、これは過去に押収した「Glenn Olivio」関連資産の一部であることが判明しました。取引所への送金は資産の清算準備と見なされることが多いですが、今回が単なる資産管理か売却目的かは公式に明らかにされていません。
894.0,2026-04-11 16:00:00,円かドルか──「返すタイミング」が問うステーブルコインの通貨主権【編集長コラム】（NADA NEWS） - Yahoo!ニュース,https://news.yahoo.co.jp/articles/8b90ee1800eefaff914466a8d6bf7dc7cc3b3d25,news.yahoo.co.jp,活用事例、解説・論説、競合・市場環境,1.0,千房、HashPort、JPYSC、吉田世博,75.0,EVT-20260406-02,2026-04-06,done,4月7日、お好み焼きの千房がHashPortと連携してステーブルコイン「JPYC」での決済実証実験を開始した。現在、ステーボルコインは米ドル建てが大部分を占めており、日本円建てステーボルコインのJPYCとJPYSCが世界に普及していくことが重要な課題となっている。
895.0,2026-04-11 18:09:31,JPYC決済が使えるお店マップ ／JPYC決済が使えるお店マップを公開しました！ - pr-free.jp,https://pr-free.jp/2026/155007/,pr-free.jp,活用事例,0.0,JPYC決済が使えるお店マップ、Web3,65.0,EVT-20260411-01,2026-04-11,done,日本円連動ステーブルコイン「JPYC」による決済に対応した実店舗を地図上で探せる「JPYC決済が使えるお店マップ」が公開されました。本マップはユーザーが現在地や地名を入力することで最寄りのJPYC対応店舗を表示し、カテゴリ絞り込み機能やGoogleマップ連携などの機能を備えています。JPYC決済導入店舗の掲載申請も随時募集されており、JPYCの普及と実店舗への集客力向上が期待されています。
896.0,2026-04-11 23:32:47,日本円ステーブルコインJPYC、時価総額132%増 - crypto-times.jp,https://crypto-times.jp/news-jpyc-sees-its-market-capitalization-rise-by-132/,crypto-times.jp,市場・統計,0.0,Token Terminal、Polygon、ソニー銀行,75.0,EVT-20260407-01,2026-04-07,done,日本円ステーブルコイン「JPYC」のPolygonネットワーク上における時価総額が過去1ヶ月間で132.8%増加しました。JPYC社は今後3年で10兆円規模の市場成長と世界シェア25%の獲得を目標としており、ソニー銀行との提携や流通額の増加など実社会での利用拡大が進んでいます。
898.0,2026-04-13 16:00:00,JPYCとHashPort 切り開くDeFi──新しい日本型金融構造【エックスウィンリサーチ】（NADA NEWS） - Yahoo!ニュース,https://news.yahoo.co.jp/articles/ca9cf34b161bb36407b668d68c94caf14b3c9742,news.yahoo.co.jp,解説・論説,1.0,HashPort Wallet、DeFi、セルフカストディ,75.0,EVT-20260413-01,2026-04-13,done,DeFi市場のTotal Value Lockedが約950億ドル規模に達し、実需ベースでの評価が進む中、JPYCなどの円建てステーブルコインとHashPort Walletのようなセルフカストディ機能を備えたプロダクトが、日本における新しい金融構造の形成を推し進めている。金融商品取引法の改正やステーブルコイン規制の明確化といった制度整備により、DeFiは投機対象から金融インフラとしての進化段階に入りつつある。
897.0,2026-04-13 16:00:00,NFTチケット、宿泊権、海外展開──非金融領域でも進むオンチェーン活用の実例【N.Avenue club Summit企業発表会 Part2】 - Yahoo!ニュース,https://news.yahoo.co.jp/articles/ada3ff8c676d92c57560c1d7d69d4a763890efb6,news.yahoo.co.jp,実証実験、解説・論説,1.0,東急不動産HD、スカパーJSAT、BIPROGY、CAC、スイス大使館,5.0,,,done,N.Avenue club Summitでは、エンターテインメント領域や大使館を含む5団体がオンチェーン活用の実例を発表した。東急不動産HDは宿泊権NFT化による二次流通市場構築、スカパーJSATはIPとweb3を組み合わせたエンタメ体験、BIPROGYはオンチェーン商流構築、CACはAbavalanche・Solana・Baseを軸にした基盤選定コンサル、スイス大使館は「クリプト・ネーション」としての国家レベルでのweb3企業誘致戦略をそれぞれ紹介した。
899.0,2026-04-14 00:00:00,サナエトークンは資金決済法違反か、ひろゆき氏×JPYC岡部氏が法的リスク検証 - JinaCoin,https://jinacoin.ne.jp/rehaq-jpyc-hiroyuki-20260414/,jinacoin.ne.jp,解説・論説、制度・規制、競合・市場環境,1.0,岡部典孝、ひろゆき氏、サナエトークン、資金決済法,72.0,EVT-20260406-01,2026-04-06,done,YouTube番組「ReHacQ」でJPYC岡部代表とひろゆき氏が、高市早苗氏の名前を冠した「サナエトークン」の法的課題について対談し、無登録販売は資金決済法違反に問われる可能性が高いと指摘した。また、日本のステーブルコイン規制は欧米より先行する一方で、適法な事業者が不透明なプロジェクトと混同される風評被害や厳しい参入障壁に直面していることが課題として浮き彫りになった。
900.0,2026-04-14 15:00:28,日本が独自DeFi円システムを構築中：新たな日本の金融構造 - nextmoney.jp,https://nextmoney.jp/?p=83856,nextmoney.jp,活用事例、解説・論説,1.0,HashPort Wallet、HashPort、DeFi,85.0,EVT-20260413-01,2026-04-13,done,日本は円建てステーブルコインであるJPYCを中心に、独自のDeFi円システムを構築中であり、ブロックチェーンベースのスマートコントラクトを通じてユーザーが資産を直接管理できる環境を整備している。JPYCとHashportの共同構築により、通貨換算の摩擦やドル建てプロトコルの障壁といった課題を解決し、国家レベルの金融アクセスレイヤーを提供することで、グローバルなDeFi機能を現地通貨で利用可能にしている。
903.0,2026-04-14 16:00:00,「第9回 BCCC Collaborative Day」4月21日（火）開催決定！ステーブルコインの発行拡大でWeb3は「社会実装」のフェーズへ - PR TIMES,https://prtimes.jp/main/html/rd/p/000000414.000010008.html,prtimes.jp,提携・連携、制度・規制,0.0,BCCC、金融庁、井林たつのり,45.0,EVT-20260414-02,2026-04-14,done,一般社団法人ブロックチェーン推進協会（BCCC）は、設立10周年を記念して2026年4月21日に「第9回 BCCC Collaborative Day」を開催します。「実社会へのWeb3実装」をテーマとし、JPYC株式会社による金融庁からのステーボルコイン発行の第1号認定など、制度整備の進展を背景に、ステーボルコインやWeb3技術が切り拓く「次の10年」の具体像を提示します。
902.0,2026-04-14 16:00:00,地方のDX化には必要不可欠！ステーブルコインとマイナンバーカードの実証実験を全国各地で実施 - @DIME アットダイム,https://dime.jp/genre/2103518/,dime.jp,実証実験、解説・論説,1.0,三井住友カード、マイナウォレット、マイナンバーカード,65.0,,,done,三井住友カードとマイナウォレット株式会社は、マイナンバーカードを活用したステーブルコイン決済の実証実験を2026年1月23日、24日に福岡市の照葉積水ハウスアリーナで実施する。ステーブルコインは法定通貨にペッグされた「電子決済手段」であり、クレジットカード決済より店舗手数料が低廉なため、地方のDX化に必要不可欠とされている。
901.0,2026-04-14 16:00:00,AI・人工知能 EXPOに出展！日本円ステーブルコイン「JPYC」によるAI決済の実演デモを実施。特別セッションも開催！ - PR TIMES,https://prtimes.jp/main/html/rd/p/000000312.000054018.html,prtimes.jp,活用事例、提携・連携,0.0,LINE NEXT、Kaia、Nextech Week 2026,75.0,EVT-20260414-01,2026-04-14,done,JPYC株式会社は、2026年4月15日～17日に東京ビッグサイトで開催される「Nextech Week 2026 ～ 第10回 AI・人工知能 EXPO [春]～」に出展し、日本円ステーブルコイン「JPYC」を活用したAI決済の実演デモを実施するほか、LINE NEXTおよびKaiaとの共同セッションを開催する。
904.0,2026-04-15 16:00:00,日本円ステーブルコインのJPYC、シリーズB追加で28億円の調達を完了——ラウンド総額は46億円に - BRIDGE（ブリッジ）,https://thebridge.jp/2026/04/jpyc-raises-2-8-billion-yen-in-series-b-second-close,thebridge.jp,発行・資金、市場・統計,0.0,NCBベンチャーキャピタル、テクミラホールディングス、ソニー銀行、LINE NEXT,95.0,EVT-20260415-01,2026-04-15,done,日本円ステーブルコイン「JPYC」を運営するJPYCは、シリーズBラウンドのセカンドクローズで28億円を調達し、ファーストクローズと合わせたシリーズB累計調達額は約46億円となる予定である。同社は調達資金をセキュリティ強化、マルチチェーン拡充、人材採用などに充当し、実店舗決済やM2M決済インフラ化を目指している。
905.0,2026-04-16 05:35:39,ビットワイズ、アバランチ現物ETF「BAVA」をNYSEで上場 ステーキング報酬提供 - CoinPost,https://coinpost.jp/?p=702349,coinpost.jp,その他,0.0,Bitwise Asset Management、アバランチ（AVAX）、NYSE,5.0,,,done,Bitwise Asset Managementがアバランチ（AVAX）の現物ETF「BAVA」をニューヨーク証券取引所に上場させた。同ETFが保有するAVAXは、Bitwise Onchain Solutionsを通じてステーキングされ、年利5.4%の報酬を提供する。
906.0,2026-04-16 16:00:00,ステーブルコインの可能性 - デジタル金融最前線 - 日経CNBC online,https://online.nikkei-cnbc.co.jp/vod/64974,online.nikkei-cnbc.co.jp,解説・論説、競合・市場環境,1.0,岡部典孝、三菱UFJ銀行、トランプ政権,65.0,EVT-20260416-01,2026-04-16,done,トランプ政権による仮想通貨支援政策やジーニアス法の成立により、ステーブルコインの普及が進み、米国ではレストランでの決済利用が広がっている。日本では2028年に暗号資産ETFが解禁される見通しとなり、2025年秋のJPYCを皮切りに、3メガバンクもステーブルコイン共同発行の準備を進めている。
907.0,2026-04-17 06:00:42,【4月限定・Kana Labs主催】春のスワップキャンペーン開催のお知らせ - CoinPost,https://coinpost.jp/?post_type=breaking&p=702555,coinpost.jp,取扱い・対応、提携・連携,0.0,Kana Labs、HashPort Wallet、JPYC株式会社,45.0,EVT-20260417-01,2026-04-17,done,"Kana Labsは2025年4月17日から4月30日の期間限定で「春のスワップキャンペーン」を開催しており、HashPort Walletを使用してKanalabsでスワップ取引を行い、累計10,000円以上の出来高に達したユーザーを対象に、最大10万JPYCを順位に応じて贈呈します。JPYCは日本円と1:1で連動するステーブルコインであり、本キャンペーンを通じてWeb3ユーザーがより身近にJPYCを活用できるようになります。"
908.0,2026-04-17 16:00:00,Datachain、学生向けハッカソン「Tornado 2026」に公式パートナーとして参画賞金のJPYC送付を技術支援し、若年層のステーブルコイン理解促進に貢献 | 株式会社Speeeのプレスリリース - PR TIMES,https://prtimes.jp/main/html/rd/p/000000303.000014788.html,prtimes.jp,実証実験、提携・連携、活用事例,0.0,Datachain、Tornado 2026、Datachain Wallet,65.0,EVT-20260417-02,2026-04-17,done,株式会社Datachainは、2026年夏に開催される学生向けハッカソン「Tornado 2026」に公式パートナーとして参画し、賞金となるJPYCの送付・管理を技術支援することで、若年層のブロックチェーンおよびステーブルコイン理解の促進と次世代人材育成に貢献する。
909.0,2026-04-17 16:00:00,東京都、円建てステーブルコインのユースケース創出事業へ補助金──上限4000万円、本日公募開始（NADA NEWS） - Yahoo!ニュース,https://news.yahoo.co.jp/articles/7b4ea991bd76b9896b51b39cf4b134f7cb8e3d59,news.yahoo.co.jp,制度・規制、実証実験,0.0,東京都、JPYC、JPYSC,65.0,EVT-20260417-03,2026-04-17,done,東京都は4月17日、円建てステーブルコインの社会実装を支援する補助金制度の公募を開始した。補助対象は資金決済法上の「電子決済手段」に該当する日本円建てステーブルコインを活用して社会課題解決や決済利便性向上を図る事業で、補助率は対象経費の3分の2以内、上限額は1件あたり4000万円である。
910.0,2026-04-17 16:00:00,Datachain、学生向けハッカソン「Tornado 2026」に公式パートナーとして参画賞金のJPYC送付を技術支援し、若年層のステーブルコイン理解促進に貢献 - PR TIMES,https://prtimes.jp/main/html/rd/p/000000054.000055051.html,prtimes.jp,実証実験、提携・連携、活用事例,0.0,Datachain、Tornado 2026、Datachain Wallet,75.0,EVT-20260417-02,2026-04-17,done,株式会社Datachainは、2026年夏に開催される学生向けハッカソン「Tornado 2026」に公式パートナーとして参画し、賞金となるJPYCの送付を技術支援することで、若年層のブロックチェーンおよびステーブルコイン理解促進に貢献する。本ハッカソンではDatachainの法人向けWeb3ウォレット「Datachain Wallet」がJPYCの送付・管理に利用される予定である。
911.0,2026-04-17 21:47:22,東京都、円建てステーブルコイン活用の事業者に最大4000万円補助金 - crypto-times.jp,https://crypto-times.jp/news-tokyo-to-provide-40-million-yen-in-subsidies-to-create-use-cases-for-yen-pegged-stablecoins/,crypto-times.jp,制度・規制、実証実験,0.0,東京都、ステーブルコイン社会実装促進事業補助金、JPYC株式会社,85.0,EVT-20260417-03,2026-04-17,done,"東京都は4月17日、円建てステーブルコインを活用してユースケースを創出する事業者を対象とした補助金制度の令和8年度公募を開始し、補助対象経費の3分の2以内、1件あたり最大4,000万円を交付します。本補助金は国内初の円建てステーブルコインであるJPYCを活用する事業を想定しており、既に発行されている円建てステーブルコインを活用する側の事業者が支援対象となります。"
912.0,2026-04-17 22:38:19,東京都が円ステーブルコイン普及に本腰、最大4000万円の補助金公募開始 - BigGo ファイナンス,https://finance.biggo.jp/news/Vdupm50BQ45Y7dX68rPl,finance.biggo.jp,制度・規制、解説・論説,1.0,東京都、JPYC株式会社、SBIホールディングス、Startale Group,85.0,EVT-20260417-03,2026-04-17,done,東京都は4月17日、円建てステーブルコインを活用した社会課題解決や決済利便性向上を目指す事業に対し、1件あたり最大4000万円の補助金公募を開始した。本補助金制度はステーブルコインの「発行」ではなく「利用」に焦点を当てており、JPYC、SBI、メガバンクなど複数プレイヤーによる円ステーブルコイン発行の具体化に続く段階として、実装サービスやアプリケーションの創出を支援するものである。
914.0,2026-04-20 16:00:00,JPYC、メタプラネットらから28億円の追加資金調達へ──シリーズB累計調達額は約46億円に（NADA NEWS） - Yahoo!ニュース,https://news.yahoo.co.jp/articles/e60da316fa98a35644af2a3dd9147a343a109e46,news.yahoo.co.jp,発行・資金、活用事例、市場・統計,0.0,メタプラネット、ソニー銀行、LINE NEXT、NCBベンチャーキャピタル,95.0,EVT-20260415-01,2026-04-15,done,JPYCは20日、シリーズBラウンドのセカンドクローズにおいて28億円の追加資金調達を完了する予定を発表し、ファーストクローズとの累計調達額は約46億円となる見込みである。調達資金はシステム開発、人材採用、事業拡大などに重点投資され、JPYCの流通規模拡大やマルチチェーン対応、実社会での活用シーン拡大に向けた基盤強化が進められている。
913.0,2026-04-20 16:00:00,日本円ステーブルコイン「JPYC」、シリーズB 2ndクローズ 28億円を追加調達 | JPYC株式会社のプレスリリース - PR TIMES,https://prtimes.jp/main/html/rd/p/000000313.000054018.html,prtimes.jp,発行・資金,0.0,JPYC株式会社、岡部典孝、ソニー銀行、LINE NEXT,95.0,EVT-20260415-01,2026-04-15,done,"日本円ステーブルコイン「JPYC」を発行・運営するJPYC株式会社は、シリーズBラウンドのセカンドクローズにおいて28億円の追加資金調達を完了し、1stクローズと合わせた累計調達額は約46億円となる見込みです。調達資金はシステム開発、人材採用、事業推進、戦略的投資に充当され、2025年10月の発行開始以来、累計発行額21億円、利用アドレス数137,000を突破するなど、急成長するJPYCの社会実装をさらに加速させます。"
915.0,2026-04-20 16:00:00,i-nest capitalが「JPYC株式会社」へ追加投資 - PR TIMES,https://prtimes.jp/main/html/rd/p/000000086.000051734.html,prtimes.jp,発行・資金、提携・連携,0.0,i-nest capital、JPYC株式会社、ソニー銀行,75.0,EVT-20260420-01,2026-04-20,done,i-nest capital株式会社は2026年4月、JPYC株式会社への追加投資を実行しました。JPYCは2025年10月に国内初の資金移動業型ステーブルコイン「JPYC」の発行を開始し、発行からわずか半年で累計発行額21億円を突破しており、今後はソニー銀行との連携やBtoB送金など、より広範なユースケース拡大を目指しています。
916.0,2026-04-20 16:00:00,Incerto、JPYC決済を含むオンライン決済導入支援パッケージを提供開始 - PR TIMES,https://prtimes.jp/main/html/rd/p/000000009.000181058.html,prtimes.jp,提携・連携、実証実験、市場・統計,0.0,Incerto合同会社、東京都産業労働局、ステーバルコイン社会実装促進事業補助金,75.0,EVT-20260417-03,2026-04-17,done,"Incerto合同会社は、JPYCを含む日本円建てステーブルコイン決済の導入支援パッケージの提供を開始しました。東京都が2026年4月17日に開始したステーブルコイン社会実装促進事業補助金（補助率3分の2、上限4,000万円）に対応し、要件整理から実装支援、運用準備まで一貫して支援します。"
917.0,2026-04-20 16:00:00,JPYC、シリーズB2ndクローズで28億円を追加調達へ（あたらしい経済） - Yahoo!ニュース,https://news.yahoo.co.jp/articles/80d3933f26cc5a7f8661f305ffefc6b22d402f76,news.yahoo.co.jp,発行・資金,0.0,NCBベンチャーキャピタル、メタプラネット、i-nest capital、北洋銀行,95.0,EVT-20260415-01,2026-04-15,done,日本円ステーブルコイン「JPYC」を発行・運営するJPYC社が、シリーズBラウンドのセカンドクローズで28億円の追加調達を完了予定であり、ファーストクローズの17.8億円と合わせて累計約46億円の調達となる。調達資金はシステム開発、人材採用、事業投資、戦略的投資に充てられ、マルチチェーン展開やM2M決済対応、法務・コンプライアンス体制の強化などに注力するとしている。
919.0,2026-04-20 16:00:00,テクミラホールディングス[3627]：日本初の円建ステーブルコインの発行を行う ＪＰＹＣ社に追加出資 国内ステーブルコイン市場の拡大に向けた連携強化を目指す 2026年4月20日(適時開示) ：日経会社情報DIGITAL - 日本経済新聞,https://www.nikkei.com/nkd/disclosure/tdnr/20260420506456/,nikkei.com,提携・連携、発行・資金,0.0,テクミラホールディングス、JPYC社,75.0,EVT-20260420-02,2026-04-20,done,テクミラホールディングスは、日本初の円建ステーブルコインを発行するJPYC社に追加出資を行う。国内ステーブルコイン市場の拡大に向けた連携強化を目指している。
918.0,2026-04-20 16:00:00,JPYC，シリーズBで28億円を追加調達 - bitbank,https://bitbank.cc/knowledge/breaking/article/y51r_wmwj,bitbank.cc,発行・資金、活用事例,0.0,JPYC株式会社、シリーズB、bitbank,95.0,EVT-20260415-01,2026-04-15,done,JPYC株式会社はシリーズBセカンドクローズで28億円を追加調達し、累計約46億円に到達見込み。調達資金はシステム開発や人材採用など四つの用途に充当し、円建てステーブルコインの社会実装を加速させる。累計発行額21億円超、ウォレット利用13.7万件規模に拡大したJPYCは、複数チェーンやAIエージェント間決済、実店舗・越境決済など多様な分野での円デジタル流通の基盤化を目指している。
920.0,2026-04-20 16:00:00,日本初の円建ステーブルコインの発行を行うＪＰＹＣ社に追加出資 - newscast.jp,https://newscast.jp/news/8491473,newscast.jp,提携・連携、発行・資金,0.0,テクミラホールディングス、ネオス株式会社、テクミラ一号投資事業有限責任組合,75.0,EVT-20260420-02,2026-04-20,done,テクミラホールディングスは、日本初の円建ステーブルコインを発行するJPYC社に追加出資を行いました。JPYC社は2025年8月に資金移動業者として登録され、2025年10月から円と連動するステーブルコインの発行を開始しており、テクミラはネオス社のWalletアプリを通じてステーブルコイン利用環境の構築を目指しています。
921.0,2026-04-20 16:56:34,JPYC株式会社、シリーズBラウンドで28億円の追加資金調達を完了し成長加速へ - ニュースメディアVOIX,https://voix.jp/money/card/31810/,voix.jp,発行・資金,0.0,JPYC株式会社、シリーズBラウンド、ソニー銀行、LINE NEXT,95.0,EVT-20260415-01,2026-04-15,done,JPYC株式会社は、シリーズBラウンドのセカンドクローズで28億円の追加資金調達を完了し、累計調達額は約46億円に達する見込みです。調達資金は金融およびweb3エコシステムの拡大、システム開発、人材採用などに活用され、JPYCの社会実装と流通規模の拡大を加速させます。
922.0,2026-04-21 00:00:00,三井住友カード×マイナンバーカードでJPYC決済──実証実験第2弾実施 - JinaCoin,https://jinacoin.ne.jp/mitsui-maina-jpyc-20260421/,jinacoin.ne.jp,実証実験、活用事例、提携・連携,0.0,マイナウォレット株式会社、三井住友カード株式会社、ライジングゼファーフクオカ,95.0,EVT-20260421-01,2026-04-21,done,マイナウォレット株式会社と三井住友カード株式会社は、4月25日に北九州メッセでマイナンバーカードを活用したステーブルコイン決済の実証実験第2弾を実施する。福岡県在住者への追加JPYC付与やプッシュ型インセンティブ、iPhoneのタッチ決済対応など3つの新機能を導入し、日本円ステーブルコインJPYCによる実店舗決済を検証する。
923.0,2026-04-21 07:10:32,円ステーブルコイン「JPYC」が28億円追加調達、メタプラネットや住友生命なども参加 - CoinPost,https://coinpost.jp/?p=703451,coinpost.jp,発行・資金、市場・統計、提携・連携,0.0,メタプラネット、住友生命、ソニー銀行,95.0,EVT-20260415-01,2026-04-15,done,日本円ステーブルコイン「JPYC」を運営するJPYC株式会社は、シリーズBラウンドのセカンドクローズで28億円の資金調達を完了し、メタプラネットや住友生命など複数の企業が参加した。調達資金はM2M決済対応やシステム構築に充てられ、累計発行額が21億円を突破するなど急成長を記録している。
924.0,2026-04-21 10:22:29,"東京都が円建てステーブルコイン補助金を開始、1社最大4,000万円・補助率3分の2で社会実装を後押し - innovaTopia",https://innovatopia.jp/blockchain/blockchain-news/97362/,innovatopia.jp,制度・規制、解説・論説,1.0,東京都産業労働局、2050東京戦略、改正資金決済法,75.0,EVT-20260417-03,2026-04-17,done,"東京都産業労働局は2026年4月17日、円建てステーブルコインの社会実装に取り組む事業者向け補助金事業の開始を発表した。補助率は対象経費の3分の2で、1社あたりの補助上限額は4,000万円である。本事業は「2050東京戦略」の戦略12「国際金融」に位置付けられ、国際金融都市・東京のプレゼンス確立を目的としている。"
925.0,2026-04-21 10:58:36,JPYC株式会社が28億円の追加調達、メタプラネットら参加 - Cryptonews,https://cryptonews.com/jp/news/jpyc-stablecoin-series-b-funding-metaplanet/,cryptonews.com,発行・資金、市場・統計,0.0,メタプラネット、北洋銀行、アステリア,95.0,EVT-20260415-01,2026-04-15,done,日本円ステーブルコインJPYCを発行するJPYC株式会社は、シリーズBラウンドのセカンドクローズにおいて28億円の追加調達を完了し、2月のファーストクローズと合わせて累計約46億円を調達した。調達背景にはJPYCの流通規模が急拡大していることがあり、4月15日時点での累計発行額は21億円を超え、直近3ヶ月で約2.6倍の成長を記録している。調達資金はシステム開発と人材採用に充てられ、ブロックチェーン対応の拡充やセキュリティ強化を進める予定である。
926.0,2026-04-21 11:52:23,日本円ステーブルコイン「JPYC」、28億円を追加調達 - crypto-times.jp,https://crypto-times.jp/news-jpyc-raises-an-additional-2-8-billion-yen/,crypto-times.jp,発行・資金、提携・連携、活用事例,0.0,ソニー銀行、LINE、Unifi,95.0,EVT-20260415-01,2026-04-15,done,"日本円ステーブルコイン「JPYC」は28億円を追加調達し、137,000を超えるウォレットアドレスに保有されている。ソニー銀行との提携やLINEエコシステムの「Unifi」への採用など、実証実験から社会実装へのフェーズ移行を象徴するパートナーシップの加速と、エルサルバドルでのクロスボーダー決済実績により、円のデジタル国境越えが進展している。"
927.0,2026-04-21 14:05:54,マイナウォレットと三井住友カード、北九州でマイナカード活用の仮想通貨決済実験を実施 - CoinPost,https://coinpost.jp/?p=703679,coinpost.jp,実証実験、活用事例、提携・連携,0.0,マイナウォレット、三井住友カード、ライジングゼファーフクオカ,85.0,EVT-20260421-01,2026-04-21,done,マイナウォレットと三井住友カードは、4月25日に北九州メッセでマイナンバーカードを活用したステーブルコイン（JPYC）決済の第2弾実証実験を実施する。iPhoneのタッチ決済機能を導入して決済スピードや利便性を検証し、福岡県在住者に追加のJPYCを付与するインセンティブ施策を同時に行う。三井住友カードの決済プラットフォーム「stera」と連携することで、国内独自の「公的ID×決済」領域の標準化を加速させる。
930.0,2026-04-21 16:00:00,キリフダ、LINEミニアプリを活用したJPYCを含むオンライン決済導入支援を開始（LINE以外の導入にも対応） - PR TIMES,https://prtimes.jp/main/html/rd/p/000000087.000100604.html,prtimes.jp,活用事例、取扱い・対応、提携・連携,0.0,キリフダ株式会社、東京都、LINE,75.0,EVT-20260421-02,2026-04-21,done,"キリフダ株式会社は、2026年4月21日よりJPYCを含むオンライン決済の導入を支援する「オンライン決済導入支援パッケージ」の提供を開始します。本パッケージは、東京都のステーブルコイン活用支援補助金（補助率3分の2、上限4,000万円）の公募開始を背景に、事業者の要件整理から決済フロー設計、実装支援、運用準備までを一貫して支援し、LINEミニアプリでのスモールスタートからスマホアプリ・Web向けのフルスクラッチ開発まで柔軟に対応します。"
931.0,2026-04-21 16:00:00,テクミラＨＤ－3日ぶり反発 ＪＰＹＣ社に追加出資(トレーダーズ・ウェブ) - Yahoo!ファイナンス,https://finance.yahoo.co.jp/news/detail/197747e145d2139f23928a09f03d5d4dee3d18b7,finance.yahoo.co.jp,提携・連携、発行・資金,0.0,テクミラホールディングス、JPYC株式会社,65.0,EVT-20260420-01,2026-04-20,done,テクミラホールディングスは、日本初の本格的な円建ステーブルコイン「JPYC」を発行・償還するJPYC社に対して追加出資を行った。同社グループはJPYCとの連携を強化することで、コンシューマ領域でのステーブルコイン利用環境の向上とステーブルコイン市場の拡大を目指すとしている。
928.0,2026-04-21 16:00:00,三井住友カード、マイナカード活用のJPYCタッチ決済の実証実験の第2弾実施へ（あたらしい経済） - Yahoo!ニュース,https://news.yahoo.co.jp/articles/bf2ae718778deb70283c2b12ee9ef9137dfae78b,news.yahoo.co.jp,実証実験、取扱い・対応,0.0,三井住友カード、マイナウォレット、ライジングゼファーフクオカ,95.0,EVT-20260421-01,2026-04-21,done,三井住島カード社とマイナウォレット社は、マイナンバーカードを活用したステーブルコイン「JPYC」によるタッチ決済の実証実験第2弾を4月25日の北九州でのプロバスケットボールゲームで実施する。第1弾の知見をもとに、福岡県在住者向けの特典やiPhoneでのタッチ決済機能を新たに導入し、決済体験の拡充と利用促進を図る。
929.0,2026-04-21 16:00:00,マイナンバーカードでJPYCタッチ決済、第2弾実証へ──iPhone対応も（NADA NEWS） - Yahoo!ニュース,https://news.yahoo.co.jp/articles/9fb7c17150813787d4c87877cff262172050e987,news.yahoo.co.jp,実証実験、活用事例、提携・連携,0.0,マイナウォレット社、三井住友カード、ライジングゼファーフクオカ,95.0,EVT-20260421-01,2026-04-21,done,マイナウォレット社と三井住友カードは、マイナンバーカードを用いたステーブルコイン「JPYC」決済の実証実験第2弾を4月25日に北九州メッセで実施する。本実験では、実物またはiPhoneのマイナンバーカードでタッチ決済を行い、ブロックチェーン上でJPYC残高を移転させるとともに、追加付与やプッシュ型インセンティブなどの新機能を導入する。
932.0,2026-04-21 16:04:50,三井住友カード、マイナカード活用のJPYCタッチ決済の実証実験の第2弾実施へ - あたらしい経済,https://www.neweconomy.jp/posts/566990,neweconomy.jp,実証実験、活用事例,0.0,三井住友カード、マイナウォレット、ライジングゼファーフクオカ,95.0,EVT-20260421-01,2026-04-21,done,三井住友カード社とマイナウォレット社が、マイナンバーカードを活用したステーブルコイン「JPYC」のタッチ決済実証実験の第2弾を4月25日の北九州メッセで開催されるバスケットボール試合で実施する。第2弾では、福岡県在住者向けの追加特典やiPhoneのマイナンバーカードによるタッチ決済機能の導入により、決済スピードと利便性の向上を検証するとのこと。
933.0,2026-04-21 17:16:53,キリフダ、JPYCを活用したオンライン決済導入支援パッケージの提供開始 - ニュースメディアVOIX,https://voix.jp/credit-cards/kirifuda-online-payment-support/,voix.jp,取扱い・対応、活用事例,0.0,キリフダ、LINE、東京都補助金,75.0,EVT-20260421-02,2026-04-21,done,キリフダ株式会社がJPYCを含むオンライン決済の導入を支援する「オンライン決済導入支援パッケージ」の提供を開始しました。本パッケージは、要件整理から決済フロー設計、実装支援、運用準備までを一貫してサポートし、LINEミニアプリでの短期導入やiOS/Androidネイティブアプリ、Webアプリでのフルスクラッチ開発に対応しています。東京都のステーブルコイン活用支援公募を背景に、企業が自社事業におけるステーブルコイン決済の導入を段階的に進められるよう支援します。
934.0,2026-04-22 07:01:05,日本国内で加速するWeb3.0事業の最新動向と展開 - ANIMAGIC DAO,https://dao.animagic.design/web3-0-%E3%83%A1%E3%82%BF%E3%83%90%E3%83%BC%E3%82%B9/%E6%97%A5%E6%9C%AC%E5%9B%BD%E5%86%85%E3%81%A7%E5%8A%A0%E9%80%9F%E3%81%99%E3%82%8Bweb3-0%E4%BA%8B%E6%A5%AD%E3%81%AE%E6%9C%80%E6%96%B0%E5%8B%95%E5%90%91%E3%81%A8%E5%B1%95%E9%96%8B/,dao.animagic.design,発行・資金、提携・連携、解説・論説,1.0,JPYC株式会社、メタプラネット、住友生命、i-nest capital,92.0,EVT-20260415-01,2026-04-15,done,日本円ステーブルコイン「JPYC」を発行・運営するJPYC株式会社が、2026年4月20日にシリーズBラウンドで28億円の追加資金調達を発表した。累計発行額は21億円を突破し、直近3ヶ月で2.6倍の成長を遂げており、調達資金はシステム開発、人材採用、事業拡大、AIエージェント連携などに活用される。
935.0,2026-04-22 11:31:39,キリフダ、JPYC決済導入支援パッケージを提供 LINEミニアプリ活用により企業を包括支援 - PlusWeb3,https://plus-web3.com/media/latestnews_1000_8710/,plus-web3.com,取扱い・対応、活用事例、解説・論説,1.0,キリフダ株式会社、東京都ステーブルコイン社会実装促進事業補助金、LINEミニアプリ,75.0,EVT-20260421-02,2026-04-21,done,"キリフダ株式会社がJPYCを含むオンライン決済導入支援パッケージを2026年4月21日より提供開始し、要件整理から運用準備までを一体で支援する。東京都のステーブルコイン社会実装促進事業補助金（補助率3分の2、上限4,000万円）の公募開始を背景に、LINEミニアプリを活用したウォレット基盤により企業の次世代決済導入を加速させる。"
936.0,2026-04-22 11:32:24,東京都、円建てステーブルコイン活用を後押し 最大4000万円補助で実利用拡大へ - PlusWeb3,https://plus-web3.com/media/latestnews_1000_8713/,plus-web3.com,制度・規制、実証実験、解説・論説,1.0,東京都、産業労働局、ステーバルコイン社会実装促進事業,75.0,EVT-20260417-03,2026-04-17,done,東京都は円建てステーブルコインの社会実装を支援する補助制度を開始し、ユースケース創出に取り組む事業者に対して最大4000万円の補助を行う。本制度は発行ではなく利用側に重点を置いており、実際の利用機会が限定的という国内市場の課題に対応するものである。
937.0,2026-04-22 11:35:46,マイナンバーカードでJPYC決済、実験第2弾が始動｜iPhone対応 - Cryptonews,https://cryptonews.com/jp/news/mynumber-stablecoin-payment-trial-japan/,cryptonews.com,実証実験、活用事例,0.0,マイナウォレット、三井住友カード、ライジングゼファーフクオカ,85.0,EVT-20260421-01,2026-04-21,done,マイナウォレットと三井住友カードは、マイナンバーカードを活用したステーブルコインJPYCの決済実証実験第2弾を2026年4月25日に北九州メッセで実施する。今回はiPhone対応やインセンティブ付与などの新機能を追加し、公的IDと仮想通貨を組み合わせた決済システムの普及を目指すとともに、将来的には訪日外国人向けのインバウンド決済への拡大も検討している。
938.0,2026-04-22 14:03:01,iPhoneのマイナカードでステーブルコイン決済、福岡で実証実験 - Impress Watch,https://www.watch.impress.co.jp/docs/news/2103680.html,watch.impress.co.jp,実証実験、活用事例,0.0,三井住友カード、マイナウォレット、ライジングゼファーフクオカ,85.0,EVT-20260421-01,2026-04-21,done,マイナウォレットと三井住友カードは、マイナンバーカードを活用したステーブルコイン(JPYC)決済の実証実験第2弾を4月25日に福岡で開催し、新たにiPhoneのマイナンバーカード対応やプッシュ型付与による購買促進を検証する。将来的には海外ユーザーのステーブルコインを国内実店舗での決済に利用できるスキームも検討している。
939.0,2026-04-22 14:32:36,JPYCがシリーズBで28億円追加調達 M2M決済見据えステーブルコイン拡張 - PlusWeb3,https://plus-web3.com/media/latestnews_1002_8715/,plus-web3.com,発行・資金、解説・論説,1.0,NCBベンチャーキャピタル、テクミラホールディングス、メタプラネット、北洋銀行,95.0,EVT-20260415-01,2026-04-15,done,JPYC株式会社はシリーズBラウンドのセカンドクローズで28億円の追加調達を完了予定であり、累計調達額は約46億円に達する見込みである。調達資金はシステム開発やマルチチェーン展開、特にAIエージェントが自律的に決済するM2M決済でJPYCをネイティブ通貨として機能させるための開発に充てられる予定である。
940.0,2026-04-23 00:00:00,JBAハッカソンでステーブルコイン活用の寄付アプリがJPYC賞──CAC社員が開発 - JinaCoin,https://jinacoin.ne.jp/jba-cac-jpyc-20260423/,jinacoin.ne.jp,活用事例、実証実験,0.0,株式会社シーエーシー（CAC）、日本ブロックチェーン協会（JBA）、TraceRelief,65.0,EVT-20260423-01,2026-04-23,done,株式会社シーエーシーの若手社員2名が、JBA Blockchain Hackathon 2026でステーブルコインを活用した寄付プラットフォーム「TraceRelief」を開発し、JPYC賞を受賞した。本プロダクトは、ステーブルコインによる即時送金とブロックチェーン上への全取引記録の公開により、寄付金の送金時間と使途の透明性の課題を解決する設計となっている。
941.0,2026-04-23 15:13:46,株式会社Pacific Meta、JPYCを活用したステーブルコイン決済支援サービスを開始する意義 - ニュースメディアVOIX,https://voix.jp/money/cryptocurrency/32067/,voix.jp,活用事例、提携・連携,0.0,Pacific Meta、改正資金決済法、AIエージェント決済,75.0,EVT-20260423-02,2026-04-23,done,株式会社Pacific Metaは、2026年4月23日よりJPYCを含む円建てステーブルコインを用いたB2B決済及びAIエージェント決済の導入・開発支援サービスを開始します。改正資金決済法の施行により円建てステーブルコインの法的枠組みが整備され、サプライチェーン決済や国際送金、プログラマブル決済などの多様なユースケースでコスト削減と業務自動化が期待されています。
942.0,2026-04-23 16:00:00,Pacific Meta、JPYCを含むステーブルコイン決済とAIエージェント決済の導入・開発支援を開始 - PR TIMES,https://prtimes.jp/main/html/rd/p/000000176.000111379.html,prtimes.jp,活用事例、提携・連携、取扱い・対応,0.0,Pacific Meta、東京都ステーブルコイン社会実装促進事業補助金、x402,85.0,EVT-20260423-02,2026-04-23,done,株式会社Pacific Metaは2026年4月23日より、JPYCをはじめとする円建てステーブルコインを活用したB2B決済・AIエージェント決済の導入・開発支援サービスを開始します。決済ユースケース設計からスマートコントラクト開発、法務・監査対応までを一気通貫で支援し、東京都「ステーブルコイン社会実装促進事業補助金」の活用検討企業も対象とします。
943.0,2026-04-24 11:03:35,TORICO子会社、円ステーブルコイン実装支援｜JPYCなど活用 - Cryptonews,https://cryptonews.com/jp/news/torico-ethereum-stablecoin-support-service/,cryptonews.com,取扱い・対応、提携・連携,0.0,TORICO、トリコ・イーサリアム、東京都,65.0,EVT-20260417-03,2026-04-17,done,TORICO子会社のトリコ・イーサリアムは、JPYCなどの円建てステーブルコインを活用した事業を検討する企業を対象に、ユースケース設計から法令対応、システム実装、運用設計までを総合的に支援するサービスを開始した。東京都によるステーボルコイン活用支援公募への対応需要の高まりを背景に、先着5社限定で初回無料相談を実施している。
944.0,2026-04-24 15:44:05,「ビットコインとJPYCは表裏一体」メタプラネットCEO×JPYC代表が語る日本発ビットコイン経済圏の全貌 - CoinPost,https://coinpost.jp/crypto/interview/metaplanet-jpyc-bitcoin-economy/,coinpost.jp,市場・統計、制度・規制、解説・論説,1.0,メタプラネット、岡部、金融庁,75.0,EVT-20260424-01,2026-04-24,done,JPYCの累計取引高は約50億円規模に拡大しているが、オフランプ利用が多く流通残高の伸び悩みが課題であり、他のエコシステムとの接続が必要とされている。規制面では、JPYCを「金銭」と扱う拡大と、発行・償還の1日100万円制限の緩和を要望しており、現行法の範囲内ではJPYC/BTC直接交換やビットコイン担保レンディングでこの制限を活用できると考えられている。
945.0,2026-04-24 16:00:00,「古物商」が始めた日本初ステーブルコイン - 日経クロステック,https://xtech.nikkei.com/atcl/nxt/info/18/00061/042200080/,xtech.nikkei.com,解説・論説、市場・統計,1.0,JPYC社、岡部典孝、千房、ガイアックス,75.0,EVT-20260415-01,2026-04-15,done,円建てステーブルコイン「JPYC」は2025年10月の発行開始からおよそ半年で総発行額21億JPYCを超え、千房やガイアックスなど企業との連携により経済圏を広げている。JPYC社は国内で実際に流通している唯一の円建てステーブルコイン発行元として、金融機関並みの厳しい運営管理体制が求められる中で「日本初」を実現している。
946.0,2026-04-26 16:00:00,2024年からのBTCサイクルは過去の半減を「劇的に」下回る：Galaxy Research／JPYC、メタプラネットらから28億円の追加資金調達へ──シリーズB累計調達額は約46億円に【日曜日に読みたい厳選10本】（NADA NEWS） - Yahoo!ニュース,https://news.yahoo.co.jp/articles/26274487c72eefa5be4ac56233ae007eb9cc6f78,news.yahoo.co.jp,発行・資金、市場・統計,0.0,メタプラネット、Galaxy Research、マイナウォレット社,65.0,EVT-20260415-01,2026-04-15,done,Galaxy Researchは、2024年4月の半減期以降のビットコインサイクルが過去3回のサイクルと比較して「劇的に」パフォーマンスが低下していると指摘しました。一方、JPYCはシリーズBラウンドのセカンドクローズにおいて28億円の追加資金調達を完了する予定であり、シリーズB累計調達額は約46億円に達します。
947.0,2026-04-26 16:00:00,決済手数料の削減が実現できる？ 日本円連動型ステーブルコイン「JPYC」を活用するガイアックスのEC・フリマ構築サービスとは - Yahoo!ニュース,https://news.yahoo.co.jp/articles/ebf0c0e2726ed9688b1718558595c9c90152c204,news.yahoo.co.jp,活用事例、取扱い・対応,0.0,ガイアックス、スマートコントラクト,75.0,EVT-20260426-01,2026-04-26,done,ガイアックスは4月3日、日本円連動型ステーブルコイン「JPYC」を活用した次世代決済インフラの受託開発を開始した。スマートコントラクトを活用して人の手を介さずに決済や分配を行うことで、コスト削減と効率化を実現する。「JPYC」は2026年2月時点で累計発行額が13億円を超え、送金や決済での利用が拡大している。
948.0,2026-04-27 21:09:05,REZONA運営 ／次世代型複合空間REZONA（レゾナ）誕生 - pr-free.jp,https://pr-free.jp/2026/158577/,pr-free.jp,活用事例、取扱い・対応,0.0,REZONA、REZONA運営,65.0,EVT-20260427-01,2026-04-27,done,REZONA運営は、次世代型複合施設「REZONA（レゾナ）」を発表し、近未来的な建築デザインとデジタル技術を融合させた施設内で、日本円連動型デジタル通貨「JPYC」に対応することで、リアルとデジタルをシームレスにつなぐ新たな経済圏の構築を目指しています。施設内ではJPYC決済により、キャッシュレスかつシームレスな価値交換を実現し、モデルエリアの限定公開を開始しています。
949.0,2026-04-28 00:00:00,銀行、保険会社、メタプラなどが投資する日本円ステーブルコイン「JPYC」、小売・EC事業者がチェックしておくべきポイントとは - ネットショップ担当者フォーラム,https://netshop.impress.co.jp/n/2026/04/28/15997,netshop.impress.co.jp,発行・資金、取扱い・対応、提携・連携、市場・統計,0.0,北洋銀行、メタプラネット、ガイアックス、ソニー銀行,95.0,EVT-20260415-01,2026-04-15,done,JPYCは4月20日にシリーズBラウンドで28億円を追加調達し、累計46億円となる見込みで、銀行や保険会社などから投資を受けている。日本円と1対1で交換可能なステーブルコインとして、実店舗やEC決済、企業間送金、AIエージェント間の決済など多様なユースケース拡大を進めており、累計発行額は21億円を突破し、利用アドレスは13.7万を超えている。
950.0,2026-04-28 10:03:46,「月末締め翌月払い」が企業成長を止める──ステーブルコインは決済のボトルネックを壊せるか【BCCC Collaborative Day】 - NADA NEWS,https://www.nadanews.com/345630/,nadanews.com,提携・連携、実証実験、解説・論説,1.0,BCCC（ブロックチェーン推進協会）、アステリア、LINE NEXT,92.0,EVT-20260414-02,2026-04-14,done,ブロックチェーン推進協会のカンファレンスで、アステリアとJPYC関係者は日本円ステーブルコイン「JPYC」が社会実装段階に入ったと指摘した。企業向けにはオンチェーン決済により「月末締め翌月払い」という従来の決済体制の改善が期待される一方、リテール向けではLINE NEXTとの連携やAIエージェントとの親和性による今後の展開が見込まれている。
951.0,2026-04-28 14:05:51,金融庁、JPYCを「資金移動業」と明示 公式資料でも初言及 - CoinPost,https://coinpost.jp/?p=705429,coinpost.jp,制度・規制,0.0,金融庁、岸本浩介、資金移動業,95.0,EVT-20260428-01,2026-04-28,done,金融庁は2026年4月、公式資料「アクセスFSA」でJPYCを「資金移動業者」として初めて公式に位置づけた。JPYCはPayPayなどの「○○ペイ」と同じ法的枠組みで監督されており、資金を移動させる経済的機能が同じであると説明された。JPYCは資金移動業の枠組みの中で、預かり資産の100%以上を保全する義務を負い、利用者保護が確保されている。
954.0,2026-04-28 16:00:00,用途開拓へ模索続く AIが普及後押しも - 日経クロステック,https://xtech.nikkei.com/atcl/nxt/mag/nc/18/042100545/042100005/,xtech.nikkei.com,実証実験、活用事例,0.0,JCB、デジタルガレージ、りそなホールディングス、マイナウォレット,75.0,EVT-20260421-01,2026-04-21,done,JCB、デジタルガレージ、りそなホールディングスなどが2026年2～3月に東京・渋谷で、円建てステーブルコインの「JPYC」とドル建てステーブルコインの「USDC」を利用したコード決済の実証実験を実施した。この実験では、利用者は使い慣れたコード決済と同じ要領でステーブルコインを支払え、加盟店は従来の決済システムで日本円での売り上げ受け取りが可能となる仕組みが採用されている。各企業は実験を通じて、顧客の受け入れ度合いの確認や課題抽出、既存キャッシュレス決済との使いやすさの比較を目指している。
952.0,2026-04-28 16:00:00,初の円建てコイン JPYC発行の舞台裏 - 日経クロステック,https://xtech.nikkei.com/atcl/nxt/mag/nc/18/042100545/042100004/,xtech.nikkei.com,解説・論説、制度・規制、市場・統計,1.0,岡部典孝、改正資金決済法、資金移動業,85.0,EVT-20260428-01,2026-04-28,done,JPYCは日本円と1対1で交換できるステーブルコインで、2023年6月の改正資金決済法施行により電子決済手段として法制化され、JPYC社が2025年8月に第2種資金移動業の登録を取得して10月に発行を開始した。2026年4月13日時点で累計発行額は20億JPYCを超え、口座開設数は1万4000件超、ウォレットアドレス数は約6万となっている。
953.0,2026-04-28 16:00:00,金融庁、公的書類でJPYCを資金移動業者として位置づけ - bitbank,https://bitbank.cc/knowledge/breaking/article/vz42up4h6,bitbank.cc,制度・規制,0.0,金融庁、資金移動業,95.0,EVT-20260428-01,2026-04-28,done,金融庁はJPYCを資金移動業者として公式に位置づけ、○○ペイと同様の「資金移動」を担う仕組みとして整理した。資金移動業として預かり資産の100%以上保全義務が課される一方、柔軟な事業展開が可能となり、ステーブルコインが既存決済インフラの延長として制度内に組み込まれたことを示している。
955.0,2026-04-28 17:57:44,JPYCは仮想通貨じゃない？金融庁が示した「資金移動業」の意味を解説 - CoinChoice,https://coinchoice.net/jpyc-fund-transfer/,coinchoice.net,制度・規制、解説・論説,1.0,金融庁、資金移動業、JPYC株式会社,85.0,EVT-20260428-01,2026-04-28,done,金融庁の公式資料で、日本円ステーブルコイン「JPYC」が「資金移動業」の枠組みで整理されていることが示されました。JPYCは、ビットコインやイーサリアムなどの値動きを狙う暗号資産ではなく、日本円と1対1で交換可能な決済・送金インフラとして位置づけられています。JPYC株式会社は2025年8月18日に資金移動業者登録を受け、同年10月24日に「JPYC」と発行・償還プラットフォーム「JPYC EX」を正式リリースしています。
956.0,2026-04-29 11:14:19,金融庁、JPYCを「資金移動業」と初言及｜PayPayと同枠組み - Cryptonews,https://cryptonews.com/jp/news/fsa-jpyc-funds-transfer-business/,cryptonews.com,制度・規制、市場・統計,0.0,金融庁、資金移動業、PayPay,95.0,EVT-20260428-01,2026-04-28,done,金融庁がJPYC株式会社を資金移動業者として公式資料で初めて明記した。JPYCは2025年8月に資金移動業者として登録され、同年10月からステーブルコイン発行を開始しており、PayPayや楽天ペイと同じ枠組みで厳格に監督されている。資金移動業の登録により、利用者資産の100%以上の保全義務と破綻時の全額返還仕組みが整備されている。
957.0,2026-04-30 07:00:00,これから巨大市場を得る暗号資産はどれか…世界中の金融関係者が注目する価格が安定したコイン - PRESIDENT Online（プレジデントオンライン）,https://president.jp/articles/-/111589?page=1,president.jp,競合・市場環境、解説・論説,1.0,JPモルガン、リップル社、楽天ウォレット,35.0,,,done,ステーブルコインは米国の銀行が巨大収益源として準備を進めており、特に2026年に動きが顕著になると見られている。リップル社はXRPレジャーで発行するRLUSDというステーブルコインの普及を進めており、トランプ政権への企業献金を通じた政治的影響力により、有利な立場にあるとされている。
961.0,2026-05-01 16:00:00,Pacific Meta、日本円ステーブルコイン「JPYC」を活用した資産運用を開始｜「保有・運用・決済」が一体となった新たな法人金融インフラの実現へ - PR TIMES,https://prtimes.jp/main/html/rd/p/000000177.000111379.html,prtimes.jp,活用事例、解説・論説,1.0,Pacific Meta、オンチェーンレンディングプロトコル、法人金融インフラ,75.0,EVT-20260423-02,2026-04-23,done,株式会社Pacific Metaは、日本円ステーブルコイン「JPYC」を活用した資産運用を開始しました。同社は、ステーブルコインを保有・運用・決済が一体となった新たな法人金融インフラとして捉え、保有資金をオンチェーンレンディングプロトコルで常時運用しながら必要に応じて決済に充当するモデルを実践・検証していきます。
960.0,2026-05-01 16:00:00,銀行、保険会社、メタプラなどが投資する日本円ステーブルコイン「JPYC」、小売・EC事業者がチェックしておくべきポイントとは - Yahoo!ニュース,https://news.yahoo.co.jp/articles/dee35ac33b6154c6b94954596ef0c47d18da0cda?page=2,news.yahoo.co.jp,市場・統計、提携・連携、活用事例,0.0,ソニー銀行、LINE NEXT、日本免税,85.0,EVT-20260501-02,2026-05-01,done,日本円ステーブルコイン「JPYC」の累計発行額が21億円を突破し、直近3か月で約2.6倍のペースで成長しており、決済・送金・交換など実需に基づく利用が広がっている。Avalanche、Ethereum、Polygonの3つのブロックチェーンに対応し、異なる経済圏をつなぐ共通通貨をめざすとともに、ソニー銀行やLINE NEXTなどの大手プレイヤーとの提携も進めている。
959.0,2026-05-01 16:00:00,暗号資産を発行 JPYCに出資 阿波銀など - 徳島新聞デジタル,https://www.topics.or.jp/articles/-/1424161,topics.or.jp,発行・資金、提携・連携,0.0,阿波銀行、阿波銀キャピタル、JPYC株式会社,75.0,EVT-20260501-01,2026-05-01,done,阿波銀行と子会社の阿波銀キャピタルは、日本円と連動したステーブルコインを発行するベンチャー企業JPYCに出資する。
958.0,2026-05-01 16:00:00,日本のステーブルコインJPYC AIと進化するデジタル通貨 - テレ東BIZ,https://txbiz.tv-tokyo.co.jp/nikkeinext/feature/post_340050,txbiz.tv-tokyo.co.jp,解説・論説,1.0,JPYC株式会社、岡部典孝、トラウデン直美,45.0,,,done,トラウデン直美キャスターが、円建てのステーブルコインを発行するJPYCの岡部典孝社長を取材しました。次世代の決済・金融の行方について報道しています。
962.0,2026-05-02 16:00:00,ステーブルコインの正体とデジタル通貨の行く末 - tv-tokyo.co.jp,https://www.tv-tokyo.co.jp/broad_bstvtokyo/program/detail/202605/22200_202605020900.html,tv-tokyo.co.jp,解説・論説,1.0,岡部典孝、一柳良雄、BS日テレ,45.0,,,done,世界的にデジタル通貨の普及が進む中、ステーブルコインという新たな選択肢とその仕組みについて、JPYC代表取締役の岡部典孝を迎えて解説する。金融のデジタル化の行方と活用のあり方を探る番組。
963.0,2026-05-03 00:00:00,SBI北尾氏「JPYCは潰れる」──独自ステーブルコインと「ネオメディア」構想 - JinaCoin,https://jinacoin.ne.jp/sbi-ceo-kitao-20260503/,jinacoin.ne.jp,競合・市場環境、制度・規制,0.0,SBIホールディングス、北尾吉孝、スターテイルグループ、JPYC社,75.0,EVT-20260503-01,2026-05-03,done,"SBIホールディングスは2026年第1四半期に送金上限のない円建てステーブルコインを発行する計画を発表し、北尾CEOは既存のJPYC社について流通量が小さく自社サービス開始後は潰れると述べた。同社は1兆2,000億円の預かり資産を背景に、AIとブロックチェーン技術を活用したオンチェーン化やネオメディア生態系の構築を推し進め、次世代の金融サービスを牽引していく戦略を明らかにした。"
964.0,2026-05-04 08:38:36,円建てステーブルコイン競争激化―SBI参入とJPYC先行優位の行方 - BeInCrypto,https://jp.beincrypto.com/yen-stablecoin-market-sbi-jpyc/,jp.beincrypto.com,競合・市場環境、制度・規制,0.0,SBIホールディングス、JPYSC、資金決済法,85.0,EVT-20260503-01,2026-05-03,done,SBIホールディングスが2026年第1四半期に信託型の円建てステーブルコイン「JPYSC」を提供開始する予定で、既存のJPYCとの競争が激化する見通しである。制度設計の違いにより、JPYCは資金移動業者型として個人向けや少額決済・DeFi用途に、JPYSCは信託型として企業間決済や大口取引に適すると想定され、両者は競合というより用途別の役割分担が進むと見られている。
965.0,2026-05-05 16:00:00,「全部トップにしていく」──SBI北尾氏が語った金融の構造競争【編集長コラム】（NADA NEWS） - Yahoo!ニュース,https://news.yahoo.co.jp/articles/9703e907ebbfa5f1ca5e3c7c63b557fd6f7300e1,news.yahoo.co.jp,競合・市場環境、解説・論説,1.0,SBIホールディングス、北尾吉孝、JPYSC、Visa,65.0,EVT-20260501-01,2026-05-01,done,SBIホールディングスが5月1日にビットバンク子会社化、ステーブルコイン「JPYSC」発行、Visaとの協業検討など複数の重要施策を発表し、北尾会長は金融スタックの垂直統合を通じてオンチェーン金融領域での先行ポジション構築を目指していることを明かした。大和証券によるオリックス銀行買収など既存金融機関も動き始める中、日本のデジタル金融は業界再編から構造競争の段階へ移行している。
966.0,2026-05-06 10:24:30,メタプラネットCEO、日本円ステーブルコイン全社の支持表明 - Cryptonews,https://cryptonews.com/jp/news/metaplanet-ceo-supports-yen-stablecoins/,cryptonews.com,提携・連携、競合・市場環境、解説・論説,1.0,メタプラネット、JPYC、SBIホールディングス、金融庁,75.0,EVT-20260424-01,2026-04-24,done,メタプラネットのサイモン・ゲロビッチCEOは、2026年にローンチ予定のすべての円ステーブルコインプロジェクトへの支持を表明した。同社は複数のプロジェクトが競い合うことで市場全体の流動性が高まると考えており、JPYCの発行元に最大4億円を拠出するなど、ビットコイン経済圏の拡大を見据えた戦略を展開している。
967.0,2026-05-06 16:00:00,注目ワード（3）、ニュース用語を解説 - nikkinonline.com,https://www.nikkinonline.com/article/387003,nikkinonline.com,解説・論説,1.0,JPYC岡部典孝代表取締役、FINOLAB,35.0,,,done,ステーブルコインは法定通貨を裏付け資産とする暗号資産で、価値が安定していることが特徴である。JPYCは2025年10月に日本円と1対1で交換できるステーブルコイン「JPYC」の発行を開始予定であり、メガバンクも実用化に向けた実証実験に取り組んでいる。
968.0,2026-05-08 16:00:00,「国債のトークン化」がゴールではない──Secured Financeが見る「金融市場の配管」の進化とは（NADA NEWS） - Yahoo!ニュース,https://news.yahoo.co.jp/articles/f617cdd51b44ddf315d3db4e731d83e585d065e9,news.yahoo.co.jp,提携・連携、実証実験,0.0,Secured Finance、Progmat、トークン化国債・オンチェーンレポ ワーキング・グループ,25.0,,,done,Progmatが発表した「トークン化国債・オンチェーンレポワーキング・グループ」にSecured Financeが参加し、同社CEOは国債のトークン化だけでなく、証券と資金決済を同じブロックチェーン上で一体的に扱える金融市場インフラの構築が目的だと述べた。ステーブルコインを決済手段として用いることで、取引ライフサイクル全体をプロトコル化し、金融市場の基盤そのものをより開かれたオンチェーン型インフラへ進化させることを目指している。
969.0,2026-05-09 16:00:00,一柳良雄が問う 日本の未来【ステーブルコインの正体とデジタル通貨の行く末】 - tv-tokyo.co.jp,https://www.tv-tokyo.co.jp/broad_bstvtokyo/program/detail/202605/22200_202605090900.html,tv-tokyo.co.jp,解説・論説,1.0,一柳良雄、岡部典孝、BS日本テレビ,45.0,,,done,世界的にデジタル通貨の普及が進む中、ステーブルコインという新たな選択肢の仕組みや役割について、JPYC代表取締役の岡部典孝がその理解と活用のあり方を説明する番組。金融のデジタル化の行方について一柳良雄が問う。
970.0,2026-05-09 16:00:00,一柳良雄が問う 日本の未来【ステーブルコインの正体とデジタル通貨の行く末】 - tv-tokyo.co.jp,https://www.tv-tokyo.co.jp/broad_bstvtokyo4k/program/detail/202605/55516_202605090900.html,tv-tokyo.co.jp,解説・論説,1.0,一柳良雄、岡部典孝、BS テレ東,45.0,,,done,世界的にデジタル通貨の普及が進む中、JPYC代表取締役の岡部典孝を迎えたこの番組では、ステーブルコインの仕組みと日本での発行の取り組みについて解説する。キャスター一柳良雄が、金融のデジタル化の行方と活用のあり方について問う。
971.0,2026-05-11 16:00:00,ガイアックス、事業者向け「ステーブルコイン決済導入支援サービス」を提供開始 - PR TIMES,https://prtimes.jp/main/html/rd/p/000000810.000003955.html,prtimes.jp,活用事例、提携・連携,0.0,ガイアックス、StableCoin EC、StableCoin フリマ,75.0,EVT-20260511-01,2026-05-11,done,ガイアックスは、日本円ステーブルコイン「JPYC」の決済導入を事業者向けに支援するサービスを開始します。本サービスでは、ウォレット接続やスマートコントラクト実装などのWeb3固有の課題に対応し、決済手数料の圧縮・即時入金・自動売上分配などのメリットを提供します。
972.0,2026-05-11 16:00:00,ガイアックス、事業者向け「ステーブルコイン決済導入支援サービス」を提供開始 - 池袋経済新聞,https://ikebukuro.keizai.biz/release/575662/,ikebukuro.keizai.biz,活用事例、取扱い・対応,0.0,ガイアックス、StableCoin EC、StableCoinフリマ,85.0,EVT-20260511-01,2026-05-11,done,株式会社ガイアックスは、事業者のオンライン決済へのJPYC決済導入を要件整理から運用まで一貫して支援する「ステーブルコイン決済導入支援サービス」の提供を開始します。本サービスは決済手数料の圧縮、即時入金、スマートコントラクトによる自動売上分配などのメリットを提供し、2025年のJPYC発行開始と2026年の東京都補助金制度に対応した実運用を想定した設計をカスタマイズして納品します。
975.0,2026-05-12 16:00:00,ステーブルコイン決済は”日常”になるか──ネットスターズ×ソラナが示した使われる条件【取材】（NADA NEWS） - Yahoo!ニュース,https://news.yahoo.co.jp/articles/81061b2d6c4822d7a41f1fccad4789b362c8ec72,news.yahoo.co.jp,実証実験、提携・連携、解説・論説,1.0,ネットスターズ、Solana、StarPay-X,35.0,,,done,ネットスターズは4月8日、マルチ決済プラットフォーム「StarPay」にステーブルコインやブロックチェーンを接続する「StarPay-X」を発表した。羽田空港での実証実験でUSDC決済が日常的に利用されたが、操作の複雑さが課題となったため、マルチチェーン・マルチウォレット構想でユーザーが裏側の仕組みを意識せずに利用できる環境を目指している。ステーブルコイン決済の普及には、決済と資産運用の2軸での拡大が鍵となると指摘されている。
973.0,2026-05-12 16:00:00,ガイアックス、JPYC対応のステーブルコイン決済導入支援を開始 - CoinPartner,https://coinotaku.com/news/articles/247747,coinotaku.com,活用事例、取扱い・対応,0.0,ガイアックス、Ethereum、Polygon、Avalanche,85.0,EVT-20260511-01,2026-05-11,done,ガイアックスは5月11日、日本円ステーブルコイン「JPYC」を使った決済機能を設計からスマートコントラクト実装、運用まで一括で支援するサービスを開始しました。クレジットカード決済の3〜5％の手数料をガス代のみに抑え、売上の即時入金や自動分配に対応することで、Web3決済の導入ハードルを下げています。
974.0,2026-05-12 16:00:00,KDDI、コインチェックと業務提携 約102億円出資 新会社も設立 - ITmedia,https://www.itmedia.co.jp/news/articles/2605/12/news132.html,itmedia.co.jp,提携・連携,0.0,KDDI、Coincheck、au Coincheck Digital Assets,15.0,,,done,KDDIはコインチェックの親会社であるCoincheck Group N.V.に約102億円を出資してCCGの株式14.9%を取得し、auフィナンシャルホールディングスとともに新会社「au Coincheck Digital Assets」を設立する。新会社はノンカストディアルウォレットやデジタル金融サービスを手掛け、au PAYのミニアプリとして提供予定であり、KDDIの通信・決済サービスとコインチェックの暗号資産事業を連携させることで、au経済圏のユーザーにデジタル資産へのアクセス機会を提供する。
976.0,2026-05-13 00:00:00,日本円ステーブルコインの2030年までの成長予測、ドルステーブルコインとの需要の差分 - HashHub Research,https://hashhub-research.com/articles/2026-05-13-forcast-jpy-stable,hashhub-research.com,市場・統計、競合・市場環境、解説・論説,1.0,HashHub Research、SBI、3メガバンク,65.0,EVT-20260513-01,2026-05-13,done,グローバルなステーブルコイン市場の99.9%はドルステーブルコインが占める一方、日本円ステーブルコインであるJPYCの流通量は5億円程度に留まっており、プロダクトマーケットフィットが達成されていない。本稿では、ドルステーブルコインとの需要の差分と、円建てステーブルコインが今後成長できるかについて論考する。
977.0,2026-05-13 14:48:49,スターテイルCEO、円建てステーブルコインJPYSCの数カ月以内リリースを表明 米国株オンチェーン投資構想も - CoinPost,https://coinpost.jp/?p=708342,coinpost.jp,取扱い・対応、提携・連携、実証実験,0.0,スターテイル・グループ、SBIホールディングス、新生信託銀行、JPYSC,85.0,EVT-20260513-02,2026-05-13,done,スターテイル・グループのCEOは、信託銀行を裏付けとする円建てステーブルコイン「JPYSC」を数カ月以内にリリースすると発表した。JPYSCは新生信託銀行が発行体を担う国内初の信託銀行裏付け型円ステーブルコインで、低コストの円資金を活用してオンチェーンで米国株などへ投資する構想も示された。
982.0,2026-05-13 16:00:00,決済代行業者を介さない。ガイアックス、ステーブルコイン活用のEC・フリマ構築サービス開始で大きな反響、JPYCよりコメント - PR TIMES,https://prtimes.jp/main/html/rd/p/000000812.000003955.html,prtimes.jp,活用事例、提携・連携,0.0,ガイアックス、JPYC株式会社、LINE NEXT,85.0,EVT-20260511-01,2026-05-11,done,ガイアックスが日本円ステーブルコイン「JPYC」を活用したEC・フリマサービスを開始し、従来の決済代行業者を介さない仕組みにより手数料削減と即時入金・分配を実現する。JPYCは累計発行額13億円（2026年2月時点）に達し、スマートコントラクトによる透明性の高い経済圏をEC領域に浸透させることが期待されている。
978.0,2026-05-13 16:00:00,SUSHI TOP OCR、レシートスキャンによるJPYC獲得ソリューションを開発 - PR TIMES,https://prtimes.jp/main/html/rd/p/000000157.000092249.html,prtimes.jp,活用事例、実証実験,0.0,SUSHI TOP MARKETING、SUSHI TOP OCR、unWallet,75.0,EVT-20260513-03,2026-05-13,done,"SUSHI TOP MARKETING株式会社は、レシート画像をAIで自動解析し、条件を満たしたユーザーにJPYC（日本円ステーブルコイン）を配布する「SUSHI TOP OCR」の新たなPoCパッケージの提供を開始しました。本パッケージは小売・飲料メーカー・自治体など向けの短期間導入型で、レシート撮影によるキャンペーンを簡単に実装でき、施策を重ねるごとに効果が複利で積み上がる""複利型マーケティング""モデルを実現します。"
979.0,2026-05-13 16:00:00,ガイアックス - 日本経済新聞,https://www.nikkei.com/nkd/disclosure/tdnr/20260513528597/,nikkei.com,活用事例、取扱い・対応,0.0,ガイアックス、EC・フリマ構築サービス,75.0,EVT-20260511-01,2026-05-11,done,ガイアックスがステーブルコイン（JPYC）を活用したEC・フリマ構築サービスを開始し、決済代行業者を介さない決済方式で大きな反響を得ている。
980.0,2026-05-13 16:00:00,SUSHI TOP MARKETING、日本円ステーブルコイン「JPYC」配布可能なレシートOCR販促ソリューションを提供開始 - コマースピック,https://www.commercepick.com/archives/92776,commercepick.com,活用事例、実証実験,0.0,SUSHI TOP MARKETING、SUSHI TOP OCR、unWallet,85.0,EVT-20260513-03,2026-05-13,done,SUSHI TOP MARKETING株式会社は、レシート画像を読み取り日本円ステーブルコイン「JPYC」を配布できる販売促進ソリューション「SUSHI TOP OCR」の新規PoCパッケージの提供を開始しました。本パッケージは小売業や自治体など短期間での導入を希望する企業・組織向けの試験型ソリューションで、ユーザーがレシート画像をアップロードすると設定条件を満たした場合にJPYCが付与されます。
981.0,2026-05-13 16:00:00,ガイアックス、日本円ステーブルコイン「JPYC」活用の次世代決済インフラで決済DX推進 - コマースピック,https://www.commercepick.com/archives/92784,commercepick.com,活用事例、提携・連携,0.0,ガイアックス、JPYC株式会社、LINE NEXT,85.0,EVT-20260511-01,2026-05-11,done,ガイアックスは日本円ステーブルコイン「JPYC」を活用した次世代決済インフラの受託開発を進めており、5月11日からステーブルコイン決済導入支援サービスを開始しました。スマートコントラクトにより手数料削減と即時分配を実現し、ECサイトやフリマアプリの決済DXを支援します。
983.0,2026-05-13 16:12:12,ガイアックスが提供する新たなEC・フリマサービス、ステーブルコインで決済代行不要を実現 - ニュースメディアVOIX,https://voix.jp/credit-cards/gaiax-stablecoin-ec-service-2/,voix.jp,活用事例、提携・連携,0.0,ガイアックス、JPYC株式会社、岡部典孝,75.0,EVT-20260511-01,2026-05-11,done,ガイアックスは2026年5月11日にステーブルコイン決済導入支援サービスを開始し、日本円ステーブルコイン「JPYC」を活用したEC・フリマサービスで、従来の決済代行業者を介さない直接送金により手数料を削減し、即時分配と自動化を実現している。このサービスにより、ECサイトやフリマアプリの運営コスト削減と資金流動性の向上が期待されている。
984.0,2026-05-13 17:45:44,JPYCの広報特命大使「JPYCちゃん」がXでデビュー｜ステーブルコインの普及促進へ - crypto-times.jp,https://crypto-times.jp/news-jpycs-public-relations-ambassador-makes-her-debut-on-x/,crypto-times.jp,その他,0.0,JPYC株式会社、ガイアックス、LINE NEXT,45.0,,,done,日本円ステーブルコイン「JPYC」の広報特命大使「JPYCちゃん」がXで活動を開始し、公表情報をもとにステーブルコインについて一般ユーザー向けにわかりやすく発信します。平日ほぼ毎日12時ごろの投稿を予定しており、仮想通貨や金融に詳しくないユーザー層にもステーブルコインの仕組みや最新動向を届けることを目指しています。
985.0,2026-05-14 04:22:05,【日本】EJPYステーブルコイン、取引上限なしで当局が承認 機関投資家向け決済へ道開く - BigGo ファイナンス,https://finance.biggo.jp/news/hubKIp4B-PfaobXfBOtM,finance.biggo.jp,制度・規制、市場・統計、競合・市場環境,0.0,EJPY、Japan Open Chain、日本ブロックチェーン基盤、金融庁,45.0,,,done,日本の金融当局は、日本ブロックチェーン基盤が発行する信託型円建てステーブルコイン「EJPY」を承認し、他の電子決済手段に課される100万円の取引上限が適用されないことで、機関投資家向けの大規模B2B決済やデジタル資産取引のインフラとしての地位を確立した。EJPYは「第3種電子決済手段」に分類され、Japan Open Chain上で2027年3月の流通開始を目標としており、日本国内で急速に広がるステーブルコイン・プロジェクト群の中で重要な一歩となった。
986.0,2026-05-14 09:47:37,ガイアックス、JPYCを活用した決済代行不要のEC・フリマ構築サービスを開始 - crypto-times.jp,https://crypto-times.jp/news-gaiax-launches-e-commerce-and-flea-market-building-service-utilizing-jpyc/,crypto-times.jp,活用事例、提携・連携,0.0,ガイアックス、JPYC株式会社、岡部典孝,95.0,EVT-20260511-01,2026-05-11,done,株式会社ガイアックスが日本円ステーブルコイン「JPYC」を活用した「ステーブルコイン決済導入支援サービス」を提供開始しました。スマートコントラクトを用いることで、ECサイトやフリマアプリにおいて従来の決済代行業者を介さず購入者から販売者へ直接JPYCを送金し、手数料削減と売上の即時自動分配を実現します。
987.0,2026-05-14 13:10:42,JPYC、自民党AIホワイトペーパー2.0に見解｜AIエージェント時代の日本円決済基盤 - crypto-times.jp,https://crypto-times.jp/news-jpyc-comments-on-ldps-ai-white-paper-2-0/,crypto-times.jp,解説・論説、制度・規制,1.0,自由民主党デジタル社会推進本部、AIホワイトペーパー2.0、全銀システム,75.0,EVT-20260514-01,2026-05-14,done,JPYC株式会社は、AIエージェント時代における決済インフラの再設計が重要であり、24時間365日稼働やプログラム対応などの特性を備えた日本円ステーブルコインが必要と主張しています。同社は通貨主権の観点から、海外主導の外貨建てステーボルコインが標準化されるリスクを指摘し、日本の法制度に即した日本円建て決済レイヤーの整備と、2028年5月の全銀システム改修時にステーボルコインをデジタル決済基盤に取り込む環境整備を推奨しています。
988.0,2026-05-14 16:00:00,日本円ステーブルコインJPYCの偽物が乱立、公式が注意喚起 - Bitget,https://www.bitget.com/ja/news/detail/12560605413044,bitget.com,リスク・懸念,0.0,JPYC株式会社、偽トークン、ブロックチェーン,75.0,EVT-20260514-02,2026-05-14,done,日本円ステーブルコインJPYCの偽トークンがウォレットアプリやDEX上で増加しているため、JPYC株式会社が注意喚起を発表した。ユーザーは名称やロゴだけで判断せず、公式サイトのコントラクトアドレスと完全一致を確認し、異なるアドレスのトークンへの操作を避けることが重要である。
989.0,2026-05-14 16:00:00,ガイアックス、円建てステーブルコインJPYC活用のECサービスを開始｜決済代行を介さず手数料0％に - CoinPartner,https://coinotaku.com/news/articles/247842,coinotaku.com,活用事例、提携・連携,0.0,ガイアックス、Polygon、Ethereum,85.0,EVT-20260511-01,2026-05-11,done,ガイアックスは4月3日、円建てステーブルコイン「JPYC」を活用したEC・フリマ構築サービスを開始しました。スマートコントラクトで代金を管理し決済代行業者を介さないことで、決済手数料0％と即時精算を実現し、売上の自動分配にも対応しています。
990.0,2026-05-14 17:20:39,メタプラネット2026年第1四半期決算。BTC評価損で赤字でも好決算と言える理由を解説 - CoinChoice,https://coinchoice.net/metaplanet-q1/,coinchoice.net,解説・論説,1.0,メタプラネット、ビットコイン・インカム事業、BTC Yield,15.0,,,done,"メタプラネットの2026年第1四半期決算は、売上高30億8,000万円、営業利益22億6,700万円と大幅増益となった一方で、ビットコイン価格下落による評価損1,144億9,300万円により最終赤字となりました。同社はビットコイン・インカム事業の成長が営業利益を支える一方で、大量保有するBTC(40,177BTC)の会計上の評価損によって最終損益が大きく変動する企業特性を示しています。"
991.0,2026-05-14 18:19:10,【今日の仮想通貨ニュース】メタプラネットが永久型優先株式を計画。トランプ訪中でBTCはどうなる？ - crypto-times.jp,https://crypto-times.jp/news-todays-cryptocurrency-news-for-may-14th/,crypto-times.jp,解説・論説,1.0,メタプラネット、自民党デジタル社会推進本部、JPYC株式会社,35.0,EVT-20260514-01,2026-05-14,done,"5月14日時点でビットコインは79,400ドル前後で推移しており、メタプラネットのCEOが同社の永久型優先株式は日本市場で初となることを明かしました。また、トランプ大統領の訪中がビットコイン相場に大きな影響を与える可能性があるとされています。"
994.0,2026-05-15 16:00:00,バーチャルアーティスト「星宮とと」のイベント「MOONRAKER」にて、日本円ステーブルコイン「JPYC」によるチケット購入が可能に - PR TIMES,https://prtimes.jp/main/html/rd/p/000000021.000137837.html,prtimes.jp,活用事例、取扱い・対応,0.0,ユーツーテック、comilio PAY、星宮とと、MOONRAKER,75.0,EVT-20260515-02,2026-05-15,done,株式会社ユーツーテックのクリエイター向け決済サービス「comilio PAY」がバーチャルアーティスト星宮とと氏のイベント「MOONRAKER」に導入され、日本円ステーブルコイン「JPYC」を利用したチケット購入が可能になった。これにより、ライブ・イベントチケット購入という実際のエンターテインメント消費領域でのステーブルコイン決済の利用が実現する。
995.0,2026-05-15 16:00:00,JPYC EX大型アップデートのお知らせ - 発行ルールの変更、Kaiaチェーン対応など | JPYC株式会社のプレスリリース - PR TIMES,https://prtimes.jp/main/html/rd/p/000000315.000054018.html,prtimes.jp,取扱い・対応,0.0,JPYC EX、Kaiaチェーン、JPYC株式会社,95.0,EVT-20260515-01,2026-05-15,done,JPYC株式会社は、日本円ステーブルコイン「JPYC」の発行・償還プラットフォーム「JPYC EX」の大型アップデートを実施し、アジア最大級のエコシステムを持つKaiaチェーンに対応するとともに、発行上限ルールを「1日あたり100万円」から「1回あたり100万円」に変更しました。また、償還時のネットワーク条件も緩和され、登録済みウォレットアドレスからの送付であれば、どの対応ネットワークで送付されたJPYCも償還対象となります。
992.0,2026-05-15 16:00:00,日本円ステーブルコイン「JPYC」、初の追加対応チェーンとして「Kaia」で発行開始 - PR TIMES,https://prtimes.jp/main/html/rd/p/000000317.000054018.html,prtimes.jp,取扱い・対応、提携・連携,0.0,Kaia、Kaia DLT Foundation、JPYC EX,85.0,EVT-20260515-01,2026-05-15,done,JPYC株式会社は、日本円ステーブルコイン「JPYC」の初の追加対応チェーンとしてKaiaチェーンでの発行を開始しました。これにより、JPYC EXプラットフォームを通じてKaiaチェーン上でJPYCの発行・償還が可能になり、アジア地域でのユーザーアクセス拡大とクロスボーダー決済の推進が期待されています。
993.0,2026-05-15 16:00:00,JPYC、Kaiaチェーンへの発行を開始 - PR TIMES,https://prtimes.jp/main/html/rd/p/000000020.000154579.html,prtimes.jp,取扱い・対応、提携・連携、市場・統計,0.0,Kaia DLT Foundation、Kaia、JPYC EX,95.0,EVT-20260515-01,2026-05-15,done,"JPYC株式会社が発行する日本円連動型ステーブルコイン「JPYC」が、Kaiaチェーンへのオンチェーン発行を開始しました。2026年5月現在、JPYCは口座開設数18,000件、累計発行額25億円の実績を持ち、Kaiaのアジア最大級のネットワークを活用して、送金・決済・オンチェーン金融サービスなどのグローバル展開を推進します。"
996.0,2026-05-16 00:00:00,JPYC、発行上限を「1日100万円」から「1回100万円」に緩和──Kaiaチェーンにも対応 - JinaCoin,https://jinacoin.ne.jp/jpyc-update-20260516/,jinacoin.ne.jp,活用事例、取扱い・対応,0.0,Kaia、JPYC株式会社、クレイトン、フィンシア,92.0,EVT-20260515-01,2026-05-15,done,JPYC株式会社は日本円ステーブルコイン「JPYC」の大型アップデートを発表し、発行上限を「1日100万円」から「1回100万円」に緩和するとともに、アジア圏で強みを持つKaiaチェーンに新たに対応した。また償還時のネットワーク条件も緩和され、登録済みアドレスであれば対応チェーン間での送付が可能になり、法人の大口利用や流通経路の拡大が期待される。
997.0,2026-05-16 03:07:09,JPYC EX「3つの仕様変更」を同時実施、円ステーブルコインの実務基盤化へ - bittimes.net,https://bittimes.net/news/223156.html,bittimes.net,取扱い・対応、市場・統計,0.0,JPYC EX、Kaia、JPYC株式会社,85.0,EVT-20260515-01,2026-05-15,done,JPYC株式会社は2026年5月15日、発行・償還プラットフォーム「JPYC EX」の大型アップデートを実施し、発行上限を「1日あたり100万円」から「1回あたり100万円」に変更、LINEのFinschia統合で誕生したKaiaチェーンへの対応を開始して4チェーン対応へ拡大、償還時のネットワーク条件を緩和し、登録済みウォレットアドレスからであればいずれのネットワーク経由でも償還処理の対象とする仕様に改めました。
998.0,2026-05-16 07:05:16,JPYC EXが大型アップデート、発行上限を1回100万円に変更 - CoinPost,https://coinpost.jp/?p=709070,coinpost.jp,取扱い・対応、提携・連携,0.0,JPYC EX、Kaiaチェーン、金融庁,85.0,EVT-20260515-01,2026-05-15,done,JPYC株式会社は5月15日、円建てステーブルコイン「JPYC」の発行・償還プラットフォーム「JPYC EX」を大型アップデートし、発行上限ルールを「1日あたり100万円」から「1回あたり100万円」に変更するとともに、KakaoとLINEが統合した「Kaiaチェーン」への対応を新たに開始した。この変更により、アジア地域での流通拡大を目指している。
999.0,2026-05-16 07:06:32,JPYC、発行上限を「1日100万円」から「1回100万円」へ──Kaiaチェーン追加も - NADA NEWS,https://www.nadanews.com/348833/,nadanews.com,取扱い・対応、提携・連携,0.0,JPYC EX、Kaia、Klaytn,85.0,EVT-20260515-01,2026-05-15,done,JPYC社がJPYC EXをアップデートし、発行上限を「1日100万円」から「1回100万円」に変更するとともに、ユーザーの利便性向上と不正利用防止のための運用ルール見直しを実施した。また、Kaiaチェーンへの対応を開始し、発行ネットワークがEthereum、Polygon、Avalanche、Kaiaの4チェーンとなり、償還手続きの条件も緩和された。
1000.0,2026-05-16 09:28:46,【今週のJPYCまとめ】自民党AIホワイトペーパー2.0に見解。JPYCが偽物トークンへの注意喚起 - crypto-times.jp,https://crypto-times.jp/news-jpyc-summary-for-this-week-may-17th/,crypto-times.jp,制度・規制、リスク・懸念,0.0,自民党デジタル社会推進本部、AIホワイトペーパー2.0、JPYCちゃん,85.0,EVT-20260514-01,2026-05-14,done,JPYC株式会社は今週、自民党「AIホワイトペーパー2.0」に対する公式見解を発表し、AIエージェント時代に向けた決済インフラの再設計を重視する立場を示しました。一方で、名称やロゴが本物と酷似した偽JPYC・類似トークンの出現が増えており、ユーザーに対して公式情報に基づく確認を強く求める注意喚起を行っています。また、広報特命大使「JPYCちゃん」がXでの活動を開始し、ステーブルコイン関連の情報をかみ砕いて発信する予定です。
1001.0,2026-05-16 12:26:16,日本円ステーブルコイン「JPYC」、発行上限を1回100万円に緩和、Kaiaチェーンにも対応開始 - BigGo ファイナンス,https://finance.biggo.jp/news/gmbSLp4B2jrwCtglA23H,finance.biggo.jp,取扱い・対応、提携・連携、活用事例,0.0,Kaia、HashPort Wallet、Simsan Ventures,85.0,EVT-20260515-01,2026-05-15,done,日本円ステーブルコイン「JPYC」を発行するJPYC株式会社は、発行上限を「1日あたり100万円」から「1回あたり100万円」に緩和し、KakaoとLINEのブロックチェーン統合により誕生したレイヤー1ブロックチェーン「Kaia」への対応を開始した。これにより、JPYCはEthereum、Polygon、Avalanche、Kaiaの4チェーン体制となり、アジア圏2億5000万人以上のユーザー基盤を活用した流通拡大が期待される。
1002.0,2026-05-16 16:00:00,JPYC、発行上限を「1日100万円」から「1回100万円」へ──Kaiaチェーン追加も（NADA NEWS） - Yahoo!ニュース,https://news.yahoo.co.jp/articles/8594dd8a00150c47521d309743611cdd61db64bd,news.yahoo.co.jp,取扱い・対応、市場・統計,0.0,JPYC EX、Kaia、資金移動業,85.0,EVT-20260515-01,2026-05-15,done,JPYC社は15日、日本円ステーブルコインJPYCの発行・償還プラットフォーム「JPYC EX」をアップデートし、発行上限を「1日あたり100万円」から「1回あたり100万円」に変更するとともに、Kaiaチェーンへの対応を開始した。償還時のネットワーク条件も緩和され、JPYCの発行ネットワークはEthereum、Polygon、Avalanche、Kaiaの計4チェーンとなった。
1003.0,2026-05-17 09:01:12,JPYC株式会社とKaiaが連携、日本円ステーブルコインのアジア展開を本格始動 - crypto-times.jp,https://crypto-times.jp/news-jpyc-corporation-and-kaia-collaborate/,crypto-times.jp,取扱い・対応、提携・連携、市場・統計,0.0,Kaia DLT Foundation、JPYC EX、Klaytn,85.0,EVT-20260515-01,2026-05-15,done,JPYC株式会社とKaia DLT Foundationが連携し、日本円ステーブルコイン「JPYC」をKaiaチェーン上で発行開始しました。Kaiaチェーンはメッセンジャーアプリを基盤とした大規模なユーザー接点を強みとしており、この連携によってアジア地域でのJPYC普及が期待されています。
1004.0,2026-05-17 11:36:46,JPYC、発行上限を「1日100万円」から「1回100万円」へ変更 - crypto-times.jp,https://crypto-times.jp/news-jpyc-changes-its-issuance-limit-from-1-million-yen-per-day-to-1-million-yen-per-transaction/,crypto-times.jp,取扱い・対応,0.0,JPYC EX、JPYC株式会社、資金決済法,85.0,EVT-20260517-01,2026-05-17,done,JPYC株式会社は「JPYC EX」の大型アップデートを実施し、JPYCの発行上限ルールを「1日100万円」から「1回100万円」に変更しました。これにより、ユーザーは1日に複数回の発行申請が可能になり、より柔軟にJPYCを発行できるようになります。また、償還手続きも簡素化され、事前登録済みのウォレットアドレスであれば、どのネットワーク経由で送付されたJPYCも償還対象となります。
1005.0,2026-05-17 18:00:00,JPYC EXが大幅アップデート、Kaiaチェーンへの対応など - Excite エキサイト,https://www.excite.co.jp/news/article/Dreaminnovation_vent_news_dwHaQtaPKI/,excite.co.jp,取扱い・対応、市場・統計,0.0,JPYC EX、Kaia、Kakao,85.0,EVT-20260515-01,2026-05-15,done,JPYC株式会社は日本円ステーブルコイン「JPYC」の発行・償還プラットフォーム「JPYC EX」を大幅アップデートし、Kaiaチェーンへの対応を開始した。発行ルールを「1日あたり100万円」から「1回あたり100万円」に変更し、償還時のネットワーク条件を緩和することで、利便性を向上させた。
1006.0,2026-05-17 18:00:00,JPYC EXが大幅アップデート、Kaiaチェーンへの対応など - Excite エキサイト,http://www.excite.co.jp/news/article/Dreaminnovation_vent_news_dwHaQtaPKI/,excite.co.jp,取扱い・対応、市場・統計,0.0,JPYC EX、Kaiaチェーン、JPYC株式会社,95.0,EVT-20260515-01,2026-05-15,done,JPYC株式会社は、日本円ステーブルコイン「JPYC」の発行・償還プラットフォーム「JPYC EX」について大幅なアップデートを実施した。Kaiaチェーンへの対応を開始し、発行ルールを「1日あたり100万円」から「1回あたり100万円」に変更し、償還時のネットワーク条件を緩和することで、アジア地域での利用機会拡大を狙っている。
1007.0,2026-05-18 05:00:00,日本円連動ステーブルコインを発行・販売するJPYC、シリーズBラウンドで50億円を調達。対話型音声AIを提供するIVRy、シリーズDラウンドで45億円を調達。【最新スタートアップニュース】 - STARTUP DB ENTERPRISE,https://lp.startup-db.com/media/articles/20260518-0522,lp.startup-db.com,発行・資金,0.0,シリーズBラウンド、50億円調達、bitFlyer Holdings,75.0,EVT-20260518-01,2026-05-18,done,日本円連動ステーブルコインを発行・販売するJPYCはシリーズBラウンドで50億円を調達し、対話型音声AIを提供するIVRyはシリーズDラウンドで45億円を調達した。このほか、音楽を光と振動で楽しむデバイス「SOUNDHUG」を提供するピクシーダストテクノロジーズもシリーズDラウンドで33億円を調達している。
1008.0,2026-05-18 08:16:35,JPYCが1日100万円の発行上限を緩和｜Kaiaチェーン対応も - Cryptonews,https://cryptonews.com/jp/news/jpyc-ex-update-kaia-chain/,cryptonews.com,活用事例、取扱い・対応、提携・連携,0.0,Kaia、LINE、カカオ,85.0,EVT-20260517-01,2026-05-17,done,JPYC株式会社は15日、ステーブルコインJPYCの発行プラットフォームJPYC EXを大型アップデートし、発行上限を1日100万円から1回あたり100万円に緩和するとともに、償還手続きを簡略化した。また、アジア市場拡大を見据え、LINEとカカオの関連プロジェクトによるKaiaチェーンへの対応を新たに追加した。
1009.0,2026-05-18 11:26:22,JPYC発行・償還の「JPYC EX」の大型アップデート、発行ルール変更とKaiaチェーン対応など - あたらしい経済,https://www.neweconomy.jp/posts/573952,neweconomy.jp,活用事例、取扱い・対応,0.0,Kaia、JPYC EX、Circle Internet Group,85.0,EVT-20260515-01,2026-05-15,done,日本円ステーブルコインJPYCの発行・償還プラットフォーム「JPYC EX」が5月15日に大型アップデートされ、カイアチェーンの追加対応により計4チェーンでの発行が可能になったほか、発行上限ルールが「1日あたり100万円」から「1回あたり100万円」に変更され、償還予約時のネットワーク・ウォレットアドレス選択が不要になった。
1010.0,2026-05-18 15:49:02,JPYCによる次世代サブスクリプション決済インフラ「JPYC Subscription Service（仮称）」の開発発表 - ニュースメディアVOIX,https://voix.jp/biz/news/169060/,voix.jp,提携・連携、活用事例,0.0,AdvanceAbility株式会社、JPYC Subscription Service、EIP-2612 Permit,85.0,EVT-20260518-02,2026-05-18,done,AdvanceAbility株式会社は、日本円ステーブルコイン「JPYC」を活用したサブスクリプション決済インフラ「JPYC Subscription Service（仮称）」の開発を発表しました。本サービスはAPI・SDK形式で外部事業者に提供され、EIP-2612 Permit方式を採用することで、ガスレスで簡単なユーザー体験を実現しながら、改正資金決済法への対応を含むコンプライアンス体制を整備する予定です。
1015.0,2026-05-18 16:00:00,日本円ステーブルコイン「JPYC」、開発者ツール「JPYC Faucet」がKaiaのテストネット「Kairos」に対応 - PR TIMES,https://prtimes.jp/main/html/rd/p/000000316.000054018.html,prtimes.jp,実証実験、取扱い・対応,0.0,JPYC Faucet、Kaia、Kairos,75.0,EVT-20260518-03,2026-05-18,done,JPYC株式会社は、開発者向けツール「JPYC Faucet」がKaiaのテストネット「Kairos」に対応したことを発表しました。このツールにより、開発者は実資金を使用せずにKaiaネットワーク上でのJPYCの検証が可能となり、プロトタイプ開発の手間とコストを削減できます。JPYC Faucetは複数のテストネットワークに対応しており、無償で利用できます。
1012.0,2026-05-18 16:00:00,kaiaテストネット用JPYCが無償で取得可能に、「JPYC Faucet」が「Kairos」に対応（あたらしい経済） - Yahoo!ニュース,https://news.yahoo.co.jp/articles/a1ccfc31129d5a5b6d3fa633fcdf2b86642bbbe1,news.yahoo.co.jp,取扱い・対応、実証実験,0.0,JPYC Faucet、Kaia、Kairos,85.0,EVT-20260518-03,2026-05-18,done,JPYCのテスト用トークンを取得できる開発者向けツール「JPYC Faucet」が、カイア（Kaia）のテストネット「カイロス（Kairos）」に対応開始し、開発者はカイアエコシステムでの検証に必要なテスト用JPYCを無償で取得できるようになった。これにより、実際の資金を使用することなく、カイアネットワーク上での決済フローや業務システムへの組み込み検証が低コストで進められる。
1011.0,2026-05-18 16:00:00,JPYC、発行上限を「1回100万円」に変更｜Kaiaチェーンにも対応 - CoinPartner,https://coinotaku.com/news/articles/248003,coinotaku.com,取扱い・対応,0.0,Kaiaチェーン、JPYC EX、Kakao,85.0,EVT-20260515-01,2026-05-15,done,JPYC株式会社は5月15日、日本円ステーブルコイン「JPYC」の発行上限ルールを従来の「1日あたり100万円」から「1回あたり100万円」に変更し、新たにKaiaチェーンに対応したと発表しました。この変更により、同一日内での複数回の発行申請が可能になり、法人利用などの柔軟なニーズに対応できるようになります。
1013.0,2026-05-18 16:00:00,JPYC対応のサブスクリプション決済インフラ「JPYC Subscription Service（仮称）」開発を発表 - PR TIMES,https://prtimes.jp/main/html/rd/p/000000005.000083627.html,prtimes.jp,活用事例、発行・資金,0.0,AdvanceAbility株式会社、JPYC Subscription Service、EIP-2612 Permit,85.0,EVT-20260518-02,2026-05-18,done,AdvanceAbility株式会社は、日本円ステーブルコイン「JPYC」を活用したサブスクリプション決済インフラ「JPYC Subscription Service（仮称）」の開発を発表しました。本サービスはAPI・SDK形式でJPYCによる定期課金機能を提供し、EIP-2612 Permit方式を採用してガスレスで安全な継続課金体験を実現することを目指しています。
1014.0,2026-05-18 16:00:00,JPYC、LINE上のステーブルコインウォレット「Unifi」で5月22日から利用可能に（NADA NEWS） - Yahoo!ニュース,https://news.yahoo.co.jp/articles/a6d1875888ed3a7dfd779484dbe409df7e4bc86c,news.yahoo.co.jp,取扱い・対応、提携・連携,0.0,LINE NEXT、Unifi、HashPort,95.0,EVT-20260518-04,2026-05-18,done,JPYC社は、LINE上のステーブルコインウォレット「Unifi」で日本円ステーブルコイン「JPYC」を5月22日から利用可能にすると発表した。あわせて、JPYC EXではKaiaチェーン対応も開始され、Kaia上でのJPYCの発行・償還が可能になっている。
1016.0,2026-05-18 22:25:52,LINEウォレット「Unifi」、日本円ステーブルコイン「JPYC」の取り扱いを22日開始 - finance.biggo.jp,https://finance.biggo.jp/news/O5pDO54B6tLPsnrZsogv,finance.biggo.jp,取扱い・対応、提携・連携,0.0,LINE NEXT、Unifi、Kaia Network,95.0,EVT-20260518-04,2026-05-18,done,LINE NEXTが手がけるノンカストディアル型ウォレット「Unifi」は5月22日から日本円ステーブルコイン「JPYC」の取り扱いを開始する。JPYCはKaiaネットワーク上で発行され、Unifiを通じてLINEアプリ上での送金・決済・リワード受け取りが可能になる。同時にJPYC EXの発行ルールが改定され、利用者は1日に複数回の発行申請ができるようになった。
1018.0,2026-05-19 16:00:00,AdvanceAbility、日本円ステーブルコイン「JPYC」を活用したサブスクリプション決済インフラを発表 - コマースピック,https://www.commercepick.com/archives/93083,commercepick.com,実証実験、提携・連携,0.0,AdvanceAbility、JPYC Subscription Service、EIP-2612 Permit,75.0,EVT-20260518-02,2026-05-18,done,AdvanceAbility株式会社は、日本円ステーブルコイン「JPYC」を用いたサブスクリプション決済基盤「JPYC Subscription Service(仮称)」を発表しました。本サービスはEIP-2612 Permit方式を採用し、ユーザーがガス代負担なく署名するだけでJPYCによる継続課金が可能となるAPI・SDKを外部事業者に提供するものです。
1017.0,2026-05-19 16:00:00,LINE NEXTのステーブルコインウォレット「Unifi」、JPYCに正式対応へ - bitbank,https://bitbank.cc/knowledge/breaking/article/0pjv7xbq3,bitbank.cc,取扱い・対応、提携・連携,0.0,LINE NEXT、Unifi、Kaia,95.0,EVT-20260518-04,2026-05-18,done,LINE NEXTのステーブルコインウォレット「Unifi」は5月22日からJPYCに正式対応し、Kaiaチェーン上のJPYCをLINEアカウントだけで保管・送金・決済できるようになる。UnifiはUSDTにも対応済みで、LINEとKakaoエコシステムを活用したアジア圏向け決済基盤の拡大を進めている。
1019.0,2026-05-19 16:17:03,JPYC、LINEのウォレット「Unifi」に対応｜22日から利用可能に - Coinspeaker,https://www.coinspeaker.com/jp/jpyc-stablecoin-line-unifi-wallet/,coinspeaker.com,取扱い・対応、提携・連携,0.0,LINE、Unifi、Kaia Network,90.0,EVT-20260518-04,2026-05-18,done,JPYC株式会社は、日本円ステーブルコイン「JPYC」がLINEベースのウォレット「Unifi」で5月22日から利用可能になると発表した。ユーザーは専用アプリをインストールせず、LINEアプリ内で直接JPYCを保有・管理でき、今後はアプリ内決済や国内外への送金など幅広い用途での利用が予定されている。
1020.0,2026-05-19 17:00:40,LINE NEXTのウォレット「Unifi」、JPYCを5月22日より正式対応 - CoinPost,https://coinpost.jp/?p=709623,coinpost.jp,取扱い・対応、提携・連携,0.0,LINE NEXT、Unifi、Kaia,90.0,EVT-20260518-04,2026-05-18,done,LINE NEXTが運営するウォレット「Unifi」は5月22日よりJPYCに正式対応し、ユーザーはLINEアカウントのみでJPYCの保管・送金・決済が可能になる。Kaiaネットワーク上で発行されるJPYCは、LINEとKakaoTalkの両エコシステムに接続しており、ローンチ記念として総額8万JPYCのアーリーバードイベントが5月21日まで開催される。
1021.0,2026-05-19 17:15:25,LINE上で日本円ステーブルコイン「JPYC」が利用可能に - crypto-times.jp,https://crypto-times.jp/news-the-japanese-yen-stablecoin-jpyc-is-now-available-on-line/,crypto-times.jp,取扱い・対応、提携・連携、活用事例,0.0,LINE、Unifi、JPYC株式会社,95.0,EVT-20260518-04,2026-05-18,done,日本円ステーブルコイン「JPYC」が5月22日よりLINEと連携し、Unifiプラットフォーム上でのサポートを開始し、複雑な設定なしにJPYCを活用した支払い・送金・リワードが可能になります。Unifiはローンチ記念として5月18日から21日の期間中に、対象ユーザーに総額8万JPYCを配布するキャンペーンを実施しています。
1022.0,2026-05-19 18:27:53,LINEウォレット「Unifi」がJPYCに22日対応、8万JPYCの還元キャンペーンも始動 - BigGo ファイナンス,https://finance.biggo.jp/news/YL2QP54BpwxG186NKyJv,finance.biggo.jp,取扱い・対応、活用事例,0.0,LINE NEXT、Unifi、Kaia,95.0,EVT-20260518-04,2026-05-18,done,"LINE NEXTのステーブルコインウォレット「Unifi」が5月22日からJPYCに対応し、LINEアカウントのみで日本円連動型暗号資産の保管・送金・決済が可能になる。対応を記念して総額8万JPYC相当が当たるアーリーバードキャンペーンが5月21日まで実施されており、LINEの約9,600万人の国内月間アクティブユーザーに対してステーブルコイン決済の入口が開かれることになる。"
1023.0,2026-05-20 00:00:00,LINEウォレット「ユニファイ」、日本円ステーブルコインJPYCに5月22日対応 - JinaCoin,https://jinacoin.ne.jp/unifi-jpyc-20260520/,jinacoin.ne.jp,取扱い・対応、提携・連携,0.0,LINE NEXT、Unifi、Kaia,95.0,EVT-20260518-04,2026-05-18,done,LINE NEXTが運営するステーブルコインウォレット「ユニファイ」は、日本円連動型ステーブルコイン「JPYC」を5月22日から正式にサポートすると発表した。ユニファイ利用者はウォレット上でJPYCの保管・決済・送金・リワード受け取りが可能になり、LINEの国内1億人超の利用者基盤とカイア・ネットワークの連携により、Web3の日常利用を促進することを目指している。
1024.0,2026-05-20 11:30:11,LINEのUnifi、日本円ステーブルコインJPYCに対応｜22日から - Cryptonews,https://cryptonews.com/jp/news/line-next-unifi-wallet-jpyc-support/,cryptonews.com,取扱い・対応,0.0,LINE NEXT、Unifi、Kaia,90.0,EVT-20260518-04,2026-05-18,done,LINE NEXTが提供するウォレット「Unifi」は、5月22日から日本円連動ステーブルコイン「JPYC」のサポートを開始する。Kaiaネットワーク上で発行されるJPYCは、ユーザーがUnifi内で直接保管・利用でき、高速な決済や送金が可能になる。
1026.0,2026-05-20 16:00:00,LINEウォレット「Unifi」、日本円ステーブルコンJPYC対応｜5月22日から利用可能に - CoinPartner,https://coinotaku.com/news/articles/248144,coinotaku.com,取扱い・対応、活用事例,0.0,LINE、Unifi、JPYC株式会社,95.0,EVT-20260518-04,2026-05-18,done,JPYC株式会社は5月22日から、LINEアプリ内のステーブルコインウォレット「Unifi」で日本円ステーブルコインJPYCの取り扱いを開始します。国内で1億人超の利用基盤を持つLINE上でJPYCが使えることで、ブロックチェーン技術を活用した送金や決済が一般利用の導線に組み込まれることになります。
1025.0,2026-05-20 16:00:00,double jump.tokyo、N Suiteで法人向けJPYCレンディング対応を開始 - Bitget,https://www.bitget.com/ja/news/detail/12560605421536,bitget.com,活用事例、取扱い・対応、提携・連携,0.0,double jump.tokyo、N Suite、Bifrost,75.0,EVT-20260520-01,2026-05-20,done,double jump.tokyoは5月20日、企業向けウォレットサービス「N Suite」に「N Suite Treasury Access Plan」を追加し、BifrostのJPYCレンディングへの対応を開始しました。企業はN Suiteの統制環境を維持したまま、固定APY4％のJPYCレンディングを月額利用料無料で利用できます。MPCによる秘密鍵の分散管理と多重承認のワークフローを保ったまま外部DeFiサービスへアクセスできる点が特徴です。
1027.0,2026-05-20 17:00:09,LINEでJPYCが使える時代へ？ステーブルコインの日常利用とリスクを解説 - CoinChoice,https://coinchoice.net/jpyc-unifi/,coinchoice.net,取扱い・対応、解説・論説,1.0,LINE NEXT、Unifi、Kaia,85.0,EVT-20260518-04,2026-05-18,done,LINE NEXTのステーブルコインウォレット「Unifi」が2026年5月22日からJPYCに正式対応すると報じられており、LINEアカウントを使ってKaiaチェーン上のJPYCを保管・送金・決済できる環境が広がる見込みです。JPYCは日本円の預貯金および国債を裏付け資産とし、1対1で価値が連動するように設計されたステーブルコインであり、LINE上での利用により一般ユーザーがより触れやすくなる可能性がある一方で、送金先の間違いやフィッシング詐欺などのリスクに注意が必要です。
1028.0,2026-05-21 16:00:00,LINEウォレット「Unifi」がJPYCに対応、新アプリ不要でステーブルコイン決済へ - Bitget,https://www.bitget.com/ja/news/detail/12560605423318,bitget.com,取扱い・対応、提携・連携、活用事例,0.0,LINE NEXT、Unifi、Kaia,95.0,EVT-20260518-04,2026-05-18,done,JPYC株式会社は、LINE NEXTが提供するweb3ウォレット「Unifi」においてJPYCが正式採用されたと発表しました。LINEアプリを通じてKaiaネットワーク上でのJPYC利用は国内初の事例となり、1億人超のLINEユーザーが新たなアプリをインストールせずにJPYCでの決済・送金などが利用可能になります。
1029.0,2026-05-22 08:40:32,JPYC、LINE系ウォレット「Unifi」に正式対応｜国内初の実装事例に - bittimes.net,https://bittimes.net/news/223505.html,bittimes.net,取扱い・対応、活用事例,0.0,LINE NEXT Inc.、Unifi、Kaia,95.0,EVT-20260518-04,2026-05-18,done,JPYC株式会社は、LINE系web3ウォレット「Unifi」に正式対応し、LINEアプリ上でJPYCの決済・送金・預け入れ・リワード受け取りが段階的に利用可能となることを発表しました。LINEアプリ経由でKaiaネットワーク上のJPYCを扱う事例は国内初で、ユーザーは追加ダウンロードや複雑な設定なしにメッセージ送信に近い操作感でデジタルマネーを利用できるようになります。
1030.0,2026-05-22 13:10:15,LINE NEXTのWeb3ウォレット「Unifi」、日本円ステーブルコイン「JPYC」利用可能に - あたらしい経済,https://www.neweconomy.jp/posts/575677,neweconomy.jp,取扱い・対応,0.0,LINE NEXT、Unifi、Kaia,85.0,EVT-20260518-04,2026-05-18,done,LINE NEXTのWeb3ウォレット「Unifi」で日本円ステーブルコイン「JPYC」が利用可能になった。UnifiはLINEアプリ上で利用可能なノンカストディアル型ウォレットで、預け入れ額に応じて基本年率4〜5%の利息が提供される。JPYCは2024年8月にローンチしたカイアなど複数のブロックチェーンに対応している。
1031.0,2026-05-22 14:10:40,LINEウォレット「Unifi」がJPYCに対応、新アプリ不要でステーブルコイン決済へ - CoinPost,https://coinpost.jp/?p=710507,coinpost.jp,取扱い・対応、提携・連携、活用事例,0.0,LINE NEXT、Unifi、Kaia,95.0,EVT-20260518-04,2026-05-18,done,JPYC株式会社は、LINEヤフーのグループ会社LINE NEXTが提供するweb3ウォレット「Unifi」において、日本円ステーブルコイン「JPYC」を正式採用したと発表しました。LINEアプリ上でKaiaネットワークを通じたJPYC利用は国内初の事例となり、1億人以上のLINEユーザーが新たなアプリのインストール不要で決済や送金などのサービスを利用できるようになります。
1037.0,2026-05-22 16:00:00,JPYC、シリーズB資金調達は累計50億円へ（あたらしい経済） - Yahoo!ニュース,https://news.yahoo.co.jp/articles/12bee2a2ae0ea210e16a0167b3afa044e683db08,news.yahoo.co.jp,発行・資金,0.0,JPYC社、アステリア、ビットフライヤーホールディングス、メタプラネット,95.0,EVT-20260518-01,2026-05-18,done,日本円ステーブルコイン「JPYC」を発行・運営するJPYC社が、シリーズBラウンドの累計資金調達額が約50億円となると5月22日に発表した。調達資金は金融およびweb3領域のエコシステム拡大に向け、システム開発、人材採用、ステーブルコイン関連事業、戦略的投資に活用される予定である。
1038.0,2026-05-22 16:00:00,JPYC、シリーズBで累計約50億円の調達完了へ 日本円ステーブルコインの社会実装を加速(CoinPost) - Yahoo!ファイナンス,https://finance.yahoo.co.jp/news/detail/fa312ba9c6f5d935ed3d46ed2dd19c533e67faf8,finance.yahoo.co.jp,発行・資金、取扱い・対応、市場・統計,0.0,Life Design Fund、IHD STRATEGY FUND、LINE NEXT、Kaia,95.0,EVT-20260518-01,2026-05-18,done,JPYC株式会社はシリーズBラウンドのセカンドクローズが完了予定で、累計調達総額は約50億円に達する見込みであり、4社の新規投資家が参画する。同社が2025年10月に発行した日本円ステーブルコイン「JPYC」は発行から約7ヶ月で口座数1.8万件、累計発行額25億円、総取引高350億円を超える実績を上げており、LINEエコシステムの「Unifi」への採用決定によりマスアダプション推進を進めている。
1039.0,2026-05-22 16:00:00,「北尾さん流のエール、叱咤激励と受け止めている」JPYC岡部氏──クロスボーダーSC決済の記者発表会にゲスト登壇 - Yahoo!ファイナンス,https://finance.yahoo.co.jp/news/detail/9153ea44c96a70f10a9b16183cb3db5e41535b06,finance.yahoo.co.jp,活用事例、提携・連携,0.0,トレーダム株式会社、岡部典孝、北尾吉孝,75.0,EVT-20260522-01,2026-05-22,done,トレーダム株式会社がクロスボーダー・ステーブルコイン決済サービス「トレーダム ペイメント」の提供開始を発表し、海外の買い手がUSDCなどで支払い日本企業が日本円で受け取れるサービスを実現する。JPYC株式会社の岡部氏は、政府もステーブルコインのクロスボーダー利用を後押しする方針を示し、JPYCの発行上限を「1日100万円」から「1回100万円」に変更したことがこうした取り組みに有意義だと説明した。
1036.0,2026-05-22 16:00:00,Life Design Fund、日本円連動ステーブルコインを発行する JPYC に出資 - PR TIMES,https://prtimes.jp/main/html/rd/p/000000077.000097774.html,prtimes.jp,提携・連携、発行・資金,0.0,Life Design Fund、イオンモール、イグニション・ポイント ベンチャーパートナーズ,75.0,EVT-20260522-02,2026-05-22,done,イグニション・ポイント ベンチャーパートナーズ株式会社とイオンモール株式会社が共同運営するLife Design Fundは、日本円連動ステーブルコイン「JPYC」を発行・運営するJPYC株式会社に出資しました。JPYC社は2019年11月設立のステーブルコインのパイオニア企業で、2025年8月に資金移動業者としての登録を完了しており、スマートフォンで完結するシームレスな決済と手数料低減を両立するモデルとして期待されています。
1035.0,2026-05-22 16:00:00,【国内初(※1)】LINEアプリ上で利用可能なUnifiで日本円ステーブルコイン「JPYC」が利用可能に。 - PR TIMES,https://prtimes.jp/main/html/rd/p/000000318.000054018.html,prtimes.jp,取扱い・対応、提携・連携,0.0,LINE NEXT Inc.、Unifi、Kaia,95.0,EVT-20260518-04,2026-05-18,done,JPYC株式会社が提供する日本円ステーブルコイン「JPYC」が、LINE NEXT Inc.のweb3ウォレット「Unifi」で正式に利用可能になりました。国内1億人以上が利用するLINEアプリからアクセスでき、ユーザーは複雑なブロックチェーン技術を意識することなく、決済・送金・預け入れができる環境が実現されます。また、2026年5月15日よりKaiaネットワーク上でのJPYC発行も正式に開始されており、LINEアプリを通じたKaiaネットワーク上でのJPYC利用は国内初の事例となります。
1032.0,2026-05-22 16:00:00,日本円ステーブルコイン「JPYC」、シリーズB累計約50億円調達 | JPYC株式会社のプレスリリース - PR TIMES,https://prtimes.jp/main/html/rd/p/000000319.000054018.html,prtimes.jp,発行・資金、市場・統計、提携・連携、取扱い・対応,0.0,JPYC株式会社、LINE NEXT、Kaia、イグニション・ポイント ベンチャーパートナーズ,95.0,EVT-20260518-01,2026-05-18,done,"JPYC株式会社は、日本円ステーブルコイン「JPYC」のシリーズBラウンドで累計約50億円の資金調達を完了しました。2025年10月の発行開始から約7ヶ月で口座開設数18,000件、累計発行額25億円、総取引高350億円を超える成果を上げており、LINE NEXTの「Unifi」での正式採用やマルチチェーン戦略の拡充を通じて、社会実装フェーズへの移行を加速させています。"
1033.0,2026-05-22 16:00:00,LINEアプリでJPYC対応開始｜Unifiで日本円ステーブルコイン送金・決済が可能に - CoinPartner,https://coinotaku.com/news/articles/248274,coinotaku.com,取扱い・対応、活用事例,0.0,Unifi、Kaia Network、LINE,95.0,EVT-20260518-04,2026-05-18,done,LINEアプリのweb3ウォレット「Unifi」が5月22日、日本円ステーブルコイン「JPYC」への正式対応を開始し、LINEアプリ内でJPYCの入出金、送金、決済などが可能になりました。Kaia Network基盤のJPYCは日本円に連動し価格変動が少ないため、1億人超のLINEユーザーが法定通貨のような感覚で円建てデジタル資産を利用できるようになります。
1034.0,2026-05-22 16:00:00,JPYC、シリーズB累計約50億円を調達へ──いよぎん、明治安田生命らが出資（NADA NEWS） - Yahoo!ニュース,https://news.yahoo.co.jp/articles/17a606be37632843fa3ed84a9157ce8d581dd99d,news.yahoo.co.jp,発行・資金,0.0,いよぎんホールディングス、明治安田生命、Life Design Fund,95.0,EVT-20260518-01,2026-05-18,done,JPYC株式会社はシリーズBラウンドで累計約50億円を調達する見込みで、いよぎんホールディングス、明治安田生命などが出資に参加した。調達資金はシステム開発、人材採用、決済事業拡充などに充てられ、提供開始から約7カ月で累計発行額は25億円を突破している。
1040.0,2026-05-22 17:14:05,JPYC、シリーズBで累計約50億円の調達完了へ 日本円ステーブルコインの社会実装を加速 - Iolite（アイオライト）,https://iolite.net/news/coinpost-710602,iolite.net,発行・資金、取扱い・対応、活用事例、市場・統計,0.0,Life Design Fund、IHD STRATEGY FUND、Unifi、Kaia,95.0,EVT-20260518-01,2026-05-18,done,"JPYC株式会社はシリーズBラウンドのセカンドクローズ完了により、累計約50億円の調達を達成する予定です。同社の日本円ステーブルコイン「JPYC」は発行から約7ヶ月で1万8,000件の口座開設と350億円を超える総取引高を達成し、LINEの次世代Web3ウォレット「Unifi」への正式採用が決定するなど、社会実装が加速しています。"
1041.0,2026-05-22 17:14:05,JPYC、シリーズBで累計約50億円の調達完了へ 日本円ステーブルコインの社会実装を加速 - CoinPost,https://coinpost.jp/?p=710602,coinpost.jp,発行・資金、取扱い・対応、市場・統計,0.0,Life Design Fund、IHD STRATEGY FUND、Unifi、Kaia,95.0,EVT-20260518-01,2026-05-18,done,"JPYC株式会社はシリーズBラウンドのセカンドクローズで累計約50億円の調達を完了予定であり、4社の新規投資家が参画する。同社の日本円ステーブルコイン「JPYC」は発行から約7ヶ月で口座開設数1万8,000件、総取引高350億円超を達成し、LINEエコシステムの次世代ウォレット「Unifi」への採用が決定されるなど、社会実装が加速している。"
1042.0,2026-05-22 18:30:27,いよぎん系ファンド、円建てステーブルコイン発行のJPYCに出資 - 日本経済新聞,https://www.nikkei.com/article/DGXZQOCC226K00S6A520C2000000/,nikkei.com,提携・連携、発行・資金,0.0,いよぎんホールディングス、いよぎんキャピタル、JPYC,75.0,EVT-20260522-02,2026-05-22,done,いよぎんホールディングス傘下のいよぎんキャピタルなどが設立したファンドが、国内初の円建てステーブルコイン発行企業であるJPYCに第三者割当により出資した。同HDは、円建てステーブルコインの普及が地域における新たな価値創出につながると述べている。
1043.0,2026-05-23 00:00:00,伊予銀行系ファンド、円建てステーブルコイン発行のJPYCに出資 - JinaCoin,https://jinacoin.ne.jp/iyogin-jpyc-20260523/,jinacoin.ne.jp,提携・連携、発行・資金,0.0,伊予銀行、いよぎんキャピタル、IHD STRATEGY FUND、JPYC株式会社,75.0,EVT-20260523-01,2026-05-23,done,伊予銀行系のCVCファンド「IHD STRATEGY FUND」が、日本円建てステーブルコイン「JPYC」を発行するJPYC株式会社に出資した。JPYC社は2025年10月に国内初の日本円建てステーブルコインを発行し、送金決済の効率化を目指しており、地方銀行グループのCVCがステーブルコイン発行企業に出資するのは珍しい事例として注目されている。
1044.0,2026-05-23 00:00:00,いよぎん系ファンド、円建てステーブルコイン発行のJPYCに出資 - 日本経済新聞,https://www.nikkei.com/nkd/company/article/?DisplayType=1&ng=DGXZQOCC226K00S6A520C2000000&nik_code=0070067,nikkei.com,提携・連携、発行・資金,0.0,いよぎんホールディングス、いよぎんキャピタル、JPYC,85.0,EVT-20260523-01,2026-05-23,done,いよぎんホールディングス傘下のいよぎんキャピタルなどが設立したファンドが、国内初の円建てステーブルコイン発行企業のJPYCに第三者割当により4月30日付で出資した。いよぎんHDは、円建てステーブルコインの普及による社会的利便性向上が地域における新たな価値創出につながると述べている。
1045.0,2026-05-23 16:00:00,LINE対応web3ウォレット「Unifi」、JPYC採用 LINEからステーブルコイン利用可能に - ポイ探ニュース,https://www.poitan.jp/archives/176892,poitan.jp,取扱い・対応、活用事例,0.0,LINE NEXT Inc.、Unifi、LINE,85.0,EVT-20260518-04,2026-05-18,done,LINE NEXT Inc.が提供するweb3ウォレット「Unifi」が日本円ステーブルコイン「JPYC」を正式採用し、2026年5月22日から利用可能になった。LINEアカウントのみで複雑な設定なく利用でき、LINEアプリから離脱せずにJPYCを管理・利用できる環境が実現される。
1046.0,2026-05-24 12:43:40,【今週のJPYCまとめ】LINEでJPYCが利用可能に。発行上限が大幅改善「1回100万円」へ - crypto-times.jp,https://crypto-times.jp/news-jpyc-summary-for-this-week-may-24th/,crypto-times.jp,取扱い・対応、発行・資金、制度・規制、解説・論説,1.0,LINE、Unifi、金融庁,85.0,EVT-20260518-04,2026-05-18,done,日本円ステーブルコイン「JPYC」がLINE上で5月22日よりサポート開始となり、日常的な利用シーンが拡大する。また、発行上限が「1日あたり100万円」から「1回あたり100万円」へと改善され、ユーザーがより柔軟にJPYCを発行できるようになった。さらに、金融庁が6月1日施行で海外発行のステーブルコインを決済手段として解禁することにより、国内のステーブルコイン市場環境が変わる見通しとなっている。
1047.0,2026-05-25 10:43:46,「JPYC」がシリーズB累計約50億円調達、社会実装が進む（JPYC） - ペイメントナビ,https://paymentnavi.com/paymentnews/174965.html,paymentnavi.com,発行・資金、市場・統計、取扱い・対応,0.0,Life Design Fund、IHD STRATEGY FUND、あわぎん未来創造投資事業有限責任組合、Kaia,95.0,EVT-20260518-01,2026-05-18,done,"日本円ステーブルコイン「JPYC」を発行・運営するJPYCは、シリーズB累計約50億円の資金調達を完了予定であり、調達資金をシステム開発、人材採用、事業推進、戦略的投資に充当して社会実装を加速させる。現在、JPYCは口座開設数1万8,000件、累計発行額25億円、総取引高350億円を超え、複数のブロックチェーンで対応しながら日本円のデジタル流通におけるデファクトスタンダードの地位確立を目指している。"
1048.0,2026-05-25 10:56:18,JPYC、累計調達額が50億円到達｜日本円ステーブルコイン拡大 - Cryptonews,https://cryptonews.com/jp/news/jpyc-series-b-funding-stablecoin/,cryptonews.com,発行・資金、市場・統計、取扱い・対応,0.0,JPYC株式会社、ライフデザインファンド、明治安田未来共創投資事業有限責任組合、Unifi,85.0,EVT-20260518-01,2026-05-18,done,日本円ステーブルコインを発行するJPYC株式会社は、シリーズBラウンドにおける累計資金調達額が約50億円に達する見込みを明らかにした。2025年に金融庁認可を受けた同社は、発行開始からわずか数カ月で総取引高が350億円を超えており、調達資金はエコシステム拡大やシステム開発、人材採用に充てられる予定である。
1049.0,2026-05-25 11:02:12,GENIUS法案の影響など、ステーブルコインの「現在地」を示すデータを解説｜a16z crypto - CoinPost,https://coinpost.jp/crypto/a16z/stablecoin-infrastructure/,coinpost.jp,市場・統計、解説・論説、競合・市場環境,1.0,a16z crypto、GENIUS法案、MiCAフレームワーク,45.0,,,done,ステーブルコインはかつてのクロスボーダー決済ツールから、GENIUS法案やMiCAフレームワークなどの規制整備により、決済インフラとしての地位を確立しつつある。2025年のC2B取引が前年比128%増で急成長し、流通速度が約2.6倍から6倍に上昇するなど、実需に支えられた活発な取引が見られる一方、国内取引の比率が約50%から約75%へ上昇するなど、クロスボーダーではなくローカル決済手段としての役割が強まっている。
1050.0,2026-05-25 16:00:00,トレーダム、ステーブルコインで決済 輸出支援は国内初 - nikkinonline.com,https://www.nikkinonline.com/article/392380,nikkinonline.com,活用事例、提携・連携,0.0,トレーダム、岡部典孝、Tradeum,75.0,EVT-20260522-01,2026-05-22,done,トレーダムは5月22日からステーブルコインを使った輸出支援サービスを開始した。日本企業が新興国などへ商品を輸出する際にステーブルコインでの支払いを受け付けるもので、ステーブルコインによる国際決済サービスは国内初である。
1051.0,2026-05-25 16:00:00,LINEヤフーグループのweb3ウォレットが「JPYC」採用 LINEアプリ上で利用可能に - ITmedia,https://www.itmedia.co.jp/news/articles/2605/22/news134.html,itmedia.co.jp,取扱い・対応,0.0,LINE NEXT、Unifi、Kaia,85.0,EVT-20260518-04,2026-05-18,done,JPYC社は5月22日、LINEヤフーグループのLINE NEXTが提供するデジタル資産ウォレット「Unifi」がJPYCを採用したと発表した。UnifiはLINEアプリ上で利用可能で、LINEアカウントだけで使用でき、LINEアプリを通じたKaiaネットワーク上でのJPYC利用は国内初となる。今後、LINEアプリからJPYCによる決済・送金・預け入れ・受け取りが順次利用可能になり、将来的には現金引き出しや給与受け取りなどの日常的な金融手段としての活用も想定されている。
1052.0,2026-05-25 17:00:00,ダイナース、ステーブルコインとポイント交換 国内初 - 日本経済新聞,https://www.nikkei.com/article/DGXZQOUB2320F0T20C26A5000000/,nikkei.com,活用事例、提携・連携,0.0,三井住友トラストクラブ、ハッシュポート、ダイナース,75.0,EVT-20260525-01,2026-05-25,done,三井住友トラストクラブは6月からダイナースカードのポイントをステーブルコインに交換するサービスを開始する。JPYCとハッシュポートと組み、実店舗やECサイトでのステーブルコイン決済の普及を目指す。
1053.0,2026-05-25 20:56:17,海外からのステーブルコイン決済を日本円で受領、「トレーダム ペイメント」開始 - CoinPost,https://coinpost.jp/?p=710866,coinpost.jp,活用事例、提携・連携、制度・規制,0.0,トレーダム株式会社、USDC、改正資金決済法,45.0,,,done,フィンテック企業のトレーダム株式会社は、海外の買い手がUSDCなどのステーブルコインで支払い、日本企業が日本円で受け取れるクロスボーダー決済サービス「トレーダム ペイメント」を開始した。従来の銀行送金やクレジットカード決済と比べて手数料が0.25〜1.25％程度で低く、着金スピードも速いため、新興国との取引において既存の決済インフラの空白を埋める手段として注目されている。
1054.0,2026-05-26 00:00:00,【今日の仮想通貨ニュース】BTCもみ合い継続──テザー提携とJPYC拡大が進展 - JinaCoin,https://jinacoin.ne.jp/today-news-top5-20260526/,jinacoin.ne.jp,活用事例、提携・連携、市場・統計,0.0,ダイナースクラブ、三井住友トラストクラブ、HashPort,45.0,EVT-20260525-01,2026-05-25,done,"5月26日の暗号資産市場ではビットコインが76,000ドル台でもみ合う展開が続く一方で、テザーがジョージア政府と連携してラリ建てステーブルコイン「GEL₮」を発行することを発表し、また日本ではダイナースクラブカードのポイントを日本円ステーブルコイン「JPYC」に交換できるサービスが6月1日に開始されるなど、暗号資産の実需と制度整備に関する動きが進展している。"
1055.0,2026-05-26 13:53:11,日本のクレカで初、ダイナースのポイントが「JPYC」と交換可能に。HashPort Wallet上で - あたらしい経済,https://www.neweconomy.jp/posts/576519,neweconomy.jp,取扱い・対応、活用事例,0.0,ダイナースクラブ、三井住友トラストクラブ、HashPort Wallet,92.0,,,done,三井住友トラストクラブはダイナースクラブカードおよびTRUST CLUBカードの利用で貯まるリワードポイントを、日本円ステーブルコイン「JPYC」に交換できるサービスを6月1日より開始する。クレジットカードのポイントをステーブルコインに交換できるのは日本初であり、交換はHashPort Wallet上で行われ、ポイント交換額の精算を行わないなどの対応により暗号資産交換業には該当しないとのことだ。
1056.0,2026-05-26 13:55:15,ダイナースクラブ、ポイントをステーブルコイン「JPYC」に交換可能に - Impress Watch,https://www.watch.impress.co.jp/docs/news/2111646.html,watch.impress.co.jp,活用事例、取扱い・対応,0.0,ダイナースクラブ、三井住友トラストクラブ、HashPort,85.0,EVT-20260525-01,2026-05-25,done,三井住友トラストクラブは6月1日から、ダイナースクラブカードとTRUST CLUBカードの利用で貯まるリワードポイントを、日本円ステーブルコイン「JPYC」に交換できるサービスを開始する。これはクレジットカードのポイントをステーブルコインに交換できるサービスとしては日本初で、11月30日までのキャンペーン期間中は交換時にポイント還元も実施される。
1057.0,2026-05-26 14:35:38,ダイナースクラブ、ポイントをステーブルコイン「JPYC」に交換可能へ 国内カード初の仕組み - BigGo ファイナンス,https://finance.biggo.jp/news/3B3IYp4BYH_ypPqODTOz,finance.biggo.jp,活用事例、取扱い・対応、提携・連携,0.0,三井住友トラストクラブ、ダイナースクラブ、HashPort,95.0,EVT-20260525-01,2026-05-25,done,三井住友トラストクラブは6月1日より、ダイナースクラブカードとTRUST CLUBカードのリワードポイントを日本円連動型ステーブルコイン「JPYC」に交換できるサービスを開始し、クレジットカードポイントをステーブルコインに交換できる仕組みは国内で初めての試みとなる。交換されたJPYCは実店舗やECサイト、Web3サービスなど幅広い用途での活用が想定されており、サービス開始を記念してポイントバックキャンペーンが実施される。
1058.0,2026-05-26 14:45:06,ダイナースクラブのポイントをJPYCに交換可能に、日本のカードで初の取り組み - crypto-times.jp,https://crypto-times.jp/news-diners-club-points-can-now-be-exchanged-for-jpyc/,crypto-times.jp,活用事例、提携・連携,0.0,ダイナースクラブ、三井住友トラストクラブ株式会社、HashPort,95.0,,,done,JPYC株式会社は、ダイナースクラブカードとTRUST CLUBカードのリワードポイントを日本円ステーブルコイン「JPYC」に交換できるサービスを2026年6月1日から開始します。クレジットカードのポイントをステーブルコインに交換できる仕組みは日本初となり、交換したJPYCは実店舗やWeb3サービスでの決済などに利用できます。
1059.0,2026-05-26 15:29:30,AWS Summit Japan 2026にゴールドスポンサーとして協賛 | ニュース | シンプレクス株式会社 - シンプレクス株式会社,https://www.simplex.inc/news/2026/3516/,simplex.inc,提携・連携,0.0,シンプレクス株式会社、AWS Summit Japan 2026、JPYC株式会社,25.0,,,done,シンプレクス株式会社は、2026年6月25日・26日に幕張メッセで開催される「AWS Summit Japan 2026」にゴールドスポンサーとして協賛し、生成AI、マイグレーション、UI/UX、web3などのテーマでブース展示とセッションを実施します。同社のインダストリー・プラクティス・リード三浦和夫が、AIとブロックチェーンが実現する次世代体験についてのセッションを講演予定です。
1061.0,2026-05-26 16:00:00,ダイナースクラブ、ポイントを日本円ステーブルコイン「JPYC」へ交換可能に - 日本のクレジットカードで初 - ライブドアニュース,https://news.livedoor.com/article/detail/31376446/?from_page=internal,news.livedoor.com,活用事例、取扱い・対応,0.0,三井住友トラストクラブ、ダイナースクラブ、HashPort,95.0,EVT-20260525-01,2026-05-25,done,三井住友トラストクラブは6月1日から、ダイナースクラブカードとTRUST CLUBカードの利用で貯まるリワードポイントを、日本円ステーブルコイン「JPYC」に交換できるサービスを開始する。これはクレジットカードのポイントをステーブルコインに交換できる日本初のサービスで、交換したJPYCは実店舗やECサイト、Web3サービスでの決済などに活用できる。
1063.0,2026-05-26 16:00:00,ダイナースクラブのポイント、JPYCに交換可能に──日本のクレジットカードで初（NADA NEWS） - Yahoo!ニュース,https://news.yahoo.co.jp/articles/20a9e2b4e71dcf00bbdc0a126fd78ab56c7a81e5,news.yahoo.co.jp,取扱い・対応、活用事例,0.0,三井住友トラストクラブ、HashPort、ダイナースクラブ,85.0,EVT-20260525-01,2026-05-25,done,三井住友トラストクラブ、JPYC、HashPortの3社は、ダイナースクラブカードおよびTRUST CLUBカードのリワードポイントを日本円ステーブルコイン「JPYC」に交換できるサービスを6月1日に開始する。クレジットカード利用で貯まるポイントをステーブルコインに交換できる仕組みは日本初であり、交換したJPYCは実店舗やECサイト、Web3サービスでの利用が想定されている。
1060.0,2026-05-26 16:00:00,ダイナースのポイントがJPYCに交換可能に、500ポイント還元キャンペーンも - ポイ探ニュース,https://www.poitan.jp/archives/177320,poitan.jp,取扱い・対応、活用事例,0.0,三井住友トラストクラブ、ダイナースクラブカード、HashPort,85.0,,,done,三井住友トラストクラブが発行するダイナースクラブカードとTRUST CLUBカードのリワードポイントが、2026年6月1日より日本円ステーブルコイン「JPYC」に交換可能になる。交換は「HashPort Wallet」上で行われ、サービス開始記念として2026年6月1日から11月30日まで、交換時にポイント還元を受けられるキャンペーンが実施される。
1062.0,2026-05-26 16:00:00,「ビットコインと何が違う？」、ステーブルコインを解き明かす5つの疑問 - 日経クロステック Active,https://active.nikkeibp.co.jp/atcl/act/19/00768/033100002/,active.nikkeibp.co.jp,解説・論説、競合・市場環境,1.0,ビットコイン、資金決済法、日本総合研究所,45.0,,,done,ステーブルコインはビットコインと異なり、価格が変動せず、発行者が明確に存在し、裏付け資産によって価値が保証されるデジタル通貨である。決済や送金といった実用的な用途を想定しており、特に暗号資産取引やクロスボーダー決済などのブロックチェーン上での取引に向いている。
1064.0,2026-05-26 16:00:00,～日本のクレジットカードで初！～ カード利用で貯まるポイントをステーブルコインに。2026年6月1日、ダイナースクラブのポイントを日本円ステーブルコイン「JPYC」に交換するサービスがスタート。 - PR TIMES,https://prtimes.jp/main/html/rd/p/000000320.000054018.html,prtimes.jp,活用事例、取扱い・対応、提携・連携,0.0,三井住友トラストクラブ、ダイナースクラブ、HashPort,95.0,EVT-20260525-01,2026-05-25,done,JPYC株式会社は2026年6月1日から、三井住友トラストクラブが発行するダイナースクラブカードおよびTRUST CLUBカードの利用で貯まるリワードポイントを日本円ステーブルコイン「JPYC」に交換できるサービスを開始します。これはクレジットカードのポイントをステーブルコインに交換できる日本初のサービスとなり、HashPort Walletを通じて交換が可能です。
1066.0,2026-05-26 16:00:00,（地域発金融）いよぎん系、フィンテックのJPYCに出資 - 日本経済新聞,https://www.nikkei.com/nkd/company/article/?DisplayType=1&ng=DGKKZO96474590V20C26A5EE9000&nik_code=0070067,nikkei.com,提携・連携,0.0,いよぎんホールディングス、いよぎんキャピタル,75.0,EVT-20260523-01,2026-05-23,done,いよぎんホールディングス傘下のいよぎんキャピタルなどが設立したファンドが、フィンテック企業のJPYC（東京・千代田）に第三者割当により4月30日付で出資した。
1065.0,2026-05-26 16:00:00,ダイナースクラブのポイント、JPYCに交換可能に｜国内クレカで初 - CoinPartner,https://coinotaku.com/news/articles/248343,coinotaku.com,活用事例、提携・連携、取扱い・対応,0.0,三井住友トラストクラブ、ダイナースクラブ、HashPort,95.0,,,done,三井住友トラストクラブ、JPYC、HashPortは6月1日から、ダイナースクラブカードとTRUST CLUBカードのリワードポイントを日本円ステーブルコイン「JPYC」に交換できるサービスを開始します。クレジットカードのポイントをステーブルコインに交換できるのは日本で初めてで、交換後のJPYCは実店舗やECサイト、Web3サービスでの決済に利用できます。
1067.0,2026-05-26 17:30:00,ダイナースクラブのポイントがWeb3決済に変わる時代へ。JPYC連携の意味と注意点を解説 - CoinChoice,https://coinchoice.net/diners-jpyc/,coinchoice.net,取扱い・対応、提携・連携、活用事例、解説・論説,1.0,ダイナースクラブ、三井住友トラストクラブ、HashPort、HashPort Wallet,92.0,EVT-20260525-01,2026-05-25,done,2026年6月1日より、ダイナースクラブカードおよびTRUST CLUBカードのリワードポイントを日本円ステーブルコイン「JPYC」に交換できるサービスが開始されます。クレジットカードのポイントをステーブルコインに交換できるのは日本初の取り組みであり、ポイントがブロックチェーン上で送金・決済に使えるデジタル価値に変わる可能性があります。
1068.0,2026-05-26 18:51:12,ダイナースクラブ、ポイントを日本円ステーブルコイン「JPYC」へ交換可能に - 日本のクレジットカードで初 - マイナビニュース,https://news.mynavi.jp/article/20260526-4505519/,news.mynavi.jp,活用事例、取扱い・対応,0.0,三井住友トラストクラブ、ダイナースクラブ、HashPort,85.0,EVT-20260525-01,2026-05-25,done,三井住友トラストクラブは6月1日から、ダイナースクラブカードとTRUST CLUBカードの利用で貯まるリワードポイントを、日本円ステーブルコイン「JPYC」に交換できるサービスを開始する。これはクレジットカードのポイントをステーブルコインに交換できる仕組みとしては日本初であり、交換したJPYCは実店舗やECサイト、Web3サービスでの決済に活用できる。
1069.0,2026-05-27 08:01:41,低コスト・リアルタイムで国際決済できる「トレーダム ペイメント」の強みとは？ - ペイメントナビ,https://paymentnavi.com/paymentnews/175079.html,paymentnavi.com,提携・連携、実証実験、制度・規制,0.0,トレーダム、FINOLAB、金融庁改正資金決済法,25.0,,,done,トレーダムは、海外の買い手がステーブルコインで支払い、日本の売り手企業が法定通貨で受け取れる規制対応型クロスボーダー決済サービス「トレーダム ペイメント」の提供を開始した。日本企業がステーブルコインに直接触れることなくグローバル決済のメリットを享受でき、従来のSWIFTやクレジットカード決済と比べて手数料・速度で優位性がある。
1070.0,2026-05-27 08:55:52,カード利用のポイントをステーブルコイン（JPYC）に交換可能に（三井住友トラストクラブ） - ペイメントナビ,https://paymentnavi.com/paymentnews/175096.html,paymentnavi.com,活用事例、取扱い・対応,0.0,三井住友トラストクラブ、ダイナースクラブ、HashPort,85.0,EVT-20260525-01,2026-05-25,done,三井住友トラストクラブが発行するダイナースクラブカードとTRUST CLUBカードの利用で貯まるリワードポイントを、2026年6月1日からJPYCに交換できるサービスを開始する。サービス開始を記念して、ポイント交換時にポイントを還元する「ポイントバックキャンペーン」を実施する。
1071.0,2026-05-27 14:40:10,日本初、クレカポイントをステーブルコインJPYCへ交換可能に - Coinspeaker,https://www.coinspeaker.com/jp/credit-card-points-to-jpyc-stablecoin/,coinspeaker.com,活用事例、提携・連携、取扱い・対応,0.0,三井住友トラストクラブ、ダイナースクラブ、HashPort,95.0,EVT-20260525-01,2026-05-25,done,三井住友トラストクラブなど3社が、クレジットカードのポイントをステーブルコインJPYCに交換できるサービスを6月1日から開始すると発表した。これは日本初の取り組みであり、ユーザーはHashPortの専用ウォレットを通じて受け取ったJPYCをWeb3サービスで利用できる。
1072.0,2026-05-27 15:10:22,「ステーブルコインを当たり前に」KDDIとHashPortによる連携の全貌 - CoinPost,https://coinpost.jp/crypto/interview/au-coincheck-digital-assets-hashport-wallet/,coinpost.jp,提携・連携、解説・論説,1.0,KDDI、HashPort,45.0,,,done,KDDIの笠井氏は、2023年ごろに暗号資産が「アングラ」と見なされていたのに対し、ステーブルコインの登場により日常の決済や送金の利便性向上への認識が浸透し、金融業界でもオンチェーン化が前提となる状況に変わったと述べている。
1074.0,2026-05-28 16:00:00,ステーブルコインの「風雲児」が明かす、初の円建てコイン発行の舞台裏 - 日経クロステック Active,https://active.nikkeibp.co.jp/atcl/act/19/00768/033100004/,active.nikkeibp.co.jp,解説・論説、制度・規制,1.0,岡部典孝、金融庁金融審議会、資金決済法,75.0,,,done,JPYC社は2023年6月の改正資金決済法施行により、2025年10月に日本初の円建てステーブルコイン「JPYC」の発行にこぎ着けた。金融庁の議論では資金移動業者による発行が認められない可能性があったが、岡部代表取締役の要請により道が開け、2026年3月時点で累計発行額は17億円を超えている。
1073.0,2026-05-28 16:00:00,最大年15%の利回り獲得へ──新興国の”個人向け融資”活用した新型RWAファンドが稼働（NADA NEWS） - Yahoo!ニュース,https://news.yahoo.co.jp/articles/d43063a7772c35d6c1ec1e407d99bf518ebc2387,news.yahoo.co.jp,実証実験、競合・市場環境,0.0,R25、Axil、Pharos,5.0,,,done,R25は新興国の個人向け小口ローンを裏付けにしたオンチェーン金利商品「Axil Consumer Credit Vault」をローンチし、メキシコやタイなど5カ国で最大年15%の利回りを提供する。同Vaultはローンチ時点で3500万ドルの預入予定額を確保し、事前預入キャンペーンでは5000万ドルを集めた。
1075.0,2026-05-29 12:45:30,三井住友トラストはハッシュポートと提携し、カードポイントをJPYCステーブルコインに変換します。 - Bitcoin News,https://news.bitcoin.com/ja/mitsui-sumitomo-trust-hashport-teikei-card-point-jpyc-stablecoin-henkan/,news.bitcoin.com,提携・連携、活用事例,0.0,三井住友トラストクラブ、ハッシュポート、ダイナースクラブ,95.0,EVT-20260525-01,2026-05-25,done,三井住友トラストクラブとハッシュポートが提携し、クレジットカードのポイントをJPYCステーブルコインに交換できるサービスを開始します。年間2.8兆円規模のポイント市場がステーブルコイン普及の触媒となり、6月1日からはポイント交換時に50%のキャッシュバックキャンペーンが実施されます。
1076.0,2026-05-29 16:00:00,AIがJPYCでお米を買った日——Komlock lab「Kova（β）」が問いかけるAIの経済活動 - shiritomo,https://hashout.jp/ai/1566/,hashout.jp,活用事例、実証実験,0.0,Komlock lab、Kova、TDSE,75.0,EVT-20260529-01,2026-05-29,done,Komlock labが公開した自律決済基盤「Kova（β）」により、2026年5月28日にAIが日本円ステーブルコインのJPYCを使用してお米を自動購入する実例が実現しました。Kovaはコマンド数行でAIに財布を持たせ、EVM互換チェーンとJPYC、「x402」プロトコルを組み合わせることで、AIが自律的に判断・決済・取得まで完結させる仕組みを実現しています。TDSEとの実証実験やコインチェックとの共同研究を通じて、AIが経済活動に参加する新たな時代の基盤が整備されつつあります。
1077.0,2026-05-29 16:00:00,AIエージェントで「購買自動化」、ステーブルコインの役割はより重要に - 日経クロステック Active,https://active.nikkeibp.co.jp/atcl/act/19/00768/033100005/,active.nikkeibp.co.jp,実証実験、解説・論説,1.0,JCB、デジタルガレージ、りそなホールディングス、Progmat,65.0,,,done,AIエージェントによる購買自動化の実現に向けて、JCBやりそなHDなどが東京・渋谷でステーブルコイン（JPYCやUSDC）を使ったコード決済の実証実験を実施し、既存システムへの負担を最小限にしながら利用者の受け入れ度や課題を検証している。また、Progmatなどは国際送金を低コスト・高速化するため、Swiftのインターフェースを活用してステーブルコインによるクロスボーダー決済の仕組みを構築するProject Paxを進めており、複数の国内外金融機関が参加している。
1078.0,2026-05-30 16:00:00,ステーブルコイン支払い対応のクロスボーダー決済サービス「トレーダム ペイメント」とは？ 日本企業が日本円で受け取ることができる規制対応型（ネットショップ担当者フォーラム） - Yahoo!ニュース,https://news.yahoo.co.jp/articles/5770f6b79ca0855760afc010ecc34bf9f264a3e6,news.yahoo.co.jp,活用事例、提携・連携,0.0,トレーダム ペイメント、トレーダム,45.0,,,done,トレーダムが提供する「トレーダム ペイメント」は、海外の支払人がステーブルコイン（JPYC等）で支払い、日本企業が法定通貨で受け取るクロスボーダー決済サービスで、日本初をうたっている。日本企業はステーブルコイン管理の負担を抑えながら、低コストかつスピーディーな決済を実現でき、新興国を中心に拡大するステーブルコイン決済ニーズに対応できる。
1079.0,2026-06-01 08:29:02,JPYC、日本円ステーブルコイン事業でシリーズB累計約50億円調達 - BRIDGE（ブリッジ）,https://thebridge.jp/2026/05/jpyc-series-b-funding-50-billion-yen,thebridge.jp,発行・資金、提携・連携,0.0,Life Design Fund、IHD STRATEGY FUND、LINE NEXT Unifi,95.0,EVT-20260518-01,2026-05-18,done,日本円ステーブルコイン「JPYC」を発行・運営するJPYCは、シリーズBラウンドで累計約50億円の資金調達を完了した。調達資金は、金融機関水準のセキュリティを備えたシステム開発、マルチチェーン展開、人材採用などに充当される予定である。
1080.0,2026-06-01 16:00:00,漢方によるフレグランスやブロックチェーンによる手数料1％EC、絵画を耳で見る音響空間などGARAGE Program第107期の3プロジェクトが100BANCHに入居 - PR TIMES,https://prtimes.jp/main/html/rd/p/000000288.000034018.html,prtimes.jp,実証実験、活用事例,0.0,100BANCH、GARAGE Program、JPYC EC,45.0,EVT-20260601-01,2026-06-01,done,100BANCHのアクセラレーションプログラム「GARAGE Program」第107期では、ブロックチェーン上のステーブルコイン「JPYC」を使用して手数料1%のEC「JPYC EC」を実現するプロジェクト、音で絵画を鑑賞する新たなインターフェースを制作する「Listen to the Painting」、そして漢方思想を現代都市に再構築するフレグランス商品を開発する「nonu」の3プロジェクトが2026年6月に入居しました。
1081.0,2026-06-01 19:06:21,日本の自民党、円建てステーブルコインでアジア決済の主導権確保に始動 - BigGo ファイナンス,https://finance.biggo.jp/news/_simgp4BpwxG186ND0cg,finance.biggo.jp,制度・規制、提携・連携、解説・論説,1.0,自由民主党ブロックチェーン政策パネル、片山さつき財務相、金融庁、アジア開発銀行,65.0,EVT-20260601-02,2026-06-01,done,日本の自民党ブロックチェーン政策パネルは、円建てステーブルコインをアジア地域の決済手段として育成し、暗号資産ETFの取引を認める法的枠組みを整備するよう政府に正式に要求した。ドル連動型ステーブルコインの急成長に対抗し、来年5月のアジア開発銀行年次総会を契機として、円ベースのデジタル決済インフラでアジア市場の主導権確保を目指す戦略である。
1082.0,2026-06-02 00:00:00,プレスリリース：～日本のクレジットカードで初！～ カード利用で貯まるポイントをステーブルコインに。2026年6月1日、ダイナースクラブのポイントを日本円ステーブルコイン「JPYC」に交換するサービスがスタート。（PR TIMES） - 毎日新聞,https://mainichi.jp/articles/20260602/pr2/00m/020/977000c,mainichi.jp,活用事例、取扱い・対応、提携・連携,0.0,三井住友トラストクラブ、ダイナースクラブ、HashPort,95.0,EVT-20260525-01,2026-05-25,done,2026年6月1日から、三井住友トラストクラブが発行するダイナースクラブカードとTRUST CLUBカードの利用で貯まるリワードポイントを、日本円ステーブルコイン「JPYC」に交換できるサービスがスタートします。このサービスは、JPYC株式会社とHashPort社が提供するノンカストディアルウォレット「HashPort Wallet」上で実施され、クレジットカードのポイントをステーブルコインに交換できる日本初の仕組みとなります。
1083.0,2026-06-02 14:34:38,日本円ステーブルコイン「JPYC」、累計発行額30億円を突破 - あたらしい経済,https://www.neweconomy.jp/posts/578666,neweconomy.jp,市場・統計,0.0,JPYC EX、ポリゴン、カイア,85.0,EVT-20260602-01,2026-06-02,done,"国内初の日本円建ステーブルコイン「JPYC」の累計発行額が30億円を突破し、累計口座開設数も19,000件を超えた。JPYCはイーサリアムなど4つのブロックチェーン上で発行・流通しており、昨年10月の発行開始以来、JPYC EXというプラットフォームを通じて日本円との1：1交換が可能となっている。"
1084.0,2026-06-02 16:00:00,"発行・償還プラットフォーム「JPYC EX」の累計口座開設数が19,000件、累計発行額が30億円を突破 - PR TIMES",https://prtimes.jp/main/html/rd/p/000000321.000054018.html,prtimes.jp,発行・資金、市場・統計,0.0,JPYC EX、Kaia、Unifi,95.0,EVT-20260602-01,2026-06-02,done,"JPYC株式会社の日本円ステーブルコイン発行・償還プラットフォーム「JPYC EX」は、2026年5月30日時点で累計口座開設数19,000件、累計発行額30億円を突破した。発行上限ルールの緩和やLINE上のweb3ウォレット「Unifi」対応により利便性が向上し、オンライン決済や実店舗決済、インセンティブ配布など多様なユースケースでの利用が拡大している。"
1085.0,2026-06-02 16:00:00,金融庁が「JPYC」を資金移動業の枠組みで位置づけ。法的枠組みの明確化で加速する資金移動業型・日本円ステーブルコイン第1号の未来 - 健美家,https://www.kenbiya.com/ar/ns/jiji/diversion/10174.html,kenbiya.com,制度・規制、解説・論説,1.0,金融庁、JPYC社、資金移動業,92.0,EVT-20260602-02,2026-06-02,done,金融庁はJPYCを暗号資産ではなく資金移動業の枠組みで位置づけ、電子決済手段として定義した。この法的明確化により、JPYCは既存の決済規制に基づく信頼性を獲得し、個人間送金、Web3サービス、国際送金など幅広い活用領域での普及が期待される。
1086.0,2026-06-02 16:00:00,日本円ステーブルコイン「JPYC」、累計発行額30億円を突破（あたらしい経済） - Yahoo!ニュース,https://news.yahoo.co.jp/articles/9bb15227d4b163d4998aad45e4caa1997b8a094b,news.yahoo.co.jp,市場・統計、制度・規制,0.0,JPYC EX、JPYC社、カイア,95.0,EVT-20260602-01,2026-06-02,done,"国内初の日本円建ステーブルコイン「JPYC」の累計発行額が30億円を突破し、累計口座開設数も19,000件を超えた。JPYCは昨年10月27日に発行開始され、現在イーサリアム、アバランチ、ポリゴン、カイアの4つのチェーン上で発行・流通しており、JPYC社は資金決済法に基づく資金移動業者の登録を得ている。"
1087.0,2026-06-02 16:00:00,JPYC、累計発行額30億円を突破（NADA NEWS） - Yahoo!ニュース,https://news.yahoo.co.jp/articles/1dbf254c1609c1b0c0cd17d45d711488e83d52d8,news.yahoo.co.jp,市場・統計、発行・資金,0.0,JPYC EX、Unifi、Kaia,95.0,EVT-20260602-01,2026-06-02,done,JPYC株式会社は6月2日、日本円ステーブルコイン「JPYC」の累計発行額が30億円を突破し、累計口座開設数が1万9000件に達したと発表した。2025年10月27日の正式発行開始から約7カ月での達成であり、JPYC EXのアップデートでは発行上限が「1日100万円」から「1回100万円」に変更されるとともにKaiaチェーンにも対応した。
1088.0,2026-06-02 16:00:00,自民党ブロックチェーン議連、円ステーブルコインのアジア決済活用を政府に提言（あたらしい経済） - Yahoo!ニュース,https://news.yahoo.co.jp/articles/0c899c67e828015c5a62235942a01babae425c44,news.yahoo.co.jp,提携・連携、制度・規制、市場・統計,0.0,自民党ブロックチェーン推進議員連盟、金融庁、片山さつき、神田潤一,75.0,EVT-20260601-02,2026-06-01,done,自民党ブロックチェーン推進議員連盟は、アジアにおける円建てステーブルコインの決済利用促進と暗号資産ETFの法整備を政府に提言した。2027年5月開催予定のアジア開発銀行第60回年次総会を機に、円建てステーブルコインやブロックチェーン・イノベーションの取り組みをアピールすることを目指している。
1089.0,2026-06-03 07:10:00,トークンかステーブルコインか。それともPayPayか？ 6月1日『新仲介業』がひらく、日本のデジタル金融インフラ - innovaTopia,https://innovatopia.jp/blockchain/blockchain-news/106710/,innovatopia.jp,制度・規制、解説・論説、競合・市場環境,1.0,JPYC、岡部典孝、金融庁、PayPay,75.0,EVT-20260602-02,2026-06-02,done,2026年6月1日に施行された「電子決済手段・暗号資産サービス仲介業」は、暗号資産交換業者などの委託を受けて売買・交換の媒介のみを行う登録制事業で、利用者資産の預託を禁止し所属制を採っている。PayPayマネーライト、円建てステーベルコイン、暗号資産トークンは法的性質と用途が異なり、役割分担の中で機能する。JPYCなどのステーブルコイン発行体がバックエンド機能を担い、新仲介業者がフロントの顧客接点を担う役割分担が制度として成立するようになった。
1090.0,2026-06-03 13:14:03,JPYC、累計発行額が30億円を突破｜7ヶ月で急成長の理由とは - Cryptonews,https://cryptonews.com/jp/news/jpyc-ex-stablecoin-issuance-surpasses-3-billion/,cryptonews.com,市場・統計、発行・資金,0.0,JPYC EX、JPYC株式会社、シリーズBラウンド,95.0,EVT-20260602-01,2026-06-02,done,JPYC株式会社の日本円ステーブルコイン「JPYC」の発行・償還プラットフォーム「JPYC EX」が、2025年10月のサービス開始から約7ヶ月で累計発行額30億円を突破した。シリーズBラウンドで累計約50億円の資金調達を実施し、複数のブロックチェーン対応やアップデートにより、企業やスタートアップによる決済・送金需要の高まりを背景に急速な成長を遂げている。
1091.0,2026-06-03 17:35:02,パナソニックとアクティアが提携｜ブロックチェーン基盤展開へ - Coinspeaker,https://www.coinspeaker.com/jp/panasonic-actia-blockchain-traceability-partnership/,coinspeaker.com,提携・連携,0.0,パナソニックHD、アクティア、Tracephere,5.0,,,done,パナソニックHDとアクティアは、ブロックチェーン基盤型トレーサビリティ・プラットフォーム「トレースフィア」の事業展開に向けた戦略的パートナーシップを締結した。パナソニックHDが技術開発を、アクティアが顧客対応とサービス提供を担当し、循環型経済の推進に向けたサプライチェーン全体のデータ追跡を目指す。
1092.0,2026-06-04 13:05:33,JPYC EX、累計発行額30億円突破 口座数1.9万件到達で利用拡大続く - PlusWeb3,https://plus-web3.com/media/latestnews_1000_9292/,plus-web3.com,市場・統計、解説・論説,1.0,JPYC EX、Kaiaチェーン、Unifi,95.0,EVT-20260602-01,2026-06-02,done,"JPYC株式会社は、ステーブルコイン「JPYC」の発行・償還プラットフォーム「JPYC EX」の累計発行額が30億円を突破し、累計口座開設数が19,000件に達したと発表した。発行ルールの緩和やKaiaチェーン対応などにより、個人から企業、Web3関連プロジェクトまで幅広い層での利用が拡大している。"
1093.0,2026-06-04 18:01:12,MoneyXとは？次世代金融カンファレンス｜ステーブルコインと通貨の進化 - CoinPost,https://coinpost.jp/crypto/event/moneyx/,coinpost.jp,提携・連携,0.0,WebX実行委員会、Progmat、SBIホールディングス,45.0,EVT-20260604-01,2026-06-04,done,MoneyXは、ステーブルコインと通貨の進化をテーマとした次世代金融カンファレンスで、一般社団法人WebX実行委員会が主催し、JPYC・Progmat・SBIホールディングス・CoinPostが企画・運営を担当しています。MoneyX 2026は2026年2月27日にザ・プリンス パークタワー東京で登録無料・承認制により開催され、金融機関・規制当局・スタートアップが参加して「通貨の再設計」とその社会実装を制度・産業・社会の各レイヤーを横断して議論しました。
1094.0,2026-06-05 01:20:14,JPY Coin (jpyc.co.jp) 価格履歴と過去データ - CoinMarketCap,https://coinmarketcap.com/ja/currencies/jpyc/historical-data/,coinmarketcap.com,,0.0,,0.0,,,done,本文はJPY Coin (jpyc.co.jp)のCoinMarketCap上のページ構成を示すナビゲーションメニューであり、実質的な情報内容を含まないため、要約を生成することができません。
1095.0,2026-06-05 16:00:00,トレーダムとJPYC、国内初となる決済事業者によるクロスボーダー・ステーブルコイン決済取引を実施 - PR TIMES,https://prtimes.jp/main/html/rd/p/000000054.000110792.html,prtimes.jp,活用事例、提携・連携,0.0,トレーダム株式会社、JPYC EX、トレーダム ペイメント,95.0,EVT-20260522-01,2026-05-22,done,トレーダム株式会社とJPYC株式会社は、海外のステーブルコイン支払いを日本円ステーブルコイン『JPYC』を通じて日本円化し、国内で円貨精算を完了する実際の商取引に基づくクロスボーダー決済取引を実施した。これは日本国内の決済事業者が主体となった初の事例であり、「海外ではステーブルコイン、日本では法定通貨」という次世代型決済モデルが稼働を開始した。
1096.0,2026-06-05 16:00:00,決済事業者として日本初──JPYCとトレーダム、ステーブルコイン越境決済の実取引を完了（NADA NEWS） - Yahoo!ニュース,https://news.yahoo.co.jp/articles/b5e1113f382f970ea0b232217f3bb971a59cfa41,news.yahoo.co.jp,活用事例、提携・連携,0.0,トレーダム、JPYC EX、USDC,85.0,EVT-20260522-01,2026-05-22,done,トレーダムはクロスボーダー・ステーブルコイン決済サービス「トレーダム ペイメント」で、海外の買い手からのUSDCなどの支払いをJPYC社の「JPYC EX」を通じて日本円に換金し、国内事業者への円貨精算まで完了する実取引を実施した。国内の決済事業者が主体となり、海外で支払われたステーブルコインを日本円化する実際の商流に基づく事例は日本初であり、今後はAPI連携による自動化を目指す。
1097.0,2026-06-06 06:55:34,ジーキャッシュ脆弱性修正済みもZEC急落、サイファーパンクは「FUDだ」と反論 - CoinPost,https://coinpost.jp/?p=714974,coinpost.jp,競合・市場環境、リスク・懸念,0.0,ジーキャッシュ（ZEC）、サイファーパンク・テクノロジーズ、Shielded Labs,0.0,,,done,ジーキャッシュの開発支援団体Shielded Labsが「Orchardプール」の脆弱性を公表したことで、サイファーパンク・テクノロジーズの株価が47%以上暴落し、ZECも50%超急落した。一方、サイファーパンクは脆弱性は修正済みで悪用の証拠はないと主張し、ZEC流通供給量の5%蓄積という目標を維持すると表明した。
1098.0,2026-06-06 10:20:45,仮想通貨ユーザーが株式市場へ巨額資金投入か｜バイナンス調査 - Coinspeaker,https://www.coinspeaker.com/jp/binance-crypto-users-equity-capital/,coinspeaker.com,競合・市場環境,0.0,バイナンス、バイナンスリサーチ、ブラックロック,15.0,,,done,バイナンスの調査報告書によると、仮想通貨ユーザーが世界の株式市場に多額の資金をもたらす可能性があり、特に新興国ユーザーにとって仮想通貨取引所が株式市場への新たなアクセス手段として機能している。ステーブルコインやトークン化技術の活用により、国境を越えた取引コストの削減が期待されており、2031年までに約2兆ドルの追加資金が株式市場に流入すると予測されている。
1100.0,2026-06-10 00:00:00,SBI出資、JPYCも稼働するMorphoが約281億円調達──DeFi過去最大級 - JinaCoin,https://jinacoin.ne.jp/morpho-20260610/,jinacoin.ne.jp,提携・連携、市場・統計,0.0,Morpho、SBIグループ、モルフォ・アソシエーション,45.0,,,done,"DeFiのレンディング基盤「Morpho」を支援するモルフォ・アソシエーションが、パラダイム、a16zクリプト、Ribbitの共同主導により1億7,500万ドル（約281億円）を調達した。SBIグループなど10社以上の戦略的投資家が参加し、DeFi過去最大級のラウンドとなった。モルフォは預金110億ドル超を集め、日本ではJPYCのレンディング市場も展開されている。"
1099.0,2026-06-10 00:00:00,日本の三大銀行、2027年3月までに共同のステーブルコイン発行を検討 - CoinDesk,https://www.coindesk.com/ja/business/2026/06/10/japan-s-three-largest-banks-aim-for-joint-stablecoin-issue-by-march,coindesk.com,競合・市場環境,0.0,三菱UFJフィナンシャル・グループ、三井住友フィナンシャルグループ、みずほフィナンシャルグループ,45.0,,,done,日本の三菱UFJフィナンシャル・グループ、三井住友フィナンシャルグループ、みずほフィナンシャルグループの3行が、2027年3月までに共同でステーブルコイン発行の準備を進めるための協議会を設立する。金融庁は昨年11月にこの取組を支持しており、与党自由民主党も円建てステーブルコインの利用促進を推奨している。
1101.0,2026-06-10 07:30:26,3メガ銀、2026年度中に共同でステーブルコイン発行の方針 金融機関の連携拡大も視野＝報道 - CoinPost,https://coinpost.jp/?p=715821,coinpost.jp,提携・連携、市場・統計、制度・規制,0.0,三菱UFJ銀行、三井住友銀行、みずほ銀行,45.0,EVT-20260610-01,2026-06-10,done,三菱UFJ銀行、三井住友銀行、みずほ銀行の3メガバンクは、2026年度中にステーブルコインを共同発行する方針であり、近く基本合意を締結して協議会を設置する。信託銀行が発行受託者となる仕組みを想定しており、将来的には他の金融機関との連携拡大も視野に入れている。
1102.0,2026-06-10 15:15:00,3メガバンク共同“信託型”ステーブルコイン 26年度中に実取引へ - Impress Watch,https://www.watch.impress.co.jp/docs/news/2116013.html,watch.impress.co.jp,提携・連携、市場・統計,0.0,三菱UFJ銀行、みずほ銀行、三井住友銀行,65.0,EVT-20260610-01,2026-06-10,done,三菱UFJ銀行、みずほ銀行、三井住友銀行は、協議中の信託型ステーブルコインの共同発行について、2026年度中に実取引の開始を目指すと発表した。3行は2025年11月から協議を開始しており、設置される協議会でステーブルコインの発行基盤構築やガバナンスなどの検討を進める。
1103.0,2026-06-11 16:00:00,zERC20、JPYC対応のプライバシー送金用トークン「zJPYC」をローンチ（NADA NEWS） - Yahoo!ニュース,https://news.yahoo.co.jp/articles/fdfbc6c7e5dcafa08e707865ff9e751277bbde0b,news.yahoo.co.jp,取扱い・対応、提携・連携,0.0,zERC20、Polygon、ゼロ知識証明,75.0,EVT-20260611-01,2026-06-11,done,プライバシー保護型トークン送金基盤「zERC20」は6月11日、日本円ステーブルコイン「JPYC」のプライバシー送金に対応し、Polygon上でJPYCと1対1で変換できるトークン「zJPYC」の提供を開始した。ゼロ知識証明を用いた仕組みにより、送金元と受取人のアドレスの結びつきをオンチェーン上で公開せずに送金が可能である。
1104.0,2026-06-12 11:11:04,国内初！長野県駒ヶ根市の子ども食堂「cơmかふぇ」が日本円ステーブルコイン「JPYC」で寄付受付開始 - 全国ソーシャルビジネス事業者データベース,https://socialbusiness.aishas.co.jp/socialbusinessnews_aiautomaticallygeneration/34749/,socialbusiness.aishas.co.jp,活用事例、提携・連携,0.0,cơmかふぇ、株式会社SatoLab、中川秀彦、長野県駒ヶ根市,85.0,EVT-20260612-01,2026-06-12,done,JPYC株式会社は、日本円ステーブルコイン「JPYC」を長野県駒ヶ根市の子ども食堂「cơmかふぇ」で導入し、子ども食堂での寄付受付が日本初となることを発表しました。JPYCの安価な送金手数料、24時間365日の即時性、ブロックチェーンによる透明性により、寄付金の流れの可視化と送金コストの削減が実現され、寄付された資金は子どもたちの食事代やキャリア教育支援に活用されます。
1105.0,2026-06-12 16:00:00,「BluePay」、新たにKaiaネットワークに対応し、JPYCでの「ガスレス決済」を提供開始 - PR TIMES,https://prtimes.jp/main/html/rd/p/000000006.000177838.html,prtimes.jp,取扱い・対応、活用事例,0.0,BluePay、株式会社Maximal、Kaiaネットワーク,65.0,EVT-20260612-02,2026-06-12,done,株式会社MaximalがBluePay サービスにおいて、新たにKaiaネットワークへの対応を開始し、JPYCを使用した「ガスレス決済」を提供開始しました。このアップデートにより、ユーザーはKAIAトークンを保有していなくても、JPYCのみで決済が完結し、手数料の計算を気にせず電子マネーに近い感覚で利用できるようになります。
1106.0,2026-06-12 16:00:00,【国内初(※1)】長野県駒ヶ根市の子ども食堂「cơm（コム）かふぇ」の寄付決済に、日本円ステーブルコイン「JPYC」が採用 - PR TIMES,https://prtimes.jp/main/html/rd/p/000000322.000054018.html,prtimes.jp,活用事例、提携・連携,0.0,cơm（コム）かふぇ、株式会社SatoLab、中川秀彦,92.0,EVT-20260612-01,2026-06-12,done,JPYC株式会社は、日本円ステーブルコイン「JPYC」が長野県駒ヶ根市の子ども食堂「cơm（コム）かふぇ」の寄付受取に採用されたことを発表しました。これは子ども食堂におけるステーブルコイン採用の日本初事例であり、ブロックチェーンによる透明性、安価な送金手数料、24時間365日の即時性を活用して、社会貢献活動における資金の透明化と継続的な支援確保を実現するものです。
1107.0,2026-06-12 16:00:00,【国内初*1】長野県駒ヶ根市の子ども食堂『cơm（コム）かふぇ』、Web3技術を活用した寄付窓口を開設。日本円連動ステーブルコイン「JPYC」で、次世代の食と学びを支援 | 株式会社Sato Labのプレスリリース - PR TIMES,https://prtimes.jp/main/html/rd/p/000000001.000182671.html,prtimes.jp,活用事例、提携・連携,0.0,cơmかふぇ、株式会社SatoLab、JPYC株式会社、中川秀彦,85.0,EVT-20260612-01,2026-06-12,done,長野県駒ヶ根市の子ども食堂『cơmかふぇ』が、日本初となる日本円連動ステーブルコイン「JPYC」による寄付受け取りを開始した。寄付金は食事提供と『ラ♡ファミーユ』での学び支援に活用され、ブロックチェーン技術の透明性と利便性を活かし、地域内外の支援者と子どもたちの未来を繋ぐ挑戦となる。
1108.0,2026-06-12 16:16:08,zERC20、JPYC向けプライバシートークン「zJPYC」公開 - あたらしい経済,https://www.neweconomy.jp/posts/582252,neweconomy.jp,取扱い・対応、提携・連携,0.0,zERC20、INTMAX、Polygon,75.0,EVT-20260611-01,2026-06-11,done,イントマックスのコア開発者らが手がけるプライバシー送金プロトコル「zERC20」で、JPYC対応のプライバシートークン「zJPYC」が公開された。zJPYCはポリゴン上のJPYCを1:1でラップするトークンで、zERC20を通じた送金により送信者と受取人のブロックチェーン上の関連付けを分断でき、プライベート送金やFX、DeFiなどへの活用が想定されている。
1109.0,2026-06-12 18:00:00,【国内初*1】長野県駒ヶ根市の子ども食堂『cơm（コム）かふぇ』、Web3技術を活用した寄付窓口を開設。日本円連動ステーブルコイン「JPYC」で、次世代の食と学びを支援 - リセマム,https://resemom.jp/release/prtimes/20260612/189097.html,resemom.jp,活用事例、提携・連携,0.0,cơmかふぇ、株式会社SatoLab、JPYC株式会社、中川秀彦,85.0,EVT-20260612-01,2026-06-12,done,長野県駒ヶ根市の子ども食堂『cơm（コム）かふぇ』が、子ども食堂として日本初となる日本円連動ステーブルコイン「JPYC」による寄付受取を開始しました。ブロックチェーン技術の透明性と利便性を活かし、地域の子どもたちへの「食」と「学び」の支援を持続可能な形で実現することを目指しています。
1111.0,2026-06-13 00:00:00,「BluePay」、新たにKaiaネットワークに対応し、JPYCでの「ガスレス決済」を提供開始 - 時事ドットコム,https://www.jiji.com/jc/article?k=000000006.000177838&g=prt,jiji.com,取扱い・対応、活用事例,0.0,BluePay、株式会社Maximal、Kaiaネットワーク,85.0,EVT-20260612-02,2026-06-12,done,株式会社Maximalが提供するステーブルコイン決済サービス「BluePay」が、新たにKaiaネットワークに対応し、JPYCを使用した「ガスレス決済」を開始しました。このアップデートにより、ユーザーはKAIAトークンを保有していなくても、JPYCがあればKaia上での決済が完結できるようになります。
1110.0,2026-06-13 00:00:00,「BluePay」がKaiaネットワークに対応！ JPYCでのガスレス決済が利用可能に - AppBank,https://www.appbank.net/2026/06/13/iphone-news/3024913.php,appbank.net,取扱い・対応、活用事例,0.0,BluePay、Maximal、Kaia,85.0,EVT-20260612-02,2026-06-12,done,株式会社Maximalは6月12日、決済サービス「BluePay」がKaiaネットワークに対応したと発表しました。これにより、日本円連動ステーブルコイン「JPYC」を使った決済において、Kaiaネットワーク上でもガスレス決済が利用できるようになり、KAIAトークンの保有なしにJPYCだけで決済を完結できるようになります。
1112.0,2026-06-13 16:00:00,【国内初(※1)】長野県駒ヶ根市の子ども食堂「cơm（コム）かふぇ」の寄付決済に、日本円ステーブルコイン「JPYC」が採用 - 時事ドットコム,https://www.jiji.com/jc/article?k=000000322.000054018&g=prt,jiji.com,活用事例、提携・連携,0.0,cơmかふぇ、株式会社SatoLab、長野県駒ヶ根市,92.0,EVT-20260612-01,2026-06-12,done,JPYC株式会社は、日本円ステーブルコイン「JPYC」を長野県駒ヶ根市の子ども食堂「cơm（コム）かふぇ」の寄付決済に採用したことを発表しました。子ども食堂におけるJPYCでの寄付導入は日本初の事例です。
1113.0,2026-06-15 07:20:15,Kaiaネットワーク対応、JPYCでの「ガスレス決済」提供（Maximal） - ペイメントナビ,https://paymentnavi.com/paymentnews/175775.html,paymentnavi.com,取扱い・対応、活用事例,0.0,Maximal、BluePay、Kaia,85.0,EVT-20260612-02,2026-06-12,done,ステーブルコイン決済インフラを提供するMaximalが、「BluePay」サービスでKaiaネットワークへの対応を開始し、日本円連動ステーブルコイン「JPYC」がKaiaネットワーク上でガスレス決済に対応することになった。
1114.0,2026-06-15 10:22:14,Unifi、JPYC流通量首位と発表 対応開始から1ヶ月未満 - CoinPost,https://coinpost.jp/?p=716571,coinpost.jp,活用事例、取扱い・対応,0.0,Unifi、LINE NEXT、Kaiaブロックチェーン,85.0,EVT-20260615-01,2026-06-15,done,LINE NEXTのグローバルフィンテックサービス「Unifi」は、日本円ステーブルコイン「JPYC」への対応開始から1ヶ月足らずで、JPYCの流通量が最も多いサービスになったと発表した。LINEアプリ上で動作するノンカストディアル型ウォレットにより、ユーザーが別アプリをインストールせずにJPYCを保管・活用できる利便性が、実ユーザー獲得につながったとみられている。Unifiは今月中にリワード機能を正式公開し、海外決済対応も準備中である。
1115.0,2026-06-15 16:00:00,Unifi、JPYC流通量首位と発表 対応開始から1ヶ月未満(CoinPost) - Yahoo!ファイナンス,https://finance.yahoo.co.jp/news/detail/b4d96e2df9f6dc20ef8679b61d2214a0d56f2968,finance.yahoo.co.jp,活用事例、市場・統計,0.0,Unifi、LINE NEXT、Kaia,95.0,EVT-20260615-01,2026-06-15,done,LINE NEXTのグローバルフィンテックサービス「Unifi」は、日本円ステーブルコイン「JPYC」への対応開始から1ヶ月未満でJPYC流通量首位を達成した。LINEアプリを活用したノンカストディアル型ウォレットにより、ユーザーは別アプリをインストールせずにJPYCの保管・活用が可能となり、参入障壁の低さが実ユーザーの獲得につながった。今月中のリワード機能公開、海外決済対応、銀行金利を上回る利息サービスの提供を計画している。
1116.0,2026-06-15 16:00:00,JPYC、Kaiaチェーンの流通量が首位に──Polygonを逆転(NADA NEWS) - Yahoo!ファイナンス,https://finance.yahoo.co.jp/news/detail/1f8436e298f651c16a7c2ebd2e6f4333785d8bf3/photo/view-001,finance.yahoo.co.jp,市場・統計,0.0,Kaia、Polygon、NADA NEWS,75.0,EVT-20260615-01,2026-06-15,done,日本円ステーブルコイン「JPYC」のチェーン別供給量において、Kaiaが6月12日にPolygonを上回り、流通量で首位となった。
1117.0,2026-06-15 16:00:00,Unifi、JPYC流通量首位と発表 対応開始から1ヶ月未満 - Iolite（アイオライト）,https://iolite.net/news/coinpost-716571,iolite.net,活用事例、市場・統計,0.0,Unifi、LINE NEXT、Kaia,95.0,EVT-20260615-01,2026-06-15,done,LINE NEXTのグローバルフィンテックサービス「Unifi」は、日本円ステーブルコイン「JPYC」への対応開始から1ヶ月未満でJPYC流通量首位を達成した。LINEアプリの利便性とノンカストディアル型ウォレット設計により実ユーザーの獲得につながったと見られ、今月中にリワード機能の正式公開や利息サービスの展開、海外決済対応を予定している。
1118.0,2026-06-15 16:00:00,JPYC、Kaiaチェーンの流通量が首位に──Polygonを逆転（NADA NEWS） - Yahoo!ニュース,https://news.yahoo.co.jp/articles/1f8436e298f651c16a7c2ebd2e6f4333785d8bf3,news.yahoo.co.jp,市場・統計、活用事例,0.0,Kaia、Polygon、Unifi,85.0,EVT-20260615-01,2026-06-15,done,日本円ステーブルコイン「JPYC」のチェーン別供給量で、Kaiaが6月12日にPolygonを上回り首位となった。5月15日のKaiaチェーン上でのJPYC発行開始と、5月22日のLINE NEXTのUnifiでの利用開始により、Kaia上での供給量が増加したことが要因と見られる。
1119.0,2026-06-16 01:00:00,「JPYC Gateway」の「公認ウォレット（ハードウェア）」として弊社のクリプトウォレット・サイナー「Openloop」が採択 - キャンプファイヤー,https://camp-fire.jp/projects/927639/view/activities/855967,camp-fire.jp,取扱い・対応,0.0,JPYC Gateway、Openloop,65.0,EVT-20260616-01,2026-06-16,done,弊社のクリプトウォレット・サイナー「Openloop」が「JPYC Gateway」の「公認ウォレット（ハードウェア）」として採択されました。クラウドファンディングサイト「キャンプファイヤー」では、Openloop 1台を25％割引で100名限定で販売予定しており、2026年11月の納期予定となっています。
1120.0,2026-06-16 12:00:41,LINE NEXTのUnifi、JPYC流通量1位｜約1カ月で最大規模に - Cryptonews,https://cryptonews.com/jp/news/line-unifi-jpyc-stablecoin-growth/,cryptonews.com,取扱い・対応、市場・統計,0.0,LINE NEXT、Unifi、Kaia,85.0,EVT-20260615-01,2026-06-15,done,LINE NEXTのウォレットサービス「Unifi」は、5月下旬にJPYC（日本円ステーブルコイン）の取り扱いを開始してから約1カ月で、JPYCの流通量が最も多いプラットフォームへと成長した。LINEアプリとの連携により専用アプリのインストール不要で利用できる手軽さと、法的準拠およびインセンティブキャンペーンが、この急速な普及を実現した。
1121.0,2026-06-16 13:57:32,アステリア、企業向けJPYC管理サービスが対応ウォレット6種を発表 メタマスクやFireblocksなど - CoinPost,https://coinpost.jp/?p=717493,coinpost.jp,取扱い・対応,0.0,アステリア、JPYC Gateway、MetaMask、Fireblocks,85.0,EVT-20260616-01,2026-06-16,done,アステリアは企業向けJPYC管理サービス「JPYC Gateway」において、対応ウォレットを「標準ウォレット」と「公認ウォレット」の2区分に整備することを発表した。公認ウォレットのソフトウェア部門ではFireblocks、メタマスク、HashPort Wallet、N Suiteが認定され、ハードウェア部門では国産ウォレット「Openloop」が先着100社に無償提供される。
1122.0,2026-06-16 15:39:02,アステリア、企業向けJPYC管理に「公認ウォレット」制度──MetaMaskやFireblocksなど6種を発表 - BigGo ファイナンス,https://finance.biggo.jp/news/Ci8nz54BMp3V7gbepA3c,finance.biggo.jp,取扱い・対応、提携・連携,0.0,アステリア、JPYC Gateway、Fireblocks、MetaMask,85.0,EVT-20260616-01,2026-06-16,done,アステリアは企業向けJPYC管理サービス「JPYC Gateway」において、ウォレット選定の指針として「標準ウォレット」と「公認ウォレット」の2区分を新設し、MetaMaskやFireblocksなど6種を発表した。これにより企業がステーブルコイン導入時に直面していた選択基準の曖昧さを解消し、導入障壁を下げることを目指している。
1133.0,2026-06-16 16:00:00,AIエージェントとJPYCを活用した健康経営実証へ──歩数達成に応じて報酬を配分 (NADA NEWS) - Yahoo!ニュース,https://news.yahoo.co.jp/articles/34e5044a1660bbce9b683d3c042b1f203684da4c/images/000,news.yahoo.co.jp,実証実験、活用事例,0.0,AIエージェント、健康経営、バイブコーディング,75.0,EVT-20260616-02,2026-06-16,done,AIエージェントとJPYCを活用した健康経営の実証事業が実施される予定であり、従業員の歩数達成に応じて報酬がJPYCで配分される仕組みが導入される。
1134.0,2026-06-16 16:00:00,AIエージェントとJPYCを活用した健康経営実証へ──歩数達成に応じて報酬を配分(NADA NEWS) - Yahoo!ファイナンス,https://finance.yahoo.co.jp/news/detail/34e5044a1660bbce9b683d3c042b1f203684da4c/photo/view-001,finance.yahoo.co.jp,活用事例、実証実験,0.0,センス・イット・スマート、運動サプリ、AIエージェント,85.0,EVT-20260616-02,2026-06-16,done,セントス・イット・スマートは、行動変容型ウォーキングアプリ「運動サプリ」とJPYCを活用した健康経営の実証を開始し、歩数達成に応じて報酬を配分する。
1131.0,2026-06-16 16:00:00,アステリア、JPYC Gatewayでウォレット選びの指針を発表──MetaMaskなど公認（NADA NEWS） - Yahoo!ニュース,https://news.yahoo.co.jp/articles/0291facec707b6dd5f2dc88b98a0ab9292cde7cd,news.yahoo.co.jp,取扱い・対応、提携・連携,0.0,アステリア、JPYC Gateway、Fireblocks、MetaMask,75.0,EVT-20260616-01,2026-06-16,done,アステリアは企業向けJPYC入出金管理サービス「JPYC Gateway」において、ウォレット選びの指針を発表し、標準ウォレットとして「Dynamic」を採用、MetaMaskなどの公認ウォレットを認定した。この施策は、企業がステーブルコイン実務で直面する会計処理や秘密鍵管理などの課題に対応するものである。
1135.0,2026-06-16 16:00:00,企業向けJPYC管理サービスJPYC Gatewayの「標準ウォレット」「公認ウォレット」を発表 (2026年6月16日掲載) - ライブドアニュース,https://news.livedoor.com/pr_topics/detail/31568055/,news.livedoor.com,取扱い・対応、提携・連携,0.0,アステリア株式会社、JPYC Gateway、Openloo,75.0,EVT-20260616-01,2026-06-16,done,アステリア株式会社は、企業向けJPYC管理サービス「JPYC Gateway」において、企業の安全な資産管理のためのウォレットとして「標準ウォレット」と接続確認を実施した「公認ウォレット」を発表しました。
1129.0,2026-06-16 16:00:00,アステリア(3853) 企業向けJPYC管理サービスJPYC Gatewayの 「標準ウォレット」「公認ウォレット」を発表 - みんかぶ,https://minkabu.jp/news/4546312,minkabu.jp,取扱い・対応,0.0,アステリア、JPYC Gateway,65.0,EVT-20260616-01,2026-06-16,done,アステリアは企業向けJPYC管理サービスJPYC Gatewayの「標準ウォレット」と「公認ウォレット」を発表した。
1132.0,2026-06-16 16:00:00,アステリア[3853]：企業向けJPYC管理サービスJPYC Gatewayの 「標準ウォレット」「公認ウォレット」を発表 2026年6月16日(適時開示) ：日経会社情報DIGITAL - 日本経済新聞,https://www.nikkei.com/nkd/disclosure/tdnr/20260616571505/,nikkei.com,取扱い・対応、提携・連携,0.0,アステリア、JPYC Gateway、Openloo,75.0,EVT-20260616-01,2026-06-16,done,アステリア[3853]は、企業向けJPYC管理サービスであるJPYC Gatewayの「標準ウォレット」と「公認ウォレット」を2026年6月16日に発表した。
1127.0,2026-06-16 16:00:00,アステリア－底堅い JPYC Gateway の 「標準ウォレット」「公認ウォレット」を発表(トレーダーズ・ウェブ) - Yahoo!ファイナンス,https://finance.yahoo.co.jp/news/detail/a40cebcaf0ab81a2401d98ce76e015a6476bd568,finance.yahoo.co.jp,取扱い・対応,0.0,アステリア、JPYC Gateway,85.0,EVT-20260616-01,2026-06-16,done,アステリアは日本初の企業向けJPYC入出金管理サービス「JPYC Gateway」において、企業の安全な資産管理のための「標準ウォレット」と「公認ウォレット」を発表した。これにより業務担当者が自社の運用ポリシーに最適なウォレットを選択でき、安全かつ迅速にJPYCの運用を開始することが可能になる。
1126.0,2026-06-16 16:00:00,アステリア、JPYC Gatewayでウォレット選びの指針を発表──MetaMaskなど公認(NADA NEWS) - Yahoo!ファイナンス,https://finance.yahoo.co.jp/news/detail/0291facec707b6dd5f2dc88b98a0ab9292cde7cd,finance.yahoo.co.jp,取扱い・対応、提携・連携,0.0,アステリア、JPYC Gateway、Fireblocks、MetaMask,85.0,EVT-20260616-01,2026-06-16,done,アステリアは企業向けJPYC入出金管理サービス「JPYC Gateway」において、ウォレット選びの指針を発表し、「Dynamic」を標準ウォレットとして採用するとともに、「Openloop」「Fireblocks」「HashPort Wallet」「MetaMask」「N Suite」を公認ウォレットとして認定した。これは企業がステーブルコイン実務で直面する秘密鍵管理などの課題に対応する措置である。
1125.0,2026-06-16 16:00:00,アステリア、企業向けＪＰＹＣ管理サービスに「標準ウォレット」「公認ウォレット」を導入 - kabu-ir.com,https://kabu-ir.com/article/520934780.html,kabu-ir.com,取扱い・対応、実証実験,0.0,アステリア、JPYC Gateway、Dynamic,75.0,EVT-20260616-01,2026-06-16,done,アステリアは企業向けJPYC入出金管理サービス「JPYC Gateway」に、新規企業向けの標準ウォレット「Dynamic」と既存ウォレット接続用の公認ウォレット5種（Openloop、Fireblocks、HashPort Wallet、MetaMask、N Suite）を導入した。今後、JPYC対応ウォレットの接続確認を進める方針である。
1124.0,2026-06-16 16:00:00,AIエージェントとJPYCを活用した健康経営実証へ──歩数達成に応じて報酬を配分（NADA NEWS） - Yahoo!ニュース,https://news.yahoo.co.jp/articles/34e5044a1660bbce9b683d3c042b1f203684da4c,news.yahoo.co.jp,実証実験、活用事例,0.0,センス・イット・スマート、運動サプリ、Claude Code、Polygon,85.0,EVT-20260616-02,2026-06-16,done,センス・イット・スマートは、AIエージェントと日本円ステーブルコイン「JPYC」を活用した健康経営向けウォーキング施策の共同PoCを発表した。企業の担当者がAIに自然言語で指示するだけで、ウォーキングチャレンジの設計から報酬配分までを運用でき、従来のポイントやギフト券では難しい条件付きの報酬配分をブロックチェーン上で検証する。
1128.0,2026-06-16 16:00:00,AIエージェントが日本円ステーブルコインJPYCを活用し、健康経営® における行動変容の実践を「バイブコーディング」する。 - PR TIMES,https://prtimes.jp/main/html/rd/p/000000017.000067412.html,prtimes.jp,実証実験、提携・連携、活用事例,0.0,センス・イット・スマート、運動サプリ®、Claude Code、Polygon,72.0,EVT-20260616-02,2026-06-16,done,株式会社センス・イット・スマートは、AIエージェントが日本円ステーブルコイン「JPYC」を用いて健康経営施策の実行を自動化する「健康経営AIエージェントパッケージ」の共同PoCパートナーを募集しています。本パッケージでは、企業の健康経営担当者がAIエージェントに自然言語で指示するだけで、ウォーキングチャレンジの企画から達成判定、JPYC報酬配分までを人間承認付きで一気通貫に運用できることを検証します。プログラマブルなステーブルコインJPYCにより、条件付き・多者配分の自動実行が可能となり、健康経営の運用効率化と施策の継続的改善を目指しています。
1130.0,2026-06-16 16:00:00,企業向けJPYC管理サービスJPYC Gatewayの「標準ウォレット」「公認ウォレット」を発表 | アステリア株式会社のプレスリリース - PR TIMES,https://prtimes.jp/main/html/rd/p/000000428.000010008.html,prtimes.jp,取扱い・対応、提携・連携,0.0,アステリア株式会社、JPYC Gateway、Fireblocks,85.0,EVT-20260616-01,2026-06-16,done,アステリア株式会社は、企業向けJPYC入出金管理サービス「JPYC Gateway」において、JPYC Gatewayで設定・管理可能な「標準ウォレット」と、接続確認を実施した「公認ウォレット」（ハードウェア3種類、ソフトウェア4種類）を発表しました。これにより企業は自社の運用ポリシーに最適なウォレットを選択し、安全かつ迅速にJPYCの運用を開始することが可能になります。
1123.0,2026-06-16 16:00:00,アステリア、JPYC Gatewayでウォレット選びの指針を発表──MetaMaskなど公認 (NADA NEWS) - Yahoo!ニュース,https://news.yahoo.co.jp/articles/0291facec707b6dd5f2dc88b98a0ab9292cde7cd/images/000,news.yahoo.co.jp,取扱い・対応,0.0,アステリア、JPYC Gateway、MetaMask,65.0,EVT-20260616-01,2026-06-16,done,アステリアがJPYC Gatewayでウォレット選びの指針を発表し、MetaMaskなど複数のウォレットを公認した。
1136.0,2026-06-17 17:11:01,JPYC、健康経営AIで活用へ｜ウォーキング施策の実証を開始 - Coinspeaker,https://www.coinspeaker.com/jp/sense-it-smart-jpyc-ai-poc/,coinspeaker.com,実証実験、活用事例,0.0,センス・イット・スマート、運動サプリ、健康経営AIエージェントパッケージ,85.0,EVT-20260616-02,2026-06-16,done,センス・イット・スマートは16日、JPYCを活用した健康経営向けウォーキング施策の共同実証実験に参加する企業の募集を開始した。AIエージェントが自然言語の指示を受けて、ウォーキング企画からJPYC報酬の配布までを自動化し、企業の運用負担を軽減することを目指している。実証実験は2〜3ヶ月の予定で、主に中小企業を対象とし、1社あたり50〜500人規模の参加を想定している。
1137.0,2026-06-18 10:15:24,Danal、Line NextとJPYC決済連携 訪韓客向け越境決済を拡大 - 디지털투데이,https://www.digitaltoday.co.kr/jp/view/68373/danal-line-next-jpyc-payment-cooperation-japan,digitaltoday.co.kr,活用事例、提携・連携,0.0,Danal、Line Next、Unify,85.0,EVT-20260618-01,2026-06-18,done,DanalはLine Nextと連携し、日本円連動のデジタル資産「JPYC」を活用した韓国内での決済利用拡大に乗り出すと発表した。訪韓外国人向けプリペイドカード「K.ONDA」と韓国内のオンライン、オフライン加盟店を通じて、ビューティーやコンビニエンスストア、ファッションなど主要な消費分野でJPYC決済が利用できるようになる。両社は韓国での展開を足掛かりに、JPYC決済サービスをアジアの主要地域へ広げる方針である。
1138.0,2026-06-18 10:56:45,LINE NEXT、ステーブルコイン決済「Unifi Pay Direct」の事前申請を開始…JPYCも対応 - BigGo ファイナンス,https://finance.biggo.jp/news/d4d8d28b-f8f0-49c0-8dfb-dd6e43768f55,finance.biggo.jp,活用事例、取扱い・対応、市場・統計,0.0,LINE NEXT、Unifi Pay Direct、Kaia DLT財団,85.0,EVT-20260618-01,2026-06-18,done,"LINE NEXTが展開するステーブルコインウォレット「Unifi」は、事業者やクリエイターを対象としたステーブルコイン決済プロトコル「Unifi Pay Direct」の事前申請受付を開始し、JPYCをはじめUSDT、IDRPなどに対応する。Kaia基盤のJPYC流通額が3億3,000万円を突破し、日本国内のJPYC発行チェーン首位となり、LINEメッセンジャー内でのミニアプリ提供も予定されている。"
1139.0,2026-06-18 11:06:00,Kaia、JPYC流通額3.3億円を突破 JPYC発行チェーンとして国内首位に (2026年6月18日掲載) - ライブドアニュース,https://news.livedoor.com/pr_topics/detail/31587264/,news.livedoor.com,市場・統計、活用事例,0.0,Kaia、Polygon、Ethereum、Avalanche,85.0,EVT-20260615-01,2026-06-15,done,KAIA DLT Foundation Kaiaは、JPYCの流通額が3.3億円を突破し、JPYC発行チェーンとして国内首位となったことを発表しました。KaiaはPolygon、Ethereum、Avalancheなどの主要チェーンを上回り、高速なトランザクション処理性能やEVM互換性などを背景にJPYCエコシステムにおける最重要チェーンの1つとなりました。
1140.0,2026-06-18 11:07:04,再始動の元素騎士、JPYC・USDT対応の新ゲーム内通貨を計画──旧通貨は廃止へ(NADA NEWS) - Yahoo!ファイナンス,https://finance.yahoo.co.jp/news/detail/96f92b2f05c672697fb31855d1fec6a9af0e173a,finance.yahoo.co.jp,活用事例、提携・連携,0.0,元素騎士オンライン、株式会社花火亭、Metap,65.0,EVT-20260618-02,2026-06-18,done,ブロックチェーンゲーム「元素騎士オンライン」の新運営会社・株式会社花火亭は、再始動後に従来のRONDおよびMVに替わる新たなゲーム内通貨を導入し、USDT、JPYC、クレジットカード決済から変換できる仕組みを予定している。マーケットプレイスでもJPYCを利用できるようにし、よりシンプルなゲーム内経済を目指すという。
1141.0,2026-06-18 11:07:04,再始動の元素騎士、JPYC・USDT対応の新ゲーム内通貨を計画──旧通貨は廃止へ(NADA NEWS) - Yahoo!ファイナンス,https://finance.yahoo.co.jp/news/detail/96f92b2f05c672697fb31855d1fec6a9af0e173a/photo/view-001,finance.yahoo.co.jp,活用事例、提携・連携,0.0,元素騎士オンライン、株式会社花火亭、岩崎健太,85.0,EVT-20260618-02,2026-06-18,done,ブロックチェーンゲーム「元素騎士オンライン」の運営移管先である株式会社花火亭が、JPYC・USDT対応の新ゲーム内通貨の導入を計画しており、旧通貨は廃止される予定である。
1142.0,2026-06-18 11:49:04,Kaia、JPYC流通額3.3億円突破で国内首位達成 次世代デジタル決済の新時代 - ニュースメディアVOIX,https://voix.jp/biz/news/171793/,voix.jp,市場・統計、取扱い・対応、実証実験、提携・連携,0.0,Kaia、Unifi、KB国民銀行、JPYC株式会社,92.0,EVT-20260615-01,2026-06-15,done,Kaiaは、JPYC流通額が3.3億円を突破し、JPYC発行チェーンとして国内首位を達成したことを発表しました。JPYCは日本の法制度に基づく円建てステーブルコインであり、Kaiaエコシステムの高速トランザクション処理やEVM互換性により、Web3サービスだけでなく実社会での利用が拡大しています。また、Kaiaは韓国ウォン建てステーブルコインの実証実験も実施し、アジア市場における次世代決済インフラとしての可能性を示しています。
1143.0,2026-06-18 13:53:20,Kaia、JPYC流通額3.3億円突破 発行チェーン国内首位に - CoinPost,https://coinpost.jp/?p=718105,coinpost.jp,市場・統計、実証実験、提携・連携,0.0,Kaia、KB国民銀行、Unifi、LINE,85.0,EVT-20260618-03,2026-06-18,done,Kaiaブロックチェーン上のJPYC流通額が3.3億円を突破し、国内最大の発行チェーンになった。Unifiウォレット経由のLINE連携やKaiaの高速・低コスト環境がJPYC流通拡大の要因であり、KB国民銀行とのPoC実験ではクロスボーダー送金コストをSWIFT比で87%削減できることが確認された。
1152.0,2026-06-18 16:00:00,LINE NEXT、韓国でのJPYCクロスボーダー決済実現へ──Danalと提携 (NADA NEWS) - Yahoo!ニュース,https://news.yahoo.co.jp/articles/a36746cb2e7b5ec2fddc99a97aa94cfeff939148/images/000,news.yahoo.co.jp,提携・連携、活用事例,0.0,LINE NEXT、Danal、韓国,85.0,EVT-20260618-01,2026-06-18,done,LINE NEXTが韓国でのJPYCクロスボーダー決済実現に向けて、Danalと提携することを発表した。
1151.0,2026-06-18 16:00:00,Kaia、JPYC発行チェーンで残高首位に。3.3億円突破 (あたらしい経済) - Yahoo!ニュース,https://news.yahoo.co.jp/articles/e421f151c391891b3d423a958225c60bfeec0a84/images/000,news.yahoo.co.jp,市場・統計、取扱い・対応,0.0,Kaia、LINE NEXT、Unifi,85.0,EVT-20260618-03,2026-06-18,done,Kaiaチェーン上でのJPYC残高が3.3億円を突破し、JPYC発行チェーンの中で残高が首位になった。
1153.0,2026-06-18 16:00:00,Kaia、JPYC流通額3.3億円を突破 JPYC発行チェーンとして国内首位に | KAIA DLT Foundationのプレスリリース - PR TIMES,https://prtimes.jp/main/html/rd/p/000000023.000154579.html,prtimes.jp,市場・統計、提携・連携、実証実験,0.0,Kaia、Unifi、KB国民銀行、LINE,95.0,EVT-20260618-03,2026-06-18,done,KaiaはJPYCの流通額が3.3億円を突破し、JPYC発行チェーンとして国内首位となりました。また、Kaia FoundationはKB国民銀行などと共同で韓国ウォン建てステーブルコインのPoCを実施し、クロスボーダー送金コストを約87％削減できる可能性を確認し、アジア市場での金融インフラ構築を推進しています。
1149.0,2026-06-18 16:00:00,LINE NEXT、Danalと提携し「JPYC」を活用したクロスボーダー決済の実現へ - PR TIMES,https://prtimes.jp/main/html/rd/p/000000021.000145432.html,prtimes.jp,提携・連携、活用事例,0.0,LINE NEXT、Danal、Unifi,95.0,EVT-20260618-01,2026-06-18,done,LINE NEXTと韓国の決済企業Danalが戦略的業務提携を締結し、日本円連動型ステーブルコイン「JPYC」を活用したクロスボーダー決済サービスの構築に向けた協業を開始しました。LINE NEXTのステーブルコインウォレット「Unifi」を基盤として、日本のユーザーが保有する「JPYC」を利用して韓国国内でシームレスな決済ができるようになる見込みです。
1150.0,2026-06-18 16:00:00,LINE NEXT、Danalと提携し「JPYC」を活用したクロスボーダー決済の実現へ (2026年6月18日掲載) - ライブドアニュース,https://news.livedoor.com/pr_topics/detail/31587211/,news.livedoor.com,活用事例、提携・連携,0.0,LINE NEXT、Danal、クロスボーダー決済,85.0,EVT-20260618-01,2026-06-18,done,LINE NEXT Inc.は韓国の決済企業Danalと戦略的業務提携を締結し、日本円連動型ステーブルコイン「JPYC」を活用したクロスボーダー決済サービスの実現に向けて取り組む。このサービス構築により、デジタル資産の実使用拡大を推進する。
1146.0,2026-06-18 16:00:00,ステーブルコイン決済は「Web2の実店舗」に広がるか──ネットスターズ、JPYC、Bitget Walletが示した導入の現実解 - Yahoo!ニュース,https://news.yahoo.co.jp/articles/c9061b6011668a4750c886bbcd2e801790495744,news.yahoo.co.jp,活用事例、提携・連携,0.0,ネットスターズ、Bitget Wallet、StarPay-X,75.0,EVT-20260618-04,2026-06-18,done,ネットスターズ、JPYC社、Bitget Walletが協業し、既存の決済インフラを活用しながらステーブルコイン決済を実店舗に導入する取り組みを進めている。約70万規模の加盟店網や既存のPOS端末を生かし、ユーザーがQRコード決済と同じ感覚でステーブルコインを使える環境の整備を目指している。
1144.0,2026-06-18 16:00:00,LINE NEXT、韓国でのJPYCクロスボーダー決済実現へ──Danalと提携（NADA NEWS） - Yahoo!ニュース,https://news.yahoo.co.jp/articles/a36746cb2e7b5ec2fddc99a97aa94cfeff939148,news.yahoo.co.jp,活用事例、提携・連携,0.0,LINE NEXT、Danal、Unifi,85.0,EVT-20260618-01,2026-06-18,done,LINE NEXTは韓国の決済企業Danalと提携し、日本円建てステーブルコイン「JPYC」を活用したクロスボーダー決済サービスの実現に向けた協業を開始した。実用化後は、日本のUnifiユーザーが保有するJPYCを使い、韓国国内の加盟店で美容やコンビニエンスストア、ファッションなどでの決済が可能になる見込みだ。
1148.0,2026-06-18 16:00:00,再始動の元素騎士、JPYC・USDT対応の新ゲーム内通貨を計画──旧通貨は廃止へ (NADA NEWS) - Yahoo!ニュース,https://news.yahoo.co.jp/articles/96f92b2f05c672697fb31855d1fec6a9af0e173a/images/000,news.yahoo.co.jp,活用事例,0.0,元素騎士、Unifi、Bitget Wallet,75.0,EVT-20260618-02,2026-06-18,done,再始動する元素騎士は、JPYCおよびUSDTに対応した新しいゲーム内通貨の導入を計画しており、旧通貨は廃止される予定である。
1145.0,2026-06-18 16:00:00,再始動の元素騎士、JPYC・USDT対応の新ゲーム内通貨を計画──旧通貨は廃止へ（NADA NEWS） - Yahoo!ニュース,https://news.yahoo.co.jp/articles/96f92b2f05c672697fb31855d1fec6a9af0e173a,news.yahoo.co.jp,活用事例、実証実験,0.0,元素騎士オンライン、株式会社花火亭、Metap,75.0,EVT-20260618-02,2026-06-18,done,ブロックチェーンゲーム「元素騎士オンライン」の新運営会社・株式会社花火亭は、再始動後のゲーム内通貨をUSDT、JPYC、クレジットカード決済から変換できる新通貨に一本化し、従来のRONDおよびMVは廃止する方針を発表した。マーケットプレイスでもJPYCの利用を予定しており、よりシンプルなゲーム内経済を目指すという。
1147.0,2026-06-18 16:00:00,LINE NEXT、ステーブルコイン決済「Unifi Pay Direct」の先行利用受付を開始──JPYCにも対応（NADA NEWS） - Yahoo!ニュース,https://news.yahoo.co.jp/articles/d89d14d6efc13f7eb80a85a0902ecdd325b7fd2f,news.yahoo.co.jp,取扱い・対応、活用事例,0.0,LINE NEXT、Unifi Pay Direct、Kaia,85.0,EVT-20260618-05,2026-06-18,done,LINE NEXTのステーブルコインウォレット「Unifi」は6月17日、ステーブルコイン決済プロトコル「Unifi Pay Direct」の先行利用申請受付を開始した。本プロトコルは事業者やクリエイターが平均10分で決済機能を連携でき、決済手数料0%、プロトコル手数料1%で利用でき、USDT、JPYC、IDRPなどのステーブルコインに対応している。
1154.0,2026-06-19 10:44:09,Kaia上のJPYC流通額が3.3億円突破、ETHやポリゴン超え - Cryptonews,https://cryptonews.com/jp/news/kaia-jpyc-circulation-surpasses-major-chains/,cryptonews.com,市場・統計、取扱い・対応,0.0,Kaia、ポリゴン、金融庁,85.0,EVT-20260618-03,2026-06-18,done,"日本円ステーブルコインJPYCのKaia上の流通額が3億3,000万円を突破し、ポリゴンやイーサリアムなどの主要ネットワークを上回る国内最大規模となった。2025年10月のステーブルコイン規制施行による信頼向上とKaiaの低手数料・高速処理、発行上限の緩和が流通拡大を後押しした。"
1155.0,2026-06-19 10:50:44,Danalと提携して「JPYC」活用のクロスボーダー決済提供へ（LINE NEXT Inc.） - ペイメントナビ,https://paymentnavi.com/paymentnews/176032.html,paymentnavi.com,提携・連携、活用事例,0.0,LINE NEXT Inc.、Danal、クロスボーダー決済,85.0,EVT-20260618-01,2026-06-18,done,LINE NEXT Inc.は韓国の決済企業Danalと戦略的業務提携（MOU）を締結し、日本円連動型ステーブルコイン「JPYC」を活用したクロスボーダー決済サービスの実現に向けた協業を開始したと発表した。
1156.0,2026-06-19 16:00:00,Kaia、JPYC発行チェーンで残高首位に。3.3億円突破（あたらしい経済） - Yahoo!ニュース,https://news.yahoo.co.jp/articles/e421f151c391891b3d423a958225c60bfeec0a84,news.yahoo.co.jp,市場・統計、取扱い・対応、実証実験,0.0,Kaia、カイアDLT財団、Unifi、KB国民銀行,92.0,EVT-20260618-03,2026-06-18,done,カイアDLT財団は、円建てステーブルコイン「JPYC」のカイア上での流通額が3.3億円を突破し、ポリゴン、イーサリアム、アバランチなどの他チェーンを上回ってチェーン別流通残高で首位になったと発表した。また同財団は、韓国ウォン建てステーブルコインの実証実験やクロスボーダー送金の検証を実施し、3分以内での送金処理と従来比約87％のコスト削減を実現したと説明している。
1160.0,2026-06-22 16:00:00,LINE上のステーブルコインウォレット「Unifi」がミニアプリに──個別アプリ不要で利用可能（NADA NEWS） - Yahoo!ニュース,https://news.yahoo.co.jp/articles/3929fce53758cb6923fd95139be404b308a56d1b,news.yahoo.co.jp,取扱い・対応、活用事例,0.0,LINE NEXT、Unifi mini、LINEミニアプリ,85.0,EVT-20260622-02,2026-06-22,done,LINE NEXTは6月22日、LINEアプリ内で利用できるステーブルコイン基盤のフィンテックサービス「Unifi mini」をミニアプリとして提供開始した。ユーザーは個別アプリをインストールせずにJPYCなどのデジタル資産をウォレット機能で管理でき、Unifi miniはWeb3ミニアプリを集約するハブとしての役割も担う。
1159.0,2026-06-22 16:00:00,コインベース で JPYC を ブレンド に交換可能に。日本円ステーブルコインの JPYC と新たなトークン ブレンド - KuCoin,https://www.kucoin.com/ja/news/trends/BLEND/6a3a0de82636fd000767eacb,kucoin.com,取扱い・対応,0.0,Coinbase、BLEND,65.0,EVT-20260622-01,2026-06-22,done,コインベースで日本円ステーブルコインのJPYCと新たなトークンブレンドのペアが登場し、JPYCをブレンドに交換可能になった。これにより流動性が高まり取引の選択肢が広がった。
1157.0,2026-06-22 16:00:00,LINE上のステーブルコインウォレット「Unifi」がミニアプリに──個別アプリ不要で利用可能 (NADA NEWS) - Yahoo!ニュース,https://news.yahoo.co.jp/articles/3929fce53758cb6923fd95139be404b308a56d1b/images/000,news.yahoo.co.jp,取扱い・対応,0.0,Unifi、LINE、ミニアプリ,65.0,EVT-20260615-01,2026-06-15,done,LINE上のステーブルコインウォレット「Unifi」がミニアプリ化され、個別アプリをインストールせずにLINE内で利用できるようになった。
1161.0,2026-06-22 16:00:00,LINE上のステーブルコインウォレット「Unifi」がミニアプリに──個別アプリ不要で利用可能(NADA NEWS) - Yahoo!ファイナンス,https://finance.yahoo.co.jp/news/detail/3929fce53758cb6923fd95139be404b308a56d1b/photo/view-001,finance.yahoo.co.jp,取扱い・対応,0.0,LINE NEXT、Unifi、ミニアプリ,75.0,EVT-20260622-02,2026-06-22,done,LINE NEXTは6月22日、LINEアプリ上で利用できるステーブルコイン基盤のフィンテックサービス「Unifi」をミニアプリとして提供することを発表しました。これにより、ユーザーは個別アプリをインストールすることなくLINE内で同サービスを利用できるようになります。
1158.0,2026-06-22 16:00:00,LINE NEXT、LINEアプリ上で使えるミニアプリ版「Unifi mini」を日本で提供開始 - PR TIMES,https://prtimes.jp/main/html/rd/p/000000023.000145432.html,prtimes.jp,取扱い・対応、活用事例,0.0,LINE NEXT、Unifi mini、LINEミニアプリ,85.0,EVT-20260622-02,2026-06-22,done,LINE NEXTは、LINEアプリ内で追加インストール不要に利用できるミニアプリ版「Unifi mini」を日本で提供開始しました。LINEアカウントでログインするだけで、デジタル日本円「JPYC」をリワードとして獲得し、ノンカストディアル型ウォレットで保有できます。Unifi miniはWeb3ミニアプリのエコシステムハブとしての役割も担い、ユーザーが各サービスで獲得したデジタル資産を一元管理できるプラットフォームを構築しています。
1162.0,2026-06-22 16:02:00,JPYCが免税リファンド還付に活用へ、ウォレットへ即時送付（あたらしい経済） - Yahoo!ニュース,https://news.yahoo.co.jp/articles/9cbfc70706a66a088547a462d878aa9952ee2d04,news.yahoo.co.jp,活用事例、提携・連携,0.0,JPYC社、日本免税、リファンド方式,95.0,EVT-20260622-03,2026-06-22,done,JPYC社と日本免税社は、2026年11月に予定される日本の免税制度のリファンド方式移行に向け、ステーブルコイン「JPYC」を消費税還付手段として活用する業務提携を発表した。本取り組みにより、ブロックチェーンを通じて旅行者のウォレットへ即時送付することで、個人情報漏洩リスクや着金遅延といった課題を解決し、マネーロンダリング等の不正を構造的に抑止できるという。
1163.0,2026-06-22 17:30:55,メガバンク3行がステーブルコインへ。銀行預金・仮想通貨・JPYCとの違いを解説 - CoinChoice,https://coinchoice.net/pension-btc-2/,coinchoice.net,競合・市場環境、解説・論説,1.0,三菱UFJ銀行、みずほ銀行、三井住友銀行,65.0,EVT-20260610-01,2026-06-10,done,三菱UFJ銀行、みずほ銀行、三井住友銀行のメガバンク3行は2026年度中の実取引開始を目指し、共同でステーブルコインを発行する予定です。このステーブルコインは法定通貨に価値を連動させた電子決済手段であり、ビットコインのような投資対象ではなく、企業間決済や証券取引の決済など金融機関や企業の裏側で使われる決済インフラとして位置付けられています。
1164.0,2026-06-22 21:05:50,LINE上のステーブルコインウォレット「Unifi」がミニアプリに──個別アプリ不要で利用可能 - NADA NEWS,https://www.nadanews.com/356449/,nadanews.com,取扱い・対応,0.0,LINE NEXT、Unifi mini、LINEミニアプリ,85.0,EVT-20260622-02,2026-06-22,done,LINE NEXTは6月22日、LINEアプリ内で利用できるステーブルコイン基盤のフィンテックサービス「Unifi mini」を日本国内向けに提供開始しました。LINEミニアプリとして提供されるUnifi miniは、個別アプリのインストール不要でJPYCなどのデジタル資産を管理できるノンカストディアル型ウォレット機能を備えています。LINE NEXTは、Web3ミニアプリを集約するハブとしてのUnifi miniを通じ、LINEアプリ上でのWeb3サービスの利用環境を拡大する方針です。
1165.0,2026-06-23 01:33:01,【2026年最新】JPYSCとは｜日本初の信託型日本円建てステーブルコインの仕組み・JPYCとの違い・将来性を解説 - SBI VCトレード,https://www.sbivc.co.jp/columns/content/baqz_7m452z,sbivc.co.jp,解説・論説、競合・市場環境,1.0,JPYSC、SBIホールディングス、Startale Group、JPYC,45.0,,,done,JPYSCは、SBIホールディングスとStartale Groupが共同で開発する日本初の信託型日本円建てステーブルコインで、2026年度第1四半期のローンチを目指しており、円との1対1の連動を目指しています。信託銀行による資金保全と発行・償還に法定上限がない特性を活かし、企業間の大口決済や機関投資家向けの大規模取引を主な利用シーンとしており、個人向けの資金移動業型JPYCとは異なるポジショニングとなっています。
1166.0,2026-06-23 03:00:25,LINE上でJPYCが受け取れる、ステーブルコイン対応「Unifi mini」提供開始 - bittimes.net,https://bittimes.net/news/224855.html,bittimes.net,取扱い・対応、提携・連携、活用事例,0.0,LINE NEXT、Unifi mini、LINEミニアプリ,95.0,EVT-20260622-02,2026-06-22,done,LINE NEXT Inc.は2026年6月22日、LINEアプリ内でJPYC（日本円連動型ステーブルコイン）を受け取れるサービス「Unifi mini」を提供開始しました。LINEミニアプリとして提供され、ユーザーはウォレット作成などの複雑な手続きなしにJPYCをリワードとして受領・管理できるようになります。このサービスは複数のWeb3ミニアプリを統合するハブとしても機能し、LINE経済圏のWeb3化を進める取り組みとなります。
1167.0,2026-06-23 21:55:32,SBIが円ステーブルコイン「JPYSC」週内発行へ、信託型で国内初の金融庁承認 - BigGo ファイナンス,https://finance.biggo.jp/news/f45b0f2c-ad60-46b5-b5c5-5084e9e66a2a,finance.biggo.jp,発行・資金、制度・規制、競合・市場環境,0.0,SBIグループ、SBI新生信託銀行、金融庁、3メガバンク,45.0,,,done,SBIグループが信託型の円ステーブルコイン「JPYSC」を週内に発行する予定で、金融庁の承認を取得した。信託型スキームにより発行額の上限規制が適用されず、機関投資家や事業会社の大口決済に対応可能になる。3メガバンクも2026年度中の共同発行を検討しており、国内のステーブルコイン市場の競争が激化する見込みである。
1168.0,2026-06-24 16:00:00,メタプラネット[3350]：株式会社HashPort、JPYC株式会社との株主優待プログラムに関するお知らせ 2026年6月24日(適時開示) ：日経会社情報DIGITAL - 日本経済新聞,https://www.nikkei.com/nkd/disclosure/tdnr/20260624578743/,nikkei.com,提携・連携、取扱い・対応,0.0,メタプラネット、HashPort、JPYC株式会社,65.0,EVT-20260624-01,2026-06-24,done,メタプラネット[3350]が2026年6月24日に、株式会社HashPortとJPYC株式会社との株主優待プログラムに関するお知らせを発表しました。詳細な内容はPDF資料で公開されています。
1169.0,2026-06-24 16:00:00,メタプラネット、株主優待で最大10万JPYCを付与へ（NADA NEWS） - Yahoo!ニュース,https://news.yahoo.co.jp/articles/5beccc91d3f874a78c8c90b093d229548650f3ba,news.yahoo.co.jp,提携・連携、活用事例,0.0,メタプラネット、HashPort、HashPort Wallet,75.0,EVT-20260624-01,2026-06-24,done,メタプラネットはHashPortおよびJPYC社と提携し、6月30日時点で100株以上保有する個人株主を対象に、日本円ステーブルコイン「JPYC」を株主優待として最大10万JPYC付与するプログラムを発表した。応募は7月13日から8月31日までで、先着1000名を対象に抽選で1等3名に10万JPYC、2等30名に1万JPYC、その他に1000JPYCが付与される。
1171.0,2026-06-24 16:00:00,【速報】国内初、SBIが信託型円ステーブルコイン「JPYSC」提供開始。イーサ上に100億円分発行へ（あたらしい経済） - Yahoo!ニュース,https://news.yahoo.co.jp/articles/631eea27c8895d2632629fffbc45c4b68350f406,news.yahoo.co.jp,発行・資金、提携・連携、制度・規制,0.0,SBIグループ、スターテイルグループ、SBI新生信託銀行、JPYSC,95.0,EVT-20260624-02,2026-06-24,done,SBIグループとスターテイルグループが共同開発した信託型円建てステーブルコイン「JPYSC」が6月24日に発行開始され、信託銀行が裏付け資産を管理する信託型として国内初となった。JPYSCはイーサリアム上に発行され、資金移動業型のステーブルコインと異なり100万円制限を受けないため、大口送金にも対応可能であり、初日から100億円分の発行が予定されている。
1170.0,2026-06-24 16:00:00,JPYSC、すでに38億円相当発行──SBIが国内初の信託型円ステーブルコイン（NADA NEWS） - Yahoo!ニュース,https://news.yahoo.co.jp/articles/7a986291ff81cfd8268468eb5473f853738c859d,news.yahoo.co.jp,発行・資金、制度・規制、提携・連携,0.0,SBIグループ、SBI新生信託銀行、Startale、SBI VCトレード,85.0,EVT-20260624-02,2026-06-24,done,SBIグループは6月24日、信託銀行が発行体となる信託型円ステーブルコイン「JPYSC」を発行し、38億円相当が初期発行された。信託型の円建てステーブルコインとしては国内初で、100万円制限を受けず、機関投資家や企業による大口決済などでの活用が見込まれている。
1172.0,2026-06-24 17:16:31,SBI、日本初の信託型円ステーブルコイン「JPYSC」を発行へ、機関決済を照準 - BigGo ファイナンス,https://finance.biggo.jp/news/685799a0-bc47-42d9-8289-5ce4adb9317b,finance.biggo.jp,発行・資金、制度・規制、提携・連携,0.0,SBIホールディングス、JPYSC、Startale Group、SBI新生信託銀行,95.0,EVT-20260624-02,2026-06-24,done,SBIホールディングスは日本初の信託型円ステーブルコイン「JPYSC」を発行し、SBI新生信託銀行が発行・償還を、SBI VCトレードが流通・取引を担当する。信託型モデルにより従来の円ステーブルコインの取引上限がなく、大規模な企業・機関決済の処理が可能となり、日本の規制当局が推奨する倒産隔離の仕組みにより資産保護が実現される。
1173.0,2026-06-24 17:47:50,JPYSC（SBI信託型円建てステーブルコイン）とは？仕組み・特徴・使い方を解説 - CoinPost,https://coinpost.jp/crypto/stablecoin/jpysc/,coinpost.jp,発行・資金、制度・規制、解説・論説,1.0,SBI新生信託銀行、SBI VCトレード、Startale Group,45.0,EVT-20260624-02,2026-06-24,done,JPYSCはSBIグループとStartale Groupが共同開発した日本円建てステーブルコインで、2026年6月24日に先行提供が開始されました。国内初の信託型スキーム（第3号電子決済手段）として、SBI新生信託銀行が発行主体となり、発行・償還の上限制限がなく、大口の法人・機関投資家向け決済に適した設計となっています。
1174.0,2026-06-24 19:35:39,SBIが国内初の信託型円ステーブルコイン「JPYSC」、38億円相当を発行開始 - BigGo ファイナンス,https://finance.biggo.jp/news/497a6934-27be-4052-80ab-1532e1218b8c,finance.biggo.jp,発行・資金、制度・規制、市場・統計,0.0,SBIホールディングス、SBI新生信託銀行、Startale Group,85.0,EVT-20260624-02,2026-06-24,done,SBIホールディングスは6月24日、信託銀行が発行体となる国内初の信託型円ステーブルコイン「JPYSC」の発行を開始し、初日時点で38億円相当が発行された。JPYSCは資金移動業者が発行する既存の「JPYC」と異なり、100万円の送金制限を受けないため、機関投資家や企業による大口決済やオンチェーン外国為替などでの活用を見込んでいる。
1175.0,2026-06-24 21:57:07,メタプラネット、株主優待で最大10万JPYCを付与へ(NADA NEWS) - Yahoo!ファイナンス,https://finance.yahoo.co.jp/news/detail/5beccc91d3f874a78c8c90b093d229548650f3ba/photo/view-001,finance.yahoo.co.jp,提携・連携、取扱い・対応,0.0,メタプラネット、HashPort、株主優待プログラム,75.0,EVT-20260624-01,2026-06-24,done,メタプラネットは6月24日、HashPortおよびJPYCとの提携による株主優待プログラムの内容を発表し、最大10万JPYCを付与する。
1176.0,2026-06-24 21:57:07,メタプラネット、株主優待で最大10万JPYCを付与へ (NADA NEWS) - Yahoo!ニュース,https://news.yahoo.co.jp/articles/5beccc91d3f874a78c8c90b093d229548650f3ba/images/000,news.yahoo.co.jp,取扱い・対応、提携・連携,0.0,メタプラネット、HashPort、株主優待プログラム,65.0,EVT-20260624-01,2026-06-24,done,メタプラネットが株主優待として最大10万JPYCを付与することを発表した。
1177.0,2026-06-25 11:27:05,メタプラネット、株主優待でJPYCを配布｜先着で総額150万超 - Cryptonews,https://cryptonews.com/jp/news/metaplanet-jpyc-shareholder-benefit-crypto/,cryptonews.com,提携・連携、取扱い・対応,0.0,メタプラネット、HashPort、JPYC株式会社,75.0,EVT-20260624-01,2026-06-24,done,"メタプラネットはHashPortおよびJPYCと提携し、日本円連動型ステーブルコイン「JPYC」を株主優待として配布するプログラムを発表した。6月30日時点で同社株式100株以上保有する個人株主が対象で、先着1,000名に総額150万円以上のJPYCが配布される。"
1178.0,2026-06-25 13:14:00,メタプラネット、株主優待で円建てステーブルコインJPYCを総額150万円分付与へ - CoinPartner,https://coinotaku.com/news/articles/249705,coinotaku.com,提携・連携、活用事例,0.0,メタプラネット、HashPort、JPYC EX,85.0,EVT-20260624-01,2026-06-24,done,"メタプラネットはHashPortおよびJPYCと提携し、6月30日時点で同社株を100株以上保有する個人株主を対象に、日本円連動ステーブルコイン『JPYC』を総額150万円超分付与する株主優待プログラムを発表しました。上場企業の株主優待にステーブルコインを組み込む国内初の取り組みで、先着1,000名を対象に1等3名に10万JPYC、2等30名に1万JPYC、3等967名に1,000JPYCを抽選で付与します。"
1179.0,2026-06-26 16:00:00,JPYC、総流通量10億円を突破（NADA NEWS） - Yahoo!ニュース,https://news.yahoo.co.jp/articles/3042a09d391ef41916304da9d490cd5737632da7,news.yahoo.co.jp,市場・統計,0.0,JPYC info、SBIグループ、JPYSC,85.0,EVT-20260626-01,2026-06-26,done,日本円ステーブルコイン「JPYC」の総流通量が6月26日に10億JPYCを突破し、複数のパブリックブロックチェーン上で約10億円相当が流通していることが確認された。JPYCは2025年10月27日の発行開始から約8カ月でこの流通量に達した。
1180.0,2026-06-26 16:00:00,Morph幹部がJPYCやJPYSCとの連携に意欲──英中銀、ポンド建てステーブルコイン発行へ前進（NADA NEWS） - Yahoo!ニュース,https://news.yahoo.co.jp/articles/2be86aecc0158f964dd8289f7b09906166bcc020,news.yahoo.co.jp,提携・連携、解説・論説,1.0,Morph、イングランド銀行、Renna Ba氏、JPYSC,45.0,EVT-20260626-02,2026-06-26,done,イングランド銀行は2027年からポンド建てステーブルコイン運用を目指しており、Morph幹部のRenna Ba氏はJPYCやJPYSCなどの円建てステーブルコインをMorphの決済レイヤーに統合する意欲を示している。同氏は、ステーブルコインが2030年までに世界のクロスボーダー決済の最大10％を占める可能性があるとし、そのためには米国での銀行統合、国際ルールの調和、コンプライアンス面での合意形成が必要だと述べている。
1181.0,2026-06-26 16:00:00,仮想通貨アプリおすすめランキング6選を解説｜2026年最新版 - Coinspeaker,https://www.coinspeaker.com/jp/exchange/best-crypto-apps/,coinspeaker.com,その他,0.0,Best Wallet、bitFlyer、Coincheck,5.0,,,done,本記事は、2026年の仮想通貨市場でビットコインとアルトコインの取引・管理ニーズが広がる中、Best Wallet、bitFlyer、Coincheck、GMOコイン、OKJ、bitbankの6つの仮想通貨アプリを紹介しています。各アプリの特徴、手数料、対応銘柄数などを比較しており、初心者から上級者まで幅広いユーザー層に対応した選択肢を提供しています。
1182.0,2026-06-26 16:03:00,Morph幹部がJPYCやJPYSCとの連携に意欲──英中銀、ポンド建てステーブルコイン発行へ前進(NADA NEWS) - Yahoo!ファイナンス,https://finance.yahoo.co.jp/news/detail/2be86aecc0158f964dd8289f7b09906166bcc020/photo/view-001,finance.yahoo.co.jp,提携・連携、競合・市場環境,0.0,Morph、イングランド銀行、JPYSC,65.0,EVT-20260626-02,2026-06-26,done,イングランド銀行は6月22日、英ポンド建てのシステミック・ステーブルコイン発行に向けた政策声明と実務規範案を公表し、Morph幹部がJPYCやJPYSCとの連携に意欲を示している。
1183.0,2026-06-27 16:00:00,このままでは日本と心中しかねない…2025年に米国で可決された〈恐ろしい法律〉。同じ道を歩む日本政府が、メガバンクと用意した「裏口」【ゴールドマンサックス出身の投資家が伝授】（THE GOLD ONLINE（ゴールドオンライン）） - Yahoo!ニュース,https://news.yahoo.co.jp/articles/3c913222427088bc3684a54ab60514b769b25dd4?page=3,news.yahoo.co.jp,解説・論説,1.0,JPYC株式会社、金融庁、三菱UFJ信託銀行、みずほ銀行,45.0,,,done,2023年6月に改正資金決済法が施行された日本では、2025年8月にJPYC株式会社が金融庁から登録を受け、秋に国内初の円建てステーブルコイン「JPYC」を発行予定であり、メガバンクも2025年10月にステーブルコインを実用化する。政府債務が1335兆円に達し伝統的な金融政策が機能しなくなった日本政府が、民間の名を借りて円の増刷を行うための「裏口」としてステーブルコインを用意したに過ぎないという主張である。
1184.0,2026-06-28 10:36:12,【速報】ビットバンク、SBIグループの完全子会社に／メタプラネット、株主優待で最大10万JPYCを付与へ【日曜日に読みたい厳選10本】 (NADA NEWS) - Yahoo!ニュース,https://news.yahoo.co.jp/articles/a75820c4c7b8263bac630ed8dce4ebe0c0ce5c76/images/000,news.yahoo.co.jp,取扱い・対応,0.0,メタプラネット、HashPort、SBIグループ,45.0,EVT-20260624-01,2026-06-24,done,ビットバンクがSBIグループの完全子会社になり、メタプラネットは株主優待で最大10万JPYCを付与する。また、JPYSCの初日発行量が100億円相当に到達し、DCG傘下のZcashマイニング企業Fortitudeは2026年下半期にナスダック上場を予定している。
1185.0,2026-06-28 16:00:00,【速報】ビットバンク、SBIグループの完全子会社に／メタプラネット、株主優待で最大10万JPYCを付与へ【日曜日に読みたい厳選10本】（NADA NEWS） - Yahoo!ニュース,https://news.yahoo.co.jp/articles/a75820c4c7b8263bac630ed8dce4ebe0c0ce5c76,news.yahoo.co.jp,提携・連携、市場・統計,0.0,メタプラネット、HashPort、ビットバンク、SBIグループ,45.0,EVT-20260624-01,2026-06-24,done,暗号資産取引所ビットバンクがSBIグループの完全子会社となることが発表され、8月頃に株式譲渡が実行予定である。メタプラネットはHashPortおよびJPYCとの提携により、株主優待で最大10万JPYCを付与するプログラムを発表した。
1228.0,2026-06-29 11:29:02,日本円ステーブルコインJPYC、総流通量10億を突破 - Cryptonews,https://cryptonews.com/jp/news/jpyc-stablecoin-circulation-surpasses-one-billion/,cryptonews.com,市場・統計、競合・市場環境,0.0,JPYC EX、SBIグループ、Unifi,95.0,EVT-20260626-01,2026-06-26,done,日本円ステーブルコインJPYCの総流通量が10億JPYCを突破し、2025年10月27日の発行開始から約8カ月での達成となった。イーサリアムやポリゴンなど複数のブロックチェーン対応とLINE連携ウォレットの利便性向上により、累計発行額は30億円を超え、口座開設数は1万9000件に達している。
1226.0,2026-06-29 15:10:02,SOWAKA、JPYCをはじめとするステーブルコインの国内社会実装に向け「株式会社Sowaka Japan」を設立 - PR TIMES,https://prtimes.jp/main/html/rd/p/000000013.000132887.html,prtimes.jp,活用事例、提携・連携,0.0,SOWAKA、株式会社Sowaka Japan、MisePay,85.0,EVT-20260629-01,2026-06-29,done,SOWAKAは2026年6月1日に株式会社Sowaka Japanを設立し、JPYCをはじめとするステーブルコインの国内社会実装を推進します。第一弾事業として、決済手数料0％で導入費用も0円のステーブルコイン対応QR決済システム「MisePay」を展開し、スマートアカウント技術による安全な権限管理機能を備えています。現在、複数店舗でのトライアル導入が決定しており、正式提供に向けて参加加盟店の追加募集を開始しています。
1186.0,2026-06-29 16:00:00,SOWAKA、JPYCをはじめとするステーブルコインの国内社会実装に向け「株式会社Sowaka Japan」を設立 - 朝日新聞,https://www.asahi.com/and/pressrelease/16683356,asahi.com,活用事例、提携・連携,0.0,株式会社Sowaka Japan、MisePay、SOWAKA,85.0,EVT-20260629-01,2026-06-29,done,SOWAKAは2026年6月1日に株式会社Sowaka Japanを設立し、JPYCなどのステーブルコインの国内社会実装を推進します。第一弾事業として、加盟店の決済手数料0％で導入費用0円のQR決済システム「MisePay」を展開し、複数店舗でのトライアル導入を開始します。
1187.0,2026-06-29 16:00:00,SOWAKA、JPYCをはじめとするステーブルコインの国内社会実装に向け「株式会社Sowaka Japan」を設立 - ライブドアニュース,https://news.livedoor.com/pr_topics/detail/31689633/,news.livedoor.com,取扱い・対応、提携・連携,0.0,SOWAKA、株式会社Sowaka Japan、MisePay,85.0,EVT-20260629-01,2026-06-29,done,SOWAKAは、JPYCをはじめとするステーブルコインの国内社会実装に向けて「株式会社Sowaka Japan」を設立しました。同社はQR決済「MisePay」を展開し、決済手数料0％・導入費用0円で2026年7月からトライアル開始予定であり、加盟店を募集しています。
1188.0,2026-06-29 17:45:36,JPYC決済アプリ「ミセペイ」7月実証へ、手数料0％でSOWAKAが日本法人設立 - BigGo ファイナンス,https://finance.biggo.jp/news/0723b660-45ef-46b4-89c4-d3c0a48df113,finance.biggo.jp,活用事例、実証実験、提携・連携,0.0,SOWAKA、Sowaka Japan、MisePay,95.0,EVT-20260629-01,2026-06-29,done,シンガポールのSOWAKA Pte. Ltd.は日本法人「株式会社Sowaka Japan」を2026年6月1日付で設立し、円建てステーブルコイン「JPYC」による店舗向けQR決済アプリ「MisePay（ミセペイ）」を展開する。MisePayは決済手数料0％、導入費用0円、専用端末不要で、2026年7月から複数店舗でのトライアルを開始予定である。
1189.0,2026-06-30 00:00:00,新しい決済インフラとなる技術 ステーブルコインの可能性と課題 - projectdesign.jp,https://www.projectdesign.jp/articles/2dcc229e-9fcf-4d1d-9063-65a7ce8332a3,projectdesign.jp,解説・論説,1.0,JPYC株式会社、岡部典孝、事業構想大学院大学事業構想研究所,45.0,,,done,AIエージェントの自律的な決済を見据え、価格安定性を備えたステーブルコインへの関心が高まっている。ステーブルコインは日本で電子決済手段として法定通貨や現物資産の価格と連動し、JPYC株式会社は2025年10月に日本初の円建てステーブルコイン「JPYC」を発行した。
1190.0,2026-06-30 02:16:30,JPYC決済アプリ「ミセペイ」7月始動｜手数料0%で加盟店募集 - bittimes.net,https://bittimes.net/news/225084.html,bittimes.net,活用事例、提携・連携、取扱い・対応,0.0,SOWAKA、株式会社Sowaka Japan、MisePay（ミセペイ）,95.0,EVT-20260629-01,2026-06-29,done,SOWAKAが日本法人「株式会社Sowaka Japan」を設立し、円建てステーブルコイン「JPYC」のQR決済アプリ「ミセペイ」を2026年7月からトライアル導入します。加盟店向け決済手数料0%、初期費用0円、専用端末不要という特徴を備え、飲食店や小売店などを対象に加盟店募集を開始しています。
1227.0,2026-06-30 05:24:25,SOWAKA、日本法人設立 JPYC決済アプリ「ミセペイ」を7月トライアル開始 - Iolite（アイオライト）,https://iolite.net/news/coinpost-720751,iolite.net,取扱い・対応、活用事例,0.0,SOWAKA、ミセペイ,65.0,EVT-20260629-01,2026-06-29,done,SOWAKAが日本法人を設立し、JPYC決済アプリ「ミセペイ」を7月にトライアル開始する。
1191.0,2026-06-30 14:01:11,LINE NEXT、 ステーブルコイン決済インフラ「Unifi Pay」を第3四半期に グローバルでローンチ予定、グローバル開発者向けの事前登録を開始 | LINE NEXT Start株式会社のプレスリリース - PR TIMES,https://prtimes.jp/main/html/rd/p/000000025.000145432.html,prtimes.jp,取扱い・対応、提携・連携,0.0,LINE NEXT、Unifi Pay、USDT、IDRP,75.0,EVT-20260618-05,2026-06-18,done,"LINE NEXTは、ステーブルコイン決済インフラ「Unifi Pay」を第3四半期にグローバルでローンチする予定であり、グローバル開発者向けの事前登録を開始しました。本サービスはUSDT、JPYC、IDRPのステーブルコインに対応し、決済手数料0%、平均1秒の精算速度、開発者への最大年率5%のリワードを提供します。ベータ版の累計決済・精算額は韓国ウォンで1,000億ウォンを突破しています。"
1192.0,2026-07-01 14:00:02,HashPort Wallet、アプリ内でのJPYC発行・償還が可能となる連携機能の提供を開始 - PR TIMES,https://prtimes.jp/main/html/rd/p/000000174.000046288.html,prtimes.jp,取扱い・対応、提携・連携,0.0,HashPort Wallet、JPYC EX、HashPort,85.0,EVT-20260701-01,2026-07-01,done,HashPortは、提供するノンカストディアルウォレットアプリ「HashPort Wallet」内でJPYC EX上のJPYC発行・償還手続きを実行できる連携機能を2026年7月13日より提供開始します。この機能により、ユーザーはHashPort Wallet内でJPYCの発行から日本円への償還までを一連の操作として完結でき、国内初のノンカストディアルウォレット内での日本円ステーブルコイン発行・償還機能の実装となります。
1193.0,2026-07-01 15:09:07,ラグジュアリープラットフォーム「MOLTS」が「Unifi Pay」導入。JPYC決済開始を記念し、最大8%還元のキャンペーンを実施 - PR TIMES,https://prtimes.jp/main/html/rd/p/000000026.000145432.html,prtimes.jp,活用事例、取扱い・対応,0.0,MOLTS、LINE NEXT Inc.、Unifi Pay,85.0,EVT-20260701-02,2026-07-01,done,LINE NEXT Inc.が運営するラグジュアリープラットフォーム「MOLTS」は、6月30日よりデジタルウォレット「Unifi」を用いた決済サービス「Unifi Pay」を開始し、日本円建てステーブルコイン「JPYC」での決済が可能になります。導入記念キャンペーンとして、Unifi Payでの決済時に5%のJPYCペイバック特典を提供し、会員登録時の3%割引クーポンとの併用で最大8%相当の特典が受けられます。
1194.0,2026-07-01 16:00:00,HashPort Wallet、アプリ内でのJPYC発行・償還が可能となる連携機能の提供を開始 - Mantan Web,https://mantan-web.jp/prtimes/article/20260707prt00m200001015a/photopage/001.html,mantan-web.jp,,0.0,,0.0,,,done,本文に記事の詳細情報が含まれていないため、要約を生成することができません。
1195.0,2026-07-01 16:00:00,GoogleやVisa、Stripeら140社超が新ステーブルコイン「Open USD」に参画 みずほFG、楽天など日本勢も - ITmedia,https://www.itmedia.co.jp/news/articles/2607/01/news083_2.html,itmedia.co.jp,競合・市場環境,0.0,Google、Visa、Stripe、Open USD,15.0,,,done,GoogleやVisa、Stripeなど140社超が新ステーブルコイン「Open USD」に参画し、みずほFGや楽天などの日本企業も参加している。
1230.0,2026-07-01 16:00:00,ラグジュアリープラットフォーム「MOLTS」が「Unifi Pay」導入。JPYC決済開始を記念し、最大8%還元のキャンペーンを実施 - Mantan Web,https://mantan-web.jp/prtimes/article/20260701prt00m200001656a/photopage/001.html,mantan-web.jp,,0.0,,0.0,,,done,申し訳ありませんが、提供いただいたテキストにはラグジュアリープラットフォーム「MOLTS」、「Unifi Pay」、JPYC決済、キャンペーン内容に関する具体的な本文が含まれていません。テレビ番組情報のみが掲載されているため、要約の生成ができません。
1229.0,2026-07-01 16:00:00,HashPort Wallet、アプリ内でのJPYC発行・償還が可能となる連携機能の提供を開始 - Mantan Web,https://mantan-web.jp/prtimes/article/20260707prt00m200001015a.html,mantan-web.jp,取扱い・対応、活用事例,0.0,HashPort Wallet、HashPort、JPYC EX,95.0,EVT-20260701-01,2026-07-01,done,株式会社HashPortは、ノンカストディアルウォレットアプリ「HashPort Wallet」内でJPYC株式会社が運営する「JPYC EX」上のJPYC発行・償還手続きが完結する連携機能を2026年7月13日より提供開始します。本機能は国内初となり、ユーザーは複数のサービス間を行き来することなく、HashPort Wallet内でJPYCの発行から日本円への償還までを一連の操作で完結できるようになります。
1196.0,2026-07-01 19:14:56,日本円ステーブルコイン「JPYC」、国内最大級のスタートアップカンファレンス「IVS2026」内「IVS Startup Market」に出展 - PR TIMES,https://prtimes.jp/main/html/rd/p/000000323.000054018.html,prtimes.jp,実証実験、活用事例、提携・連携,0.0,IVS2026、HashPort、INSPAY、チェリオコーポレーション,85.0,EVT-20260701-03,2026-07-01,done,日本円ステーブルコイン「JPYC」を取り扱うJPYC株式会社は、2026年7月1日～3日に京都で開催される「IVS2026」の「IVS Startup Market」に出展し、7月1日限定でJPYCを用いた自動販売機決済の実証実験を京都市内で開始します。キャンペーン対象商品は半額で購入でき、HashPort Walletからチェリオ自動販売機で飲料を購入できる体験を提供する予定です。
1198.0,2026-07-02 15:50:49,HashPort Wallet、アプリ内でJPYCの発行・償還が可能に（NADA NEWS） - Yahoo!ニュース,https://news.yahoo.co.jp/articles/5f8921fc2f1f1c67adf6b81fc2c00adc0f96ae7e,news.yahoo.co.jp,取扱い・対応,0.0,HashPort Wallet、JPYC EX、EXPO2025デジタルウォレット,85.0,EVT-20260701-01,2026-07-01,done,HashPortは7月13日から、ノンカストディアルウォレットアプリ「HashPort Wallet」でJPYC EX上のJPYC発行・償還手続きをアプリ内で利用できる連携機能の提供を開始する予定だと発表した。これまでユーザーはJPYC EXにログインして発行・償還の予約を行う必要があったが、新機能によりアプリ内ブラウザ経由で一連の手続きが完結する。
1197.0,2026-07-02 15:50:49,HashPort Wallet、アプリ内でJPYCの発行・償還が可能に (NADA NEWS) - Yahoo!ニュース,https://news.yahoo.co.jp/articles/5f8921fc2f1f1c67adf6b81fc2c00adc0f96ae7e/images/000,news.yahoo.co.jp,取扱い・対応、提携・連携,0.0,HashPort Wallet、HashPort、JPYC株式会社,85.0,EVT-20260701-01,2026-07-01,done,HashPort Walletがアプリ内でJPYCの発行・償還機能に対応した。これにより、ユーザーはアプリ内で直接JPYCのやり取りが可能になった。
1199.0,2026-07-02 17:39:00,JPYC、京都の自販機で円建てステーブルコイン決済を実証｜国内初のPoC開始へ - CoinPartner,https://coinotaku.com/news/articles/250047,coinotaku.com,実証実験、活用事例,0.0,HashPort Wallet、Cheerio、IVS2026,95.0,EVT-20260701-03,2026-07-01,done,JPYC株式会社は、円建てステーブルコイン「JPYC」を使った自動販売機決済の実証実験を2026年7月から9月まで京都市内で実施します。HashPort WalletからCheerioの自動販売機で飲料をJPYCで購入できる国内初の取り組みで、7月1日のIVS2026会場では半額キャンペーンも開催予定です。
1200.0,2026-07-02 18:00:14,仮想通貨クレカ「Triaカード」の登録方法・使い方【2026年7月版】 - crypto-times.jp,https://crypto-times.jp/how-to-use-tria/,crypto-times.jp,取扱い・対応,0.0,Tria、JPYC EX、HashPort,45.0,,,done,"Triaは仮想通貨で最大6%（ステーキングで最大8%）のキャッシュバックが得られるVisaカードで、2025年10月のサービス開始以降ユーザー30万人以上、累計決済額3,000万ドルを突破しています。日本在住のユーザーは日本円連動ステーブルコイン「JPYC」を銀行振込で購入し、Triaウォレットに送金することで、仮想通貨取引所の口座がなくても簡単にサービスを利用できます。"
1201.0,2026-07-03 11:12:01,ハッシュポート、ウォレット内でJPYCの発行・償還を可能に - Coinspeaker,https://www.coinspeaker.com/jp/hashport-wallet-jpyc-integration-feature/,coinspeaker.com,活用事例、取扱い・対応,0.0,HashPort Wallet、JPYC EX、ハッシュポート,85.0,EVT-20260701-01,2026-07-01,done,ハッシュポートは13日から、ウォレットアプリ内でJPYCの発行と償還ができる新機能を提供開始する。アプリ内で日本円ステーブルコインの一連の手続きが完結する機能は国内初で、ユーザーが外部のブラウザに切り替えることなく利便性向上が期待される。
1202.0,2026-07-05 07:00:50,「MOLTS」が「Unifi Pay」導入、JPYC決済開始で最大8%還元キャンペーン（LINE NEXT） - ペイメントナビ,https://paymentnavi.com/paymentnews/176452.html,paymentnavi.com,活用事例、取扱い・対応,0.0,LINE NEXT、MOLTS、Unifi Pay,95.0,EVT-20260701-02,2026-07-01,done,LINE NEXT Inc.は2026年6月30日よりラグジュアリープラットフォーム「MOLTS」で、デジタルウォレット「Unifi」を用いた決済サービス「Unifi Pay」を開始し、日本円建てステーブルコイン「JPYC」による決済が可能になった。MOLTSのユーザーはJPYC残高で時計やバッグなどのラグジュアリーアイテムを購入でき、Unifi Payでの決済時に5%のペイバック特典と3%割引クーポンを併用することで最大8%相当の特典を受けられるキャンペーンも実施している。
1203.0,2026-07-06 11:00:00,【日本初】INSPAY、日本円ステーブルコイン「JPYC」による自動販売機決済を京都で実証実験 (2026年7月6日掲載) - ライブドアニュース,https://news.livedoor.com/pr_topics/detail/31752124/,news.livedoor.com,実証実験、活用事例,0.0,INSPAY、京都市、チェリオ,85.0,EVT-20260706-01,2026-07-06,done,INSPAY社が京都市でJPYCを使用した自動販売機決済の実証実験を開始した。2026年7月から9月まで京都市内3か所のチェリオ自販機でJPYCによる商品購入が可能になる日本初の取り組みである。
1204.0,2026-07-06 11:00:02,【日本初】INSPAY、日本円ステーブルコイン「JPYC」による自動販売機決済を京都で実証実験 - PR TIMES,https://prtimes.jp/main/html/rd/p/000000001.000186424.html,prtimes.jp,実証実験、活用事例、提携・連携,0.0,INSPAY、HashPort、チェリオコーポレーション,95.0,EVT-20260706-01,2026-07-06,done,INSPAY株式会社はJPYC株式会社、HashPort株式会社、チェリオコーポレーションと連携し、2026年7月1日〜9月30日まで京都市内でJPYCを用いた自動販売機決済の実証実験を開始する。これは自動販売機の実消費シーンにおける日本円ステーブルコイン決済として日本初となり、PoC期間中は対象商品を半額で購入できるキャンペーンを実施する。
1206.0,2026-07-06 11:18:36,ハッシュポートのHashPort Wallet、「JPYC」の発行・償還可能に (あたらしい経済) - Yahoo!ニュース,https://news.yahoo.co.jp/articles/080cdcfbba58b97aa7d0169389693224188a85f9/images/000,news.yahoo.co.jp,取扱い・対応,0.0,ハッシュポート、HashPort Wallet,85.0,EVT-20260701-01,2026-07-01,done,ハッシュポートのHashPort Walletが、日本円のステーブルコイン「JPYC」の発行・償還に対応することになった。これにより、ユーザーはHashPort Wallet上でJPYCを発行・償還できるようになる。
1205.0,2026-07-06 11:18:36,ハッシュポートのHashPort Wallet、「JPYC」の発行・償還可能に（あたらしい経済） - Yahoo!ニュース,https://news.yahoo.co.jp/articles/080cdcfbba58b97aa7d0169389693224188a85f9,news.yahoo.co.jp,取扱い・対応、提携・連携,0.0,HashPort Wallet、JPYC EX、三井住友トラストクラブ,85.0,EVT-20260701-01,2026-07-01,done,ハッシュポートは、Web3ウォレットアプリ「HashPort Wallet」内でJPYCの発行・償還機能を実装すると7月1日に発表し、7月13日から提供予定である。ノンカストディアルウォレット内に日本円ステーブルコインの発行・償還機能を組み込む事例は国内初で、ユーザーはこれまで複数サービス間を行き来する必要があったが、今後はウォレット内で完結できるようになる。
1207.0,2026-07-06 14:37:00,JPYCで自販機のジュースが半額に 京都で実証実験(CoinPost) - Yahoo!ファイナンス,https://finance.yahoo.co.jp/news/detail/5fc2d52158406e0d10b6ff09061499595c94e97c,finance.yahoo.co.jp,実証実験、活用事例、提携・連携,0.0,INSPAY株式会社、HashPort株式会社、チェリオコーポレーション,92.0,EVT-20260706-01,2026-07-06,done,INSPAY株式会社など4社が連携し、京都市内の自動販売機でJPYC（日本円ステーブルコイン）による決済の実証実験を開始した。2026年9月30日まで実施予定で、実験期間中は対象商品が半額で購入できるキャンペーンも実施される。
1208.0,2026-07-06 14:37:22,JPYCで自販機のジュースが半額に、京都で実証実験 - CoinPost,https://coinpost.jp/?p=722342,coinpost.jp,活用事例、実証実験,0.0,INSPAY、HashPort、チェリオコーポレーション,85.0,EVT-20260706-01,2026-07-06,done,INSPAY株式会社、JPYC株式会社、HashPort株式会社、チェリオコーポレーションが連携し、京都市内の自動販売機でJPYCによる決済の実証実験を開始した。2026年9月30日まで実施予定で、PoC期間中は対象商品を半額で購入できるキャンペーンを実施する。実証結果を踏まえ、無人小売端末やアミューズメント施設など様々なオフラインの商業シーンへステーブルコイン決済を広げることを検討している。
1209.0,2026-07-06 15:02:49,INSPAYが京都で実施するJPYCによる自動販売機決済実証実験の新しい可能性 - ニュースメディアVOIX,https://voix.jp/money/card/32877/,voix.jp,実証実験、活用事例、提携・連携,0.0,INSPAY、HashPort、チェリオコーポレーション,95.0,EVT-20260706-01,2026-07-06,done,INSPAY株式会社は、JPYC株式会社、HashPort株式会社、チェリオコーポレーションと連携し、2026年7月1日から9月30日まで京都市内でJPYCを用いた自動販売機決済の実証実験を実施する。利用者はHashPort Walletを通じてJPYCで商品を購入でき、期間中は半額購入キャンペーンも開催される。この取り組みは日本初となるもので、自動販売機市場におけるステーブルコイン決済の可能性を探る重要な一歩として期待されている。
1210.0,2026-07-06 17:27:39,約3億人のユーザーを有するLINE NEXTが、Q3にグローバル決済サービスUnifi Payを開始。USDT、JPYC - KuCoin,https://www.kucoin.com/ja/news/trends/USDT/6a4c46ae86fc150007ca157f,kucoin.com,取扱い・対応、提携・連携,0.0,LINE NEXT、Unifi Pay、KuCoin,65.0,EVT-20260701-02,2026-07-01,done,約3億人のユーザーを持つLINE NEXTがQ3にグローバル決済サービスUnifi Payを開始し、USDT、JPYC、IDRPをサポートする。手数料0%で約1秒の取引完了を実現し、ベータ版では100B KRW以上を処理している。
1237.0,2026-07-06 21:56:56,JPYCで自販機のジュースが半額に、京都で実証実験 - Iolite（アイオライト）,https://iolite.net/news/coinpost-722342,iolite.net,,0.0,,0.0,,,done,記事本文に、JPYCを使用した自販機のジュース半額実証実験に関する具体的な内容が記載されていないため、要約を生成することができません。
1284.0,2026-07-07 00:10:00,【日本初】INSPAY、日本円ステーブルコイン「JPYC」による自動販売機決済を京都で実証実験 - 時事ドットコム,https://www.jiji.com/jc/article?k=000000001.000186424&g=prt,jiji.com,実証実験、活用事例、提携・連携,0.0,INSPAY、HashPort、チェリオコーポレーション,95.0,EVT-20260706-01,2026-07-06,done,INSPAY株式会社は、日本円ステーブルコイン「JPYC」を用いた自動販売機決済の実証実験を2026年7月1日～9月30日に京都市内で実施します。これは自動販売機における日本円ステーブルコイン決済として日本初の取り組みであり、期間中はHashPort Walletを通じてチェリオ自動販売機で対象商品を半額で購入できるキャンペーンも予定されています。
1241.0,2026-07-07 07:55:48,AIが買い物を代行する時代、企業はどう選ばれるのか。シンプレクス三浦氏が語るオンチェーンの未来 - Yahoo!ニュース,https://news.yahoo.co.jp/articles/cb7df86da9807c79d082b768c671c7ce9a711482/images/000,news.yahoo.co.jp,解説・論説,1.0,シンプレクス、AWS Summit Japan 2026,5.0,,,done,「AWS Summit Japan 2026」でシンプレクスがセッションを開催し、AIが買い物を代行する時代における企業の選ばれ方とオンチェーンの未来について語った。
1242.0,2026-07-07 12:00:02,ラグジュアリーマーケットプレイス「MOLTS」、来店不要でスマホ完結の「AI査定・買取サービス」を新たに提供開始。 - PR TIMES,https://prtimes.jp/main/html/rd/p/000000024.000145432.html,prtimes.jp,取扱い・対応,0.0,LINE NEXT Inc.、MOLTS、AI査定・買取サービス,15.0,,,done,LINE NEXT Inc.は6月5日より、ラグジュアリープラットフォーム「MOLTS」でAIを活用した「査定・買取サービス」を開始しました。スマートフォンから写真をアップロードするだけで適正な査定価格が提示され、複数の買取業者による一括査定を通じて、自宅にいながら納得のいく価格での買取が完結します。
1211.0,2026-07-07 15:10:00,JPYC対応の店舗向けQR決済「MisePay (ミセペイ)」、店頭決済のトライアルを開始 (2026年7月7日掲載) - ライブドアニュース,https://news.livedoor.com/pr_topics/detail/31763354/,news.livedoor.com,活用事例、実証実験,0.0,株式会社SowakaJapan、MisePay、HashPort,85.0,EVT-20260707-01,2026-07-07,done,Sowaka Japanは、日本円建てステーブルコインJPYCのQR決済に対応した店舗向け決済受付アプリ「MisePay」について、2026年7月より東京都渋谷区の2店舗と愛知県名古屋市の1店舗の計3店舗でトライアル導入を開始する。
1212.0,2026-07-07 15:10:01,JPYC対応の店舗向けQR決済「MisePay (ミセペイ)」、店頭決済のトライアルを開始 - PR TIMES,https://prtimes.jp/main/html/rd/p/000000001.000186655.html,prtimes.jp,活用事例、実証実験,0.0,Sowaka Japan、MisePay、HashPort,95.0,EVT-20260707-01,2026-07-07,done,株式会社Sowaka Japanは、日本円建てステーブルコインJPYCのQR決済に対応した店舗向けアプリ「MisePay」について、2026年7月より東京都渋谷区の2店舗と愛知県名古屋市の1店舗でトライアル導入を開始します。MisePayは決済手数料0％、導入費用0円で、店舗が支払い受付、返金管理、履歴管理などを行える機能を提供し、実店舗での運用を検証したうえで正式提供を目指します。
1291.0,2026-07-07 16:00:00,JPYC対応の店舗向けQR決済「MisePay (ミセペイ)」、店頭決済のトライアルを開始 - Mantan Web,https://mantan-web.jp/prtimes/article/20260707prt00m200000852a/photopage/001.html,mantan-web.jp,活用事例、実証実験,0.0,MisePay、INSPAY,85.0,EVT-20260707-01,2026-07-07,done,提供いただいたテキストには、JPYC対応の店舗向けQR決済「MisePay」に関する具体的な記事本文が含まれておらず、朝ドラや音楽番組などの番組情報のみが表示されているため、要約を生成することができません。
1294.0,2026-07-07 16:00:00,HashPort Wallet、アプリ内でのJPYC発行・償還が可能となる連携機能の提供を開始 - オリコンニュース,https://www.oricon.co.jp/pressrelease/2890857/,oricon.co.jp,取扱い・対応、提携・連携,0.0,HashPort Wallet、JPYC EX、HashPort,95.0,EVT-20260701-01,2026-07-01,done,HashPort Walletは2026年7月13日より、JPYC EXとの連携機能を実装し、アプリ内でJPYCの発行・償還手続きを完結できるようにする。これはノンカストディアルウォレットアプリ内での日本円ステーブルコインの発行・償還機能実装が国内初となり、ユーザーは複数のサービス間を行き来することなくシームレスにJPYCを利用・償還できるようになる。
1231.0,2026-07-07 17:06:42,日本初、「JPYC」での自動販売機決済を実証実験。INSPAY主導で（あたらしい経済） - Yahoo!ニュース,https://news.yahoo.co.jp/articles/c5b9e5e45a1d5d7997911efe85038ebf4381da6a,news.yahoo.co.jp,実証実験、活用事例、提携・連携,0.0,INSPAY、HashPort、チェリオコーポレーション,95.0,EVT-20260706-01,2026-07-06,done,インスペイがJPYC社やハッシュポート、チェリオコーポレーションと連携し、7月1日から京都市内3か所の自動販silon機でJPYCを使用した決済の実証実験を開始した。QRコード方式でハッシュポートウォレットを通じてJPYCでチェリオ商品を購入でき、実験期間中は対象商品を半額で購入できるという。本取り組みは自動販売機でのステーブルコイン決済として日本初であり、訪日外国人が保有するデジタル資産を日本国内の消費につなげられる可能性を狙っている。
1238.0,2026-07-07 17:06:42,日本初、「JPYC」での自動販売機決済を実証実験。INSPAY主導で (あたらしい経済) - Yahoo!ニュース,https://news.yahoo.co.jp/articles/c5b9e5e45a1d5d7997911efe85038ebf4381da6a/images/000,news.yahoo.co.jp,活用事例、実証実験,0.0,INSPAY、京都,95.0,EVT-20260706-01,2026-07-06,done,記事のタイトルと「あわせて読みたい記事」のみが提供されており、JPYCでの自動販売機決済実証実験に関する本文が含まれていないため、要約を生成できません。
1234.0,2026-07-08 02:27:13,HashPort Wallet、アプリ内でのJPYC発行・償還が可能となる連携機能の提供を開始 - CLASSY.[クラッシィ],https://classy-online.jp/prtimes/item-138802/,classy-online.jp,取扱い・対応、提携・連携、活用事例,0.0,HashPort Wallet、HashPort、JPYC EX,95.0,EVT-20260701-01,2026-07-01,done,HashPort社は、ノンカストディアルウォレットアプリ「HashPort Wallet」内でJPYC株式会社の「JPYC EX」と連携し、2026年7月13日よりJPYCの発行・償還手続きをアプリ内で完結できる機能を提供開始します。これにより、ユーザーは従来のようにサービス間を行き来することなく、HashPort Wallet内でJPYCのオンランプから日本円へのオフランプまでシームレスに操作できるようになります。
1240.0,2026-07-08 05:09:54,堀江貴文氏、全東信破産動画で仮想通貨決済に言及 WebXでJPYC岡部CEOと対談 - Bitget,https://www.bitget.com/ja/news/detail/12560605494883,bitget.com,提携・連携,0.0,堀江貴文、岡部典孝、WebX 2026、全東信,65.0,EVT-20260708-01,2026-07-08,done,堀江貴文氏が全東信破産の動画内で、仮想通貨決済としてJPYCに言及した。WebX 2026では堀江氏とJPYC岡部典孝CEOが「AIがお金を使う日」をテーマに特別対談を実施予定である。
1236.0,2026-07-08 05:25:39,JPYC自販機決済が京都で始動｜日本円ステーブルコイン、日常消費への日本初PoC - innovaTopia,https://innovatopia.jp/blockchain/blockchain-news/112637/,innovatopia.jp,実証実験、活用事例、提携・連携、解説・論説,1.0,INSPAY株式会社、HashPort株式会社、チェリオコーポレーション,95.0,EVT-20260706-01,2026-07-06,done,INSPAY株式会社は、JPYC株式会社などと連携し、2026年7月1日から9月30日まで京都市内の3か所でJPYC（日本円ステーブルコイン）を用いた自動販売機決済の実証実験を実施する。自動販売機の実消費シーンにおける日本円ステーブルコイン決済としては日本初となり、利用者はHashPort Walletを通じてチェリオの自動販売機でJPYCにより商品を購入でき、期間中は対象商品を半額で購入できるキャンペーンも実施される。
1233.0,2026-07-08 10:05:43,Kaia、日本のトークン証券協会に加盟…JPYCを足掛かりにRWA市場攻略を本格化 - BigGo ファイナンス,https://finance.biggo.jp/news/b8bfb8d1-65fe-45f8-99a1-239d594edfed,finance.biggo.jp,提携・連携、市場・統計,0.0,Kaia、日本トークン証券協会（JSTA）、LINE NEXT,65.0,EVT-20260708-02,2026-07-08,done,ブロックチェーンメインネットのKaiaが日本トークン証券協会（JSTA）に加盟し、円建てステーブルコイン「JPYC」のオンボーディング成功を足掛かりに、日本のRWA市場への攻略を本格化させている。JSTAには金融機関や不動産デベロッパーなど主要機関が多数参加しており、今後、不動産・債券などの多様な資産のトークン化プロジェクトでKaiaチェーンが採用される可能性に期待が集まっている。
1235.0,2026-07-08 13:08:44,堀江貴文氏、全東信破産動画でビットコインやJPYC決済に言及 WebXでJPYC岡部CEOと対談 - CoinPost,https://coinpost.jp/?p=722878,coinpost.jp,提携・連携、市場・統計,0.0,堀江貴文、岡部典孝、WebX 2026、全東信,75.0,EVT-20260708-01,2026-07-08,done,堀江貴文氏が全東信破産を機にビットコインやJPYC決済に言及し、代替決済の選択肢となり得ることを指摘した。WebX 2026でJPYC岡部典孝CEOとの特別対談が予定されており、AIエージェントが経済の主役になる時代における金融・ビジネスの変化が議論される見通しである。
1239.0,2026-07-08 15:53:48,Zentoushinの破産で決済網に不安 堀江貴文氏、代替手段にBTCとJPYC挙げる - 디지털투데이,https://www.digitaltoday.co.kr/jp/view/79531/japan-payment-processor-zentoushin-bankruptcy-btc-jpyc-alternative,digitaltoday.co.kr,活用事例、実証実験、解説・論説,1.0,Zentoushin、堀江貴文、INSPAY、WebX 2026,72.0,EVT-20260708-01,2026-07-08,done,クレジットカード決済代行会社Zentoushinの破産を受け、堀江貴文氏が代替決済手段としてBitcoinと円連動ステーブルコインJPYCを提唱している。既存の金融機関の審査に通りにくい業種が受け皿を失うなか、デジタル資産ベースの決済が補完的な役割を担えるかが論点となっており、JPYCは決済用途拡大に向けた実証事業を進めている。
1213.0,2026-07-08 16:23:05,Kaia、韓国最大の地銀BNK釜山銀行とのデジタル地域通貨実証を完了 (あたらしい経済) - Yahoo!ニュース,https://news.yahoo.co.jp/articles/dfbb591d9c6d1be8ff8677591839f60364802db1/images/000,news.yahoo.co.jp,実証実験,0.0,Kaia、BNK釜山銀行,15.0,,,done,Kaiaが韓国最大の地銀BNK釜山銀行とのデジタル地域通貨実証を完了した。
1214.0,2026-07-08 21:43:00,堀江貴文氏、全東信破産でビットコイン・JPYCに言及｜審査が厳しい店舗の代替決済候補 - CoinPartner,https://coinotaku.com/news/articles/250326,coinotaku.com,解説・論説,1.0,堀江貴文、全東信、HashPort Wallet,35.0,,,done,堀江貴文氏は2026年7月7日のYouTube動画で、クレジットカード売上早期決済代行サービスの全東信が約1259億2900万円の負債で破産したことについて、審査が通りにくい店舗の代替決済手段としてビットコインとJPYCに言及しました。全東信の破産により、同社サービスを利用していた水商売や飲食店などが別の決済サービスへ移行できないケースが生じる可能性があり、既存の審査型サービスからこぼれ落ちる店舗の受け皿として暗号資産やステーブルコインが選択肢として示されました。
1232.0,2026-07-09 00:00:00,ホリエモン「もうBTCやJPYCでやるしかない」全東信破産で決済リスク論 - JinaCoin,https://jinacoin.ne.jp/horiemon-zentoshin-bitcoin-20260709/,jinacoin.ne.jp,解説・論説、競合・市場環境,1.0,堀江貴文氏、全東信、BitCoin,65.0,EVT-20260708-01,2026-07-08,done,"クレジットカード決済代行業の全東信が約1,259億円の負債で破産したことを受け、堀江貴文氏は特定企業のシステムへの依存リスクを指摘し、代替手段としてビットコインやJPYCなどの暗号資産決済の活用を提唱している。既存金融の審査基準を満たせない事業者にとって、中央集権的な管理者に依存しないパブリックブロックチェーンを利用した決済は、信用力に依存しない取引を可能にする実用的な選択肢となり得る。"
1215.0,2026-07-09 10:27:52,JPYCが日本初の自販機決済実証を開始 ステーブルコインの実用化を京都で検証 - PlusWeb3,https://plus-web3.com/media/latestnews_1000_9800/,plus-web3.com,実証実験、活用事例、提携・連携,0.0,JPYC株式会社、HashPort、INSPAY、チェリオコーポレーション,95.0,EVT-20260706-01,2026-07-06,done,JPYC株式会社、HashPort、INSPAY、チェリオコーポレーションの3社は、日本初となる日本円ステーブルコイン「JPYC」を使用した自動販売機決済の商用テストを2026年7月から9月にかけて京都市内で実施する。HashPort Walletを通じてQRコード決済方式で対象商品を購入でき、Web3技術の日常生活への普及とステーブルコイン決済の実用化に向けた検証が進められる。
1216.0,2026-07-09 11:14:31,全東信破産で堀江貴文氏がビットコイン・JPYCに言及｜黒字倒産を避けるには - crypto-times.jp,https://crypto-times.jp/news-takafumi-horie-comments-on-bitcoin-and-jpyc/,crypto-times.jp,解説・論説、競合・市場環境,1.0,堀江貴文氏、株式会社全東信、ビットコイン,25.0,,,done,"クレジットカード決済代行会社「株式会社全東信」が2026年7月6日に負債総額約1,259億円で破産申請し、堀江貴文氏は動画内で経営者の決済インフラへの過度な依存を問題視し、複数の決済手段確保の重要性を主張するとともに、ビットコインやJPYCなどの代替決済に言及しました。今回の破綻により加盟店の未入金分は一般債権となり、黒字倒産の危険が生じています。"
1218.0,2026-07-09 15:05:10,JPYC、総流通量20億円を突破──2週間で10億円増加（NADA NEWS） - Yahoo!ニュース,https://news.yahoo.co.jp/articles/344c13e5cee69280968046119c053bb99c2b79e7,news.yahoo.co.jp,市場・統計,0.0,Kaia、Unifi、JPYC info,95.0,EVT-20260709-01,2026-07-09,done,日本円ステーブルコイン「JPYC」の総流通量が7月9日に20億円を突破し、6月26日の10億円から約2週間で10億円増加した。この増加のうち約9割はKaiaチェーン上での流通量増加によるもので、同チェーン上の流通量は約4.2億JPYCから約13.1億JPYCに増加した。
1217.0,2026-07-09 15:05:10,JPYC、総流通量20億円を突破──2週間で10億円増加 (NADA NEWS) - Yahoo!ニュース,https://news.yahoo.co.jp/articles/344c13e5cee69280968046119c053bb99c2b79e7/images/000,news.yahoo.co.jp,市場・統計,0.0,HashPort Wallet、Unifi、Kaiaチェーン,85.0,EVT-20260709-01,2026-07-09,done,JPYCの総流通量が20億円を突破し、2週間で10億円増加した。なお、JPYCの累計発行額は30億円を超えている。
1219.0,2026-07-09 15:08:20,日本初、自販機で日本円ステーブルコイン決済｜対象商品は半額に - crypto-times.jp,https://crypto-times.jp/news-japans-first-jpyc-payment-via-vending-machine/,crypto-times.jp,実証実験、活用事例,0.0,INSPAY、HashPort Wallet、チェリオ自動販売機,95.0,EVT-20260706-01,2026-07-06,done,INSPAY株式会社は、日本円ステーブルコイン「JPYC」を用いた自動販売機決済の実証実験を2026年7月1日から9月30日まで京都市内で開始しました。実証では利用者がHashPort Walletを通じてチェリオ自動販売機でJPYCによる商品購入を体験でき、期間中は対象商品を半額で購入できるキャンペーンが予定されています。
1220.0,2026-07-09 15:27:01,マネーフォワードME、資産カテゴリに「暗号資産」を新設 - Coinspeaker,https://www.coinspeaker.com/jp/moneyforward-me-adds-crypto-category/,coinspeaker.com,取扱い・対応,0.0,マネーフォワードME、マネーフォワードホーム株式会社,15.0,,,done,マネーフォワードホーム株式会社は8日、家計管理アプリ「マネーフォワード ME」の資産カテゴリに「暗号資産」を新たに追加すると発表した。これまで預金や現金と同一カテゴリだった仮想通貨を分離することで、価格変動の影響を受けずに生活資金の実態を正確に把握でき、ポートフォリオの最適化が容易になる。
1221.0,2026-07-09 16:45:22,【今日の仮想通貨ニュース】全東信破産で堀江貴文氏がBTCに言及。JPYC決済で自販機が半額に - crypto-times.jp,https://crypto-times.jp/news-cryptocurrency-news-for-july-9/,crypto-times.jp,実証実験、活用事例,0.0,INSPAY株式会社、堀江貴文氏、全東信,45.0,EVT-20260706-01,2026-07-06,done,"クレジットカード決済代行会社「株式会社全東信」が約1,259億円の負債で破産申請し、堀江貴文氏がビットコインやJPYCに言及して注目を集めています。また、INSPAY株式会社が日本円ステーブルコイン「JPYC」を用いた自動販売機決済の実証実験を京都市内で開始し、期間中は対象商品が半額で購入できるキャンペーンを予定しています。"
1222.0,2026-07-09 17:34:00,円建てステーブルコインJPYC、総流通量が20億円突破、2週間で倍増 - CoinPartner,https://coinotaku.com/news/articles/250387,coinotaku.com,市場・統計、活用事例,0.0,Kaiaチェーン、Unifi、JPYC info,95.0,EVT-20260709-01,2026-07-09,done,円建てステーブルコイン「JPYC」の総流通量が7月9日に20億円を突破し、6月26日の10億円から約2週間で倍増しました。増加の大半はKaiaチェーン上で発生しており、LINEアプリ内ウォレット「Unifi」での年利率5%の特別イベント施策が流通拡大につながったとみられます。
1223.0,2026-07-09 18:00:05,HashPort、全東信の加盟店様向けに「HashPort Wallet for Biz」の特別導入支援窓口を開設 - PR TIMES,https://prtimes.jp/main/html/rd/p/000000178.000046288.html,prtimes.jp,活用事例、取扱い・対応,0.0,HashPort、全東信、HashPort Wallet for Biz,45.0,,,done,HashPortは、2026年7月6日に破産手続き開始決定を受けた全東信の加盟店を対象に、企業・店舗向けステーブルコイン決済サービス「HashPort Wallet for Biz」の特別導入支援窓口を開設します。初期費用・月額利用料・決済手数料がすべてゼロで、スマートフォンやタブレットがあれば最短即日から利用開始でき、JPYCやUSDCのステーブルコイン決済に対応しています。
1224.0,2026-07-09 18:30:13,Datachain、法人向けWeb3ウォレット「Datachain Wallet」先行評価版をローンチ - ニコニコニュース,https://news.nicovideo.jp/watch/nw19526691?news_ref=20_20,news.nicovideo.jp,取扱い・対応,0.0,Datachain、Datachain Wallet、KuraPrivacy,35.0,,,done,株式会社Datachainは、ステーブルコインやデジタルアセットの法人利用に対応するWeb3ウォレット「Datachain Wallet」の先行評価版の提供を開始しました。承認ワークフロー、マルチシグ、Passkey認証、ガスレス機能、プライバシー保護など、企業の内部統制や規制対応に対応した機能を備えており、2026年内の正式版提供を目指しています。
1225.0,2026-07-09 21:06:13,『全東信が倒産でクレカ支払いの崩壊イベントへ！決済手段としてさらに注目されるステーブルコイン！？』 - t.co,https://t.co/2j8xKrrnEI,t.co,競合・市場環境、解説・論説,1.0,全東信、岡部典孝、JPYC株式会社,65.0,EVT-20260709-02,2026-07-09,done,"負債総額1,259億円の全東信破産により、クレジットカード決済代行サービスが機能不全に陥り、決済手段としてステーブルコインが注目されている。JPYCは決済審査なし・手数料0・即入金というメリットを提供する代替手段として提示されており、従来のクレジットカード決済の仕組みの限界が露呈されたことが新たな決済方式への転換のきっかけとなる可能性がある。"
1261.0,2026-07-10 00:00:00,【今日の仮想通貨ニュース】BTC・JPYC活用を共同検討──銀行とDeFiで進む金融のオンチェーン化 - JinaCoin,https://jinacoin.ne.jp/today-news-top5-20260710/,jinacoin.ne.jp,提携・連携、活用事例、市場・統計,0.0,メタプラネット、Progmat、Swift、SBI,65.0,EVT-20260710-01,2026-07-10,done,"2026年7月10日、ビットコインが前日比1.91％高の64,018.52ドルとなり、市場全体の時価総額は2.20兆ドルへ拡大した。本日はメタプラネットら4社によるBTC・JPYC・セキュリティトークンを活用したデジタルクレジットの共同検討、スウィフトによるトークン化預金の実証準備、SBI主導のDeFi事業への大型出資など、銀行間決済や円建て金融商品をオンチェーンへ接続する動きが相次ぎ、デジタル資産が既存金融の補完的基盤として実用段階へ近づいている。"
1265.0,2026-07-10 00:00:00,メタプラネットら4社、デジタルクレジットを共同検討──BTC・JPYC・STを活用 - JinaCoin,https://jinacoin.ne.jp/metaplanet-jpyc-progmat-20260710/,jinacoin.ne.jp,提携・連携、活用事例,0.0,メタプラネット、Progmat、Project NOVA,75.0,EVT-20260710-01,2026-07-10,done,"メタプラネット、メタプラネット証券、JPYC株式会社、Progmat, Inc.の4社は、ビットコイン、ステーブルコイン、セキュリティトークンを活用したデジタルクレジット領域について共同検討を開始した。各社が役割を分担し、社債などのクレジット商品をオンチェーンで発行・管理する仕組みを構築することで、発行体・投資家双方にとって効率的で透明性の高いクレジット市場の形成を目指している。"
1245.0,2026-07-10 14:30:47,【WebX 2026】日本円ステーブルコイン「JPYC」がゴールドスポンサーとして参画決定 - PR TIMES,https://prtimes.jp/main/html/rd/p/000000326.000054018.html,prtimes.jp,提携・連携,0.0,WebX 2026、LINE NEXT Inc.、Unifi,75.0,EVT-20260710-02,2026-07-10,done,JPYC株式会社は、2026年7月13日～14日にザ・プリンス パークタワー東京で開催される「WebX 2026」にLINE NEXT Inc.と共同ブースを出展し、LINE NEXTが提供するステーブルコイン・プラットフォーム「Unifi」との連携をさらに強化する。また、代表取締役の岡部典孝は同イベントのBinanceステージで2つのセッションに登壇予定である。
1266.0,2026-07-10 14:30:47,【WebX 2026】日本円ステーブルコイン「JPYC」がゴールドスポンサーとして参画決定 (2026年7月10日掲載) - ライブドアニュース,https://news.livedoor.com/pr_topics/detail/31792513/,news.livedoor.com,提携・連携,0.0,WebX 2026、LINE NEXT、岡部典孝,75.0,EVT-20260710-02,2026-07-10,done,JPYC社がWebX 2026にゴールドスポンサーとして参加することを発表した。2026年7月13〜14日にLINE NEXTと共同ブースを出展し、代表の岡部典孝氏はBinanceステージの2セッションに登壇する予定である。
1257.0,2026-07-10 15:04:54,暗号資産ウォレット「Saify」の「きせかえNFT」販売サイト「Saify Store」にて、日本円ステーブルコイン「JPYC」での決済を開始。クレカを持たない人達も多彩なきせかえが可能に | 株式会社Decooのプレスリリース - PR TIMES,https://prtimes.jp/main/html/rd/p/000000016.000011437.html,prtimes.jp,取扱い・対応、活用事例,0.0,Saify、Decoo、Saify Store,75.0,EVT-20260710-03,2026-07-10,done,株式会社Decooは、きせかえ機能付き暗号資産ウォレットアプリ「Saify」のきせかえNFTストア「Saify Store」において、2026年7月10日より日本円ステーブルコイン「JPYC」による決済対応を開始しました。JPYC決済により、クレジットカード情報の入力が不要で、ネットワーク手数料も負担せず、数タップで購入が完了するシームレスな購買体験が実現します。同時に新作きせかえNFT『メロウキャット』（100円／100JPYC、全7種）の販売も開始されました。
1246.0,2026-07-10 15:30:00,メタプラネット[3350]：ビットコイン・JPYC・セキュリティトークンを活用したデジタルクレジット領域における共同検討開始のお知らせ 2026年7月10日(適時開示) ：日経会社情報DIGITAL - 日本経済新聞,https://www.nikkei.com/markets/company/sys/redirect_dis.aspr?ano=g0sk2s&t=https://www.nikkei.com/nkd/disclosure/tdnr/20260710591204/,nikkei.com,提携・連携,0.0,メタプラネット、ビットコイン、セキュリティトークン,75.0,EVT-20260710-01,2026-07-10,done,メタプラネット[3350]は、ビットコイン・JPYC・セキュリティトークンを活用したデジタルクレジット領域における共同検討を開始することを2026年7月10日に発表した。
1254.0,2026-07-10 15:48:05,ビットコイン・JPYC・セキュリティトークンを活用したデジタルクレジット領域における共同検討開始のお知らせ - PR TIMES,https://prtimes.jp/main/html/rd/p/000000109.000045441.html,prtimes.jp,提携・連携、実証実験,0.0,メタプラネット、Progmat、メタプラネット証券,75.0,EVT-20260710-01,2026-07-10,done,メタプラネット、メタプラネット証券、JPYC社、Progmat社の4社は、ビットコイン、ステーブルコイン、セキュリティトークンを活用したデジタルクレジット領域について共同検討を開始することを発表しました。本検討では、社債を含むクレジット商品を対象に、発行体・投資家双方にとってより効率的で透明性の高いクレジット市場の形成に向けた課題と可能性を検討します。
1264.0,2026-07-10 15:53:05,JPYC株式会社がWebX 2026にゴールドスポンサーとして参加し新たな可能性を拓く - ニュースメディアVOIX,https://voix.jp/money/cryptocurrency/32939/,voix.jp,提携・連携,0.0,WebX 2026、LINE NEXT Inc.、Binance,75.0,EVT-20260710-02,2026-07-10,done,JPYC株式会社はWebX 2026にゴールドスポンサーとして参加し、LINE NEXT Inc.と共同ブースを出展して、ステーブルコイン「Unifi」を通じた利便性の高いWeb3体験を提供する。JPYC代表取締役の岡部は2026年7月13日と14日のBinanceステージで「AIがお金を使う日」と「円ステーブルコイン元年」をテーマとした2つのセッションに登壇予定である。
1269.0,2026-07-10 16:00:00,メタプラネット[3350]：ビットコイン・JPYC・セキュリティトークンを活用したデジタルクレジット領域における共同検討開始のお知らせ 2026年7月10日(適時開示) ：日経会社情報DIGITAL - 日本経済新聞,https://www.nikkei.com/nkd/disclosure/tdnr/20260710591204/,nikkei.com,提携・連携,0.0,メタプラネット、Progmat、デジタルクレジット,65.0,EVT-20260710-04,2026-07-10,done,メタプラネット[3350]は、2026年7月10日にビットコイン・JPYC・セキュリティトークンを活用したデジタルクレジット領域における共同検討の開始を発表した。
1276.0,2026-07-10 16:00:00,メタプラネット・JPYCら4社、デジタルクレジット共同検討(CoinPost) - Yahoo!ファイナンス,https://finance.yahoo.co.jp/news/detail/371070f197bae76621316658a658cb777ff38880,finance.yahoo.co.jp,提携・連携、市場・統計,0.0,メタプラネット、Progmat、Project NOVA,75.0,EVT-20260710-04,2026-07-10,done,メタプラネット、メタプラネット証券、JPYC、Progmatの4社が、ビットコイン、ステーブルコイン、セキュリティトークンを活用したデジタルクレジット領域の共同検討を開始する。この取り組みはビットコインを信用補完資産とするProject NOVA構想の一環であり、社債などのクレジット商品をブロックチェーン上で発行・管理する仕組みの構築を目指している。
1253.0,2026-07-10 16:22:00,採れたて株価材料－メタプラネット ＪＰＹＣ、Ｐｒｏｇｍａｔとデジタルクレジットで共同検討(トレーダーズ・ウェブ) - Yahoo!ファイナンス,https://finance.yahoo.co.jp/news/detail/af67795e965031d9989c65cbd6c56abb54244934,finance.yahoo.co.jp,提携・連携,0.0,メタプラネット、Progmat,45.0,EVT-20260710-04,2026-07-10,done,メタプラネット<3350>がJPYC、Progmatとデジタルクレジットについて共同検討を進めることが報じられた。
1262.0,2026-07-10 16:22:00,採れたて株価材料－メタプラネット ＪＰＹＣ、Ｐｒｏｇｍａｔとデジタルクレジットで共同検討 | 個別記事 | ニュース - トレーダーズ・ウェブ,https://traders.co.jp/news/article/1_2179738,traders.co.jp,提携・連携,0.0,メタプラネット、Progmat,65.0,EVT-20260710-04,2026-07-10,done,提供いただいたテキストはWebサイトのナビゲーションメニューと記事一覧で構成されており、タイトルには「メタプラネット、JPYC、ProgmatとデジタルクレジットでJoint検討」と記載されていますが、具体的な記事本文が含まれていないため、詳細な要約生成ができません。
1244.0,2026-07-10 17:03:02,メタプラネット・JPYCら4社、デジタルクレジット共同検討 - CoinPost,https://coinpost.jp/?p=723820,coinpost.jp,提携・連携、実証実験,0.0,メタプラネット、Progmat、メタプラネット証券,75.0,EVT-20260710-04,2026-07-10,done,メタプラネット、メタプラネット証券、JPYC、Progmatの4社は、ビットコイン、ステーブルコイン、セキュリティトークンを活用したデジタルクレジット領域について共同検討を開始した。本検討はビットコインを信用補完資産とするProject NOVA構想の一環であり、商品設計や法規制などの観点から、社債を含むより広いデジタルクレジット領域を対象とする。
1256.0,2026-07-10 17:15:17,メタプラネット・JPYC・Progmat、ビットコイン裏付けのクレジット商品を共同検討（NADA NEWS） - Yahoo!ニュース,https://news.yahoo.co.jp/articles/e41b9c7598aa8fb801bb913a9031430e3e22940f,news.yahoo.co.jp,提携・連携、市場・統計,0.0,メタプラネット、Progmat、メタプラネット証券,75.0,EVT-20260710-04,2026-07-10,done,メタプラネット、JPYC社、Progmatおよびメタプラネット証券の4社は、ビットコインやステーブルコイン、セキュリティ・トークンを活用した「デジタルクレジット」領域の共同検討を始めると発表した。社債などのクレジット商品をブロックチェーン上で扱い、発行体・投資家双方に透明で効率的な市場づくりを目指す構想で、各社が役割を分担し、現在は法規制対応や技術面の検証を進めている。
1260.0,2026-07-10 17:15:17,メタプラネット・JPYC・Progmat、ビットコイン裏付けのクレジット商品を共同検討 (NADA NEWS) - Yahoo!ニュース,https://news.yahoo.co.jp/articles/e41b9c7598aa8fb801bb913a9031430e3e22940f/images/000,news.yahoo.co.jp,提携・連携、市場・統計,0.0,メタプラネット、Progmat、ビットコイン,65.0,EVT-20260710-04,2026-07-10,done,メタプラネット、JPYC、Progmatの3社がビットコイン裏付けのクレジット商品の共同検討を開始した。
1259.0,2026-07-10 18:22:00,画像1：JPYC岡部氏「決済は利回りを生む」──ステーブルコインはオンチェーン金融をどう変えるか【IVS2026 CRYPTO ZONE】 - Yahoo!ファイナンス,https://finance.yahoo.co.jp/news/detail/83df2cf4f163ee0556bf518b6bd04626513b0ef1/photo/view-001,finance.yahoo.co.jp,解説・論説,1.0,岡部氏、IVS2026、NADA NEWS,45.0,EVT-20260701-03,2026-07-01,done,本文にはJavaScriptが無効であることを示すメッセージのみが含まれており、JPYC岡部氏の発言やステーブルコインに関する具体的な内容が記載されていないため、要約を生成することができません。
1258.0,2026-07-10 18:22:08,JPYC岡部氏「決済は利回りを生む」──ステーブルコインはオンチェーン金融をどう変えるか【IVS2026 CRYPTO ZONE】 - Yahoo!ニュース,https://news.yahoo.co.jp/articles/83df2cf4f163ee0556bf518b6bd04626513b0ef1,news.yahoo.co.jp,解説・論説,1.0,Circle、大阪デジタルエクスチェンジ、野村ホールディングス、LINE NEXT,75.0,EVT-20260701-03,2026-07-01,done,IVS2026 CRYPTO ZONEのパネルセッションでは、米ドル建てのUSDCと日本円建てのJPYCを軸に、ステーブルコインが決済インフラとしての役割とともに、オンチェーン金融を支える基盤として広がっていることが議論された。JPYCの岡部氏は「決済は利回りを生む」と述べ、決済を通じた流動性がDeFiやインセンティブ設計を通じて利回りに繋がることを示し、ステーブルコインが決済と利回りの両面で機能する存在になりつつあることが示された。
1285.0,2026-07-10 18:22:08,JPYC岡部氏「決済は利回りを生む」──ステーブルコインはオンチェーン金融をどう変えるか【IVS2026 CRYPTO ZONE】 - Yahoo!ニュース,https://news.yahoo.co.jp/articles/83df2cf4f163ee0556bf518b6bd04626513b0ef1/images/000,news.yahoo.co.jp,解説・論説,1.0,JPYC岡部CEO、IVS2026、オンチェーン金融,65.0,EVT-20260701-03,2026-07-01,done,記事本文が提供されていないため、要約を生成できません。タイトルとニュースリンクのみが記載されており、JPYC岡部氏の具体的な発言内容や記事の本文が含まれていません。
1250.0,2026-07-10 18:26:34,メタプラネット、ビットコイン裏付けの「デジタルクレジット」共同検討へ──JPYC・Progmatら4社が参画 - BigGo ファイナンス,https://finance.biggo.jp/news/a3a081ed-6ac1-4cc8-a1d7-2fb079271eab,finance.biggo.jp,提携・連携、市場・統計,0.0,メタプラネット、Progmat、メタプラネット証券,75.0,EVT-20260710-04,2026-07-10,done,メタプラネットはJPYC、Progmat、メタプラネット証券の3社と共同で、ビットコインやステーブルコイン、セキュリティトークンを活用した「デジタルクレジット」領域の検討を開始した。ブロックチェーン上で社債などのクレジット商品を発行・管理し、発行体と投資家の透明で効率的な市場づくりを目指すもので、ビットコインを信用補完資産として活用する金融商品設計は世界的にも前例が少なく、日本の規制下での実現可能性が注目される。
1251.0,2026-07-10 19:30:08,日本円ステーブルコインJPYC、オンチェーン流通額20億円を突破。7月13日の大型アップデートで発行・償還UXを大幅改善 - PR TIMES,https://prtimes.jp/main/html/rd/p/000000325.000054018.html,prtimes.jp,市場・統計、取扱い・対応、提携・連携,0.0,JPYC EX、HashPort Wallet,95.0,EVT-20260709-01,2026-07-09,done,JPYC株式会社は、日本円ステーブルコイン「JPYC」のオンチェーン流通額が20億円を突破したことを発表しました。2026年7月13日にJPYC EXの大型アップデートを実施し、パスキーによるログイン対応、SMS認証・音声認証の追加、ワンタイムコード認証の廃止、HashPort Walletとの連携機能により、発行・償還のユーザー体験を大幅に改善します。
1255.0,2026-07-10 21:08:00,HashPort Wallet、AIエージェントから操作可能に──複数チェーンの資産をJPYCへ集約(NADA NEWS) - Yahoo!ファイナンス,https://finance.yahoo.co.jp/news/detail/6e3a4a43338e236118332001df5f04b1383b31e9,finance.yahoo.co.jp,取扱い・対応、実証実験,0.0,HashPort、Claude、DEX,65.0,EVT-20260710-05,2026-07-10,done,HashPortは9月にAIエージェントとノンカストディアルウォレット「HashPort Wallet」を接続する「HashPort Wallet MCP」を提供開始予定。利用者がチャットで指示するとAIがブロックチェーン上の取引プランを提示し、PINや生体認証による承認後に実行される。第1弾では複数チェーンに分散したJPYCへの交換・集約機能を搭載する。
1252.0,2026-07-10 21:09:49,メタプラネット・JPYCら4社、デジタルクレジット共同検討 - Iolite（アイオライト）,https://iolite.net/news/coinpost-723820,iolite.net,提携・連携,0.0,メタプラネット、Progmat、デジタルクレジット,45.0,EVT-20260710-04,2026-07-10,done,本文には、メタプラネット・JPYCら4社のデジタルクレジット共同検討に関する具体的な内容が記載されていません。
1263.0,2026-07-11 07:55:35,MisePay×JPYC｜円ステーブルコインが「街の店」で使える日へ 渋谷・名古屋で店頭決済トライアル - innovaTopia,https://innovatopia.jp/blockchain/blockchain-news/112971/,innovatopia.jp,活用事例、実証実験、解説・論説,1.0,MisePay、株式会社Sowaka Japan、松田航,95.0,EVT-20260707-01,2026-07-07,done,株式会社Sowaka Japanが、日本円建てステーブルコイン「JPYC」のQR決済に対応した店舗向けアプリ「MisePay」の店頭トライアルを2026年7月8日より開始しました。渋谷と名古屋の計3店舗で、手数料ゼロ・導入費用ゼロ・専用端末不要の決済サービスを検証し、スマートアカウント技術を用いた返金権限の管理も実装しています。これにより、JPYCが「買う・持つ・送る」段階から「店で払う」段階へと踏み込み、日常の決済手段としてのステーブルコイン活用が現実化しようとしています。
1247.0,2026-07-12 11:20:24,7/12 (日)の「ビジプロ」：岡部典孝(JPYC株式会社) - InterFM,https://www.interfm.co.jp/news/single/bp07122026,interfm.co.jp,その他,0.0,InterFM、岡部典孝、ビジプロ,35.0,,,done,7月12日(日)夜8:30からのラジオ番組「ビジプロ」では、ステーブルコインを通じて新しいお金のあり方を提案するJPYC株式会社の代表取締役・岡部典孝さんをゲストに迎え、その取り組みについて話を伺う。
1248.0,2026-07-12 17:50:13,～日本のクレジットカードで初！～ カード利用で貯まるポイントをステーブルコインに。2026年6月1日、ダイナースクラブのポイントを日本円ステーブルコイン「JPYC」に交換するサービスがスタート。 - 朝日新聞,https://www.asahi.com/and/pressrelease/16594090,asahi.com,取扱い・対応、提携・連携、活用事例,0.0,三井住友トラストクラブ、HashPort、ダイナースクラブ,92.0,EVT-20260712-01,2026-07-12,done,2026年6月1日から、三井住友トラストクラブ株式会社のダイナースクラブとTRUST CLUBカードで貯まったリワードポイントを、日本円ステーブルコイン「JPYC」に交換できるサービスが開始される。クレジットカード利用ポイントをステーブルコインに交換できる仕組みは日本初であり、交換したJPYCは実店舗やECサイトでの支払い、Web3サービスでの決済、個人間送金などに利用できる。
1289.0,2026-07-13 00:00:00,ゴルフ場のボール貸出機にJPYC決済──香川の練習場で運用開始 - JinaCoin,https://jinacoin.ne.jp/golf-jpyc-20260713/,jinacoin.ne.jp,活用事例、実証実験,0.0,矢田産業株式会社、喜和産業株式会社、鳥坂GC,88.0,EVT-20260713-01,2026-07-13,done,矢田産業と喜和産業は、日本円ステーブルコイン「JPYC」による決済に対応したゴルフボール貸出システムを開発し、7月10日から香川県のゴルフ練習場「鳥坂GC」で運用を開始した。利用者はQRコードを読み取り250JPYCでボール60球を受け取でき、ブロックチェーン上の支払い確認から排出まで約20〜40秒で完了し、店舗側の集金・釣銭管理が不要になる。
1286.0,2026-07-13 00:00:00,JPYC、ウォレットから直接JPYCを発行・換金できるAPIを提供開始 - JinaCoin,https://jinacoin.ne.jp/jpyc-api-20260713/,jinacoin.ne.jp,取扱い・対応、提携・連携,0.0,HashPort Wallet、JPYC EX、Simplex,85.0,EVT-20260701-01,2026-07-01,done,JPYC株式会社は、ウォレット事業者向けに「JPYC EX連携API」の提供を開始した。このAPIにより、利用者は普段使うウォレットアプリから離れることなく、JPYCの発行・償還手続きをスムーズに進められるようになる。第1号の導入事例として、HashPort Walletとの連携が予定されている。
1249.0,2026-07-13 01:56:19,ローソン、ステーブルコイン「JPYC」決済実証へ｜コンビニ初の取り組み - bittimes.net,https://bittimes.net/news/225488.html,bittimes.net,実証実験、活用事例,0.0,ローソン、HashPort、KDDI,95.0,EVT-20260713-04,2026-07-13,done,ローソンが2026年8月上旬から、東京都港区のローソン高輪ゲートウェイシティ店でJPYCの店頭決済実証実験を開始する。POS端末と連動したステーブルコイン決済の実証はコンビニ業界で国内初となり、バーコード読取による決済方式で購買データの管理も可能になる予定である。
1271.0,2026-07-13 05:00:00,ローソン、ステーブルコインでの店頭決済検討 小売りにも普及 - 日本経済新聞,https://www.nikkei.com/article/DGXZQOUC0859T0Y6A700C2000000/,nikkei.com,実証実験、取扱い・対応,0.0,ローソン、HashPort、KDDI,85.0,EVT-20260713-04,2026-07-13,done,ローソンは店頭での支払い手段としてステーブルコインの導入を検討しており、KDDIが運営するローソン高輪ゲートウェイシティ店で8月上旬に実証実験を開始する。コンビニエンスストアや飲食店でのステーブルコイン利用が広がれば、日本でのステーブルコインの普及促進につながる見込みである。
1243.0,2026-07-13 10:06:00,ローソン、JPYCで店頭決済検証 POS連動は国内初＝報道(CoinPost) - Yahoo!ファイナンス,https://finance.yahoo.co.jp/news/detail/a51b98f68230532837ceca86a3bee78e2711d1b3,finance.yahoo.co.jp,実証実験、活用事例、市場・統計,0.0,ローソン、ハッシュポート、KDDI、POS連動,85.0,EVT-20260713-04,2026-07-13,done,ローソンがハッシュポートと連携し、8月上旬にローソン高輪ゲートウェイシティ店で円建てステーブルコイン「JPYC」の実証実験を実施する。POSと連動させたステーブルコイン導入実験は国内初であり、スマートフォンのバーコードをPOS端末で読み込む決済方式を検証する予定である。
1270.0,2026-07-13 10:06:41,ローソン、JPYCで店頭決済検証 POS連動は国内初＝報道 - CoinPost,https://coinpost.jp/?p=724121,coinpost.jp,実証実験、活用事例、取扱い・対応,0.0,ローソン、ハッシュポート、KDDI、POS連動,95.0,EVT-20260713-04,2026-07-13,done,ローソンがハッシュポートと連携し、8月上旬にローソン高輪ゲートウェイシティ店でJPYCを使った店頭決済の実証実験を開始する。POS端末と連動させたステーブルコイン導入は国内初の試みで、消費者がスマートフォンのバーコードをPOSで読み込んで支払う仕組みを検証する。
1282.0,2026-07-13 11:04:23,ローソン、JPYCで店頭決済検証 POS連動は国内初＝報道 - Iolite（アイオライト）,https://iolite.net/news/coinpost-724121,iolite.net,,0.0,,0.0,,,done,本文に具体的な内容が記載されていないため、要約を生成できません。
1292.0,2026-07-13 11:38:05,ローソン、JPYCの店頭決済を8月に実証 コンビニPOS連携は国内初 - 디지털투데이,https://www.digitaltoday.co.kr/jp/view/80968/lawson-to-test-stablecoin-payments-at-convenience-stores-with-jpyc-from-august,digitaltoday.co.kr,実証実験、取扱い・対応、提携・連携,0.0,ローソン、KDDI、HashPort,85.0,EVT-20260713-04,2026-07-13,done,ローソンは8月、円連動ステーブルコイン「JPYC」を使った店頭決済の実証をKDDIが運営する「ローソン高輪ゲートウェイシティ店」で開始し、POSシステムとの連携可否や決済時間を検証する。コンビニのPOSに直接接続してステーブルコイン決済の実証を行うのは国内初であり、決済インフラ拡大の可能性を見極める試金石となる見通しである。
1287.0,2026-07-13 12:05:02,ローソン、JPYC決済を8月に実証へ──POS連携で国内初＝日経 (NADA NEWS) - Yahoo!ニュース,https://news.yahoo.co.jp/articles/96a78cec0fd58539243714f269849960d2b9becf/images/000,news.yahoo.co.jp,実証実験、取扱い・対応,0.0,ローソン、POS連携、8月実証,85.0,EVT-20260713-04,2026-07-13,done,ローソンがJPYC決済を8月に実証実験する予定であり、POS連携での導入は国内初となる。
1272.0,2026-07-13 12:05:02,ローソン、JPYC決済を8月に実証へ──POS連携で国内初＝日経（NADA NEWS） - Yahoo!ニュース,https://news.yahoo.co.jp/articles/96a78cec0fd58539243714f269849960d2b9becf,news.yahoo.co.jp,実証実験、活用事例、提携・連携,0.0,ローソン、HashPort、KDDI,95.0,EVT-20260713-04,2026-07-13,done,ローソンは8月上旬に東京都港区のローソン高輪ゲートウェイシティ店でJPYC決済の実証実験を開始する。HashPort WalletのバーコードをPOS端末で読み取る方式で、POSとの連携したステーブルコイン決済の実証は国内初となる。
1279.0,2026-07-13 12:12:47,メタプラネット、JPYCやProgmatとビットコイン活用のデジタルクレジット検討開始 (あたらしい経済) - Yahoo!ニュース,https://news.yahoo.co.jp/articles/ca48526276ed355665ffa6cf77f38a47c205e09f/images/000,news.yahoo.co.jp,提携・連携、市場・統計,0.0,メタプラネット、Progmat、ビットコイン,75.0,EVT-20260710-04,2026-07-10,done,メタプラネットがJPYCやProgmatと共に、ビットコインを活用したデジタルクレジットの検討を開始した。
1275.0,2026-07-13 12:12:47,メタプラネット、JPYCやProgmatとビットコイン活用のデジタルクレジット検討開始（あたらしい経済） - Yahoo!ニュース,https://news.yahoo.co.jp/articles/ca48526276ed355665ffa6cf77f38a47c205e09f,news.yahoo.co.jp,提携・連携、実証実験,0.0,メタプラネット、Progmat、Siiibo証券,85.0,EVT-20260710-04,2026-07-10,done,メタプラネット、JPYC、プログマが共同で、ビットコイン、ステーブルコイン、セキュリティトークンを組み合わせた「デジタルクレジット」の検討を開始する。日本の社債市場における中堅・成長企業の発行負担が大きいという課題を踏まえ、より効率的で透明性の高いクレジット市場の形成に向けた検討が進められる。
1281.0,2026-07-13 12:20:50,ネットスターズ、店舗向けステーブルコイン決済「Stablecoin Pay」提供開始。USDC・USDT・JPYCに対応 - あたらしい経済,https://www.neweconomy.jp/posts/591482,neweconomy.jp,取扱い・対応、活用事例,0.0,ネットスターズ、StarPay、Stablecoin Pay,65.0,EVT-20260713-02,2026-07-13,done,ネットスターズが店舗向けステーブルコイン決済サービス「Stablecoin Pay」の提供を7月13日に開始し、決済手数料0.98%でUSDC、USDT、JPYCに対応する。加盟店は一度の申請で複数のステーブルコイン決済を導入でき、売上管理や精算は日本円ベースで行える。
1293.0,2026-07-13 12:45:00,ローソン、一部店舗でステーブルコイン決済の検証実施 - crypto-times.jp,https://crypto-times.jp/news-lawson-stablecoin-payment-pilot-with-jpyc/,crypto-times.jp,実証実験、取扱い・対応、提携・連携,0.0,ローソン、KDDI、HashPort,92.0,EVT-20260713-04,2026-07-13,done,ローソンはKDDIとHashPortと共同で、2026年8月に東京の「ローソン高輪ゲートウェイシティ店」で日本円建てステーブルコイン「JPYC」を使った店頭決済の実証を実施する予定です。既存のPOSレジで専用端末不要のまま決済を受け付ける点が特徴で、将来的にはAIエージェントによる決済自動化も検討しています。国内では自販機での決済実証に続き、実店舗でのステーブルコイン決済の取り組みが広がっています。
1302.0,2026-07-13 13:19:09,ローソンは日本の店舗でステーブルコインJPYCによる決済をテストしています - portalcripto.com.br,https://portalcripto.com.br/ja/jpyc,portalcripto.com.br,実証実験、提携・連携、市場・統計,0.0,Lawson、KDDI、HashPort,85.0,EVT-20260713-04,2026-07-13,done,日本のコンビニエンスストアチェーンLawsonは、KDDIとHashPortとの提携により、東京のTakanawa Gateway City複合施設内の店舗でステーブルコインJPYCを使った決済のパイロットプロジェクトを8月初旬に開始する。このプロジェクトは日常の買い物におけるステーブルコイン利用を評価し、良好な結果が得られれば他店舗への拡大の基盤となる可能性がある。
1268.0,2026-07-13 15:29:59,シンプレクス、JPYCの「JPYC EX連携API」の開発を支援 - シンプレクス株式会社,https://www.simplex.inc/news/2026/3581/,simplex.inc,取扱い・対応、提携・連携,0.0,シンプレクス株式会社、JPYC EX連携API,65.0,EVT-20260713-03,2026-07-13,done,シンプレクス株式会社は、JPYC株式会社の日本円ステーブルコイン「JPYC」の発行・償還プラットフォーム「JPYC EX」において、ウォレット事業者向けの「JPYC EX連携API」の開発を支援しました。本APIにより、利用者は普段利用しているウォレットやサービスから離れることなく、JPYCの発行・償還手続きをスムーズに行うことが可能になります。
1283.0,2026-07-13 15:30:00,プレスリリース：シンプレクス、JPYCの「JPYC EX連携API」の開発を支援（Digital PR Platform） - 毎日新聞,https://mainichi.jp/articles/20260713/pls/00m/020/286000c,mainichi.jp,提携・連携,0.0,シンプレクス、JPYC EX連携API、JPYC EX,85.0,EVT-20260713-03,2026-07-13,done,シンプレクス株式会社は、JPYC株式会社の日本円ステーブルコイン「JPYC」の発行・償還プラットフォーム「JPYC EX」において、ウォレット事業者やJPYC活用サービス事業者向けの連携APIの開発を支援しました。本APIにより、利用者は普段利用しているウォレットアプリやサービスから離れることなく、JPYCの発行・償還手続きをスムーズに行えるようになります。
1280.0,2026-07-13 15:30:00,写真：シンプレクス、JPYCの「JPYC EX連携API」の開発を支援 - 沖縄タイムス社,https://www.okinawatimes.co.jp/articles/gallery/1879593,okinawatimes.co.jp,提携・連携,0.0,シンプレクス、JPYC EX連携API,75.0,EVT-20260713-03,2026-07-13,done,提供していただいたテキストには、記事の本文が含まれていません。タイトルに「シンプレクス、JPYCの「JPYC EX連携API」の開発を支援」とありますが、具体的な内容を示す本文が記載されていないため、要約を生成することができません。
1297.0,2026-07-13 15:30:00,JPYC株式会社、ウォレット・JPYC利用サービス向け「JPYC EX連携API」を提供開始 (2026年7月13日掲載) - ライブドアニュース,https://news.livedoor.com/pr_topics/detail/31813986/,news.livedoor.com,取扱い・対応、提携・連携,0.0,JPYC株式会社、HashPort Wallet、JPYC EX連携API,85.0,EVT-20260713-03,2026-07-13,done,JPYC株式会社は接続事業者向けに「JPYC EX連携API」の提供を開始し、ウォレットアプリからJPYC EXの手続き画面へスムーズに遷移できる連携機能を実現した。第一弾としてHashPort Walletとの連携が予定されている。
1299.0,2026-07-13 15:30:00,シンプレクス、JPYCの「JPYC EX連携API」の開発を支援 (2026年7月13日掲載) - ライブドアニュース,https://news.livedoor.com/pr_topics/detail/31813920/,news.livedoor.com,提携・連携、取扱い・対応,0.0,シンプレクス、JPYC EX、JPYC社,75.0,EVT-20260713-03,2026-07-13,done,シンプレクスはJPYC社のJPYC EX連携APIの開発を支援し、ウォレットアプリからJPYC EXの手続き画面へのスムーズな遷移が可能になった。APIは画面遷移の補助にとどまり、審査や申込みの最終確定はJPYC社が引き続き実施する。
1274.0,2026-07-13 15:30:00,シンプレクス - 日本経済新聞,https://www.nikkei.com/nkd/disclosure/tdnr/20260713592086/,nikkei.com,提携・連携,0.0,シンプレクス、JPYC EX連携API,75.0,EVT-20260713-03,2026-07-13,done,シンプレクス・ホールディングスは、JPYCの「JPYC EX連携API」の開発を支援することを発表した。
1267.0,2026-07-13 15:30:02,JPYC株式会社、ウォレット・JPYC利用サービス向け「JPYC EX連携API」を提供開始 - PR TIMES,https://prtimes.jp/main/html/rd/p/000000324.000054018.html,prtimes.jp,取扱い・対応、提携・連携,0.0,シンプレクス株式会社、HashPort Wallet、JPYC EX連携API,95.0,EVT-20260713-03,2026-07-13,done,JPYC株式会社は、ウォレットアプリやサービス事業者向けに「JPYC EX連携API」の提供を開始しました。このAPIにより、利用者は普段使いのウォレットやサービスから離れることなく、シームレスにJPYCの発行・償換手続きを行うことが可能になります。HashPort Walletとの連携が導入事例として予定されています。
1278.0,2026-07-13 17:10:01,ゴルフ練習場のボール貸出機に日本円ステーブルコイン「JPYC」決済を導入 - PR TIMES,https://prtimes.jp/main/html/rd/p/000000001.000187157.html,prtimes.jp,活用事例,0.0,矢田産業株式会社、喜和産業株式会社、鳥坂GC,95.0,EVT-20260713-01,2026-07-13,done,矢田産業株式会社と喜和産業株式会社は、日本円ステーブルコイン「JPYC」による決済に対応したゴルフボール貸出システムを開発し、2026年7月10日より香川県のゴルフ練習場「鳥坂GC」で運用を開始しました。利用者はQRコードをスマートフォンで読み取り、250JPYCを支払うだけで60球を受け取でき、ゴルフ練習場のボール貸出機へのステーブルコイン決済導入は国内初とみられています。
1300.0,2026-07-13 17:40:15,Stablecoin Payが手数料0.98％で本格始動。USDC・USDT・JPYC決済は店舗に広がるか - CoinChoice,https://coinchoice.net/stablecoin-pay/,coinchoice.net,取扱い・対応、活用事例,0.0,ネットスターズ、StarPay、Stablecoin Pay,85.0,EVT-20260713-02,2026-07-13,done,ネットスターズが2026年7月13日にStablecoin Payの提供を開始しました。このサービスは店舗が一度の申込みでUSCD、USDT、JPYCの複数のステーブルコイン決済をまとめて導入でき、決済手数料は0.98%の非課税です。店舗側は日本円ベースで売上管理ができ、既存の端末で利用できるため追加の専用機器は原則不要ですが、日常的な決済手段として定着するには利用者の増加が課題となります。
1290.0,2026-07-13 19:00:28,【今日の仮想通貨ニュース】ローソンでJPYC決済の実験開始へ。キオクシア暴落で資金はBTCに向かうか？ - crypto-times.jp,https://crypto-times.jp/news-todays-cryptocurrency-news-july-13/,crypto-times.jp,活用事例、実証実験,0.0,ローソン、KDDI、HashPort,75.0,EVT-20260713-04,2026-07-13,done,ローソンはKDDIおよびHashPortと2026年8月に東京のローソン高輪ゲートウェイシティ店でステーブルコイン「JPYC」を使った決済実験を実施予定である。同日、キオクシアホールディングスが12.86%急落し日経平均も反落する中、暗号資産市場ではビットコインが1028万円前後で取引されている。
1301.0,2026-07-13 21:30:42,日本第3位のコンビニエンスストアチェーンが、ステーブルコインJPYCの試験運用に参加 - Cryptopolitan,https://www.cryptopolitan.com/ja/japan-largest-convenience-store-jpyc-pilot/,cryptopolitan.com,実証実験、活用事例,0.0,ローソン、KDDI、HashPort,95.0,EVT-20260713-04,2026-07-13,done,"日本第3位のコンビニエンスストアチェーン・ローソンが、KDDIとHashPortと共同で、東京の高輪ゲートウェイシティ店において円ステーブルコインJPYCによる決済の試験運用を8月上旬から開始する。この試験は、スマートフォンのバーコードをPOSシステムで直接スキャンして決済を行う日本初の取り組みであり、14,697店舗を展開するローソンでの実装は、オフライン小売におけるステーブルコインの普及の転換点となる可能性がある。"
1277.0,2026-07-14 02:00:00,ローソン、ステーブルコイン決済導入検討 円建て「JPYC」活用 - 日本経済新聞,https://www.nikkei.com/nkd/industry/article/?DisplayType=1&n_m_code=101&ng=DGKKZO97523150T10C26A7EE9000,nikkei.com,実証実験、提携・連携、活用事例,0.0,ローソン、KDDI、HashPort,92.0,EVT-20260713-04,2026-07-13,done,ローソンは店頭での支払い手段としてステーブルコインの導入を検討しており、KDDIが運営するローソン高輪ゲートウェイシティ店で8月上旬に実証実験を実施する予定である。デジタル資産ウォレットのハッシュポートと組み、円建てステーブルコイン「JPYC」を活用する。
1288.0,2026-07-14 06:48:10,HashPort Wallet×JPYC、ローソンのレジへ─KDDI・ローソンと8月に店頭決済実証 - innovaTopia,https://innovatopia.jp/blockchain/blockchain-news/113230/,innovatopia.jp,実証実験、取扱い・対応、提携・連携、解説・論説,1.0,HashPort、KDDI、ローソン、キャナルペイメントサービス,85.0,EVT-20260713-04,2026-07-13,done,HashPort、KDDI、ローソンが2026年8月にローソン高輪ゲートウェイシティ店で日本円ステーブルコイン決済の技術実証を実施する。本実証の特徴は、ステーブルコイン決済がPOSレジの中に組み込まれ、店員が既存のバーコード読み取り方式で決済を受け付ける点にあり、国内初のPOS連動ステーブルコイン決済となる。実証対象は3社の関係者社員のみで、既存決済インフラを置き換えるのではなく背後に接続する形で普及を目指すものである。
1273.0,2026-07-14 10:13:17,100億円から1兆円規模へ、JPYC・JPYSC両代表が語る円ステーブルコインの事業戦略 - CoinPost,https://coinpost.jp/?p=724639,coinpost.jp,解説・論説、提携・連携、制度・規制,1.0,岡部典孝、近藤智彦、渡辺創太、WebX 2026,85.0,EVT-20260710-02,2026-07-10,done,WebX 2026で、JPYC（資金移動業型）とJPYSC（信託型）の両円ステーブルコイン代表者が、発行スキームの違いや事業戦略について議論した。現在約130億円規模の日本の円ステーブルコイン市場は、RWAエコシステムにおける「血液」としての役割が期待され、アメリカの50兆円超に次ぐ世界2位を狙える位置にあると指摘された。
1296.0,2026-07-14 10:23:31,シンプレクスは５日ぶり反発、「ＪＰＹＣ ＥＸ 連携ＡＰＩ」の開発を支援 - ライブドアニュース,https://news.livedoor.com/article/detail/31819200/?from_page=internal,news.livedoor.com,取扱い・対応、提携・連携,0.0,シンプレクス・ホールディングス、JPYC EX、JPYC EX連携API,85.0,EVT-20260713-03,2026-07-13,done,シンプレクス・ホールディングスは、日本円ステーブルコイン「JPYC」の発行・償還プラットフォーム「JPYC EX」向けの「JPYC EX 連携API」の開発を支援したと発表し、株価が5日ぶりに反発した。今回開発されたAPIにより、利用者は普段利用しているウォレットアプリや各種サービスを起点として直接JPYCの発行・償還手続きが可能になった。
1298.0,2026-07-14 10:23:31,シンプレクスは５日ぶり反発、「ＪＰＹＣ ＥＸ 連携ＡＰＩ」の開発を支援 - ライブドアニュース,https://news.livedoor.com/article/detail/31819200/,news.livedoor.com,提携・連携、取扱い・対応,0.0,シンプレクス・ホールディングス、JPYC EX、JPYC EX連携API,75.0,EVT-20260713-03,2026-07-13,done,シンプレクス・ホールディングスは、日本円ステーブルコイン「JPYC」の発行・償還プラットフォーム「JPYC EX」向けの「JPYC EX 連携API」の開発を支援したと発表し、株価が5日ぶりに反発した。今回開発したAPIにより、ユーザーはウォレットアプリや各種サービスから離脱することなく、JPYC発行・償還手続きを直接実施できるようになった。
1295.0,2026-07-14 15:00:37,日本のコンビニ大手ローソン、8月に円ステーブルコイン「JPYC」決済の試験運用へ - nextmoney.jp,https://nextmoney.jp/?p=86299,nextmoney.jp,実証実験、活用事例、取扱い・対応、提携・連携,0.0,ローソン、HashPort、KDDI,95.0,EVT-20260713-04,2026-07-13,done,ローソンは2026年8月上旬より、東京都港区の高輪ゲートウェイシティ店において、円ステーブルコイン「JPYC」を用いた決済試験を開始する。HashPortとKDDIとの共同プロジェクトで、既存POSシステムに直接ステーブルコイン決済を組み込む日本初の試みとなり、将来的な全国展開への判断材料とする方針である。
1309.0,2026-07-16 13:25:23,シンプレクス、JPYCの「JPYC EX連携API」の開発を支援 - 北海道新聞デジタル,https://www.hokkaido-np.co.jp/article_photo/list/?article_id=1336996&pid=15613162,hokkaido-np.co.jp,取扱い・対応,0.0,シンプレクス、JPYC EX連携API,65.0,EVT-20260713-03,2026-07-13,done,提供されたテキストは北海道新聞のウェブサイトのナビゲーション要素とニュース一覧で構成されており、シンプレクスがJPYCの「JPYC EX連携API」の開発を支援することに関する具体的な記事本文が含まれていません。
1308.0,2026-07-16 14:33:13,暗号屋、銀行振込で利用できるステーブルコイン決済「すてぶるペイ」提供へ（あたらしい経済） - Yahoo!ニュース,https://news.yahoo.co.jp/articles/6a51c9a44abbb9d5b4a17ed3182c7cf8ca41e1fc,news.yahoo.co.jp,取扱い・対応、活用事例,0.0,暗号屋、すてぶるペイ（STBLpay）、JPYC EX,85.0,EVT-20260716-01,2026-07-16,done,国内ブロックチェーン関連開発企業の暗号屋が、日本円の銀行振込で支払えるステーブルコイン決済サービス「すてぶるペイ」を2026年8月から提供開始予定と発表した。本サービスはJPYC社発行の日本円建てステーブルコイン「JPYC」を利用し、ウォレット管理やガス代などの複雑な技術的ハードルを取り除き、一般ユーザーでも簡単に利用できるステーブルコイン決済環境の提供を目指している。
1324.0,2026-07-17 13:37:12,ビットコイン保有の最新調査、サトシ・ナカモト109万枚で首位 - Coinspeaker,https://www.coinspeaker.com/jp/arkham-satoshi-nakamoto-largest-bitcoin-holder/,coinspeaker.com,,0.0,Arkham、Coinbase、BlackRock,0.0,,,done,"ブロックチェーン分析企業Arkhamの調査によると、サトシ・ナカモトが109万6,000BTCで最大のビットコイン保有者であり、その評価額は約710億ドルに上る。エンティティ別ランキングではコインベース（98万1,000BTC）が2位、ブラックロック（73万2,000BTC）やバイナンス（67万5,000BTC）も上位に入っており、米国政府も約32万4,000BTCを保有している。"
1319.0,2026-07-17 15:53:18,(株)メタプラネット【3350】：今の株価の理由は？値動きの背景をAIが解説 - Yahoo!ファイナンス,https://finance.yahoo.co.jp/quote/3350.T/ai-topics,finance.yahoo.co.jp,解説・論説,1.0,メタプラネット、ビットコイン,15.0,,,done,メタプラネット株は7月中旬に連続して-5％台の下落を見せており、材料先行の値動きから短期の調整局面に入った形が読み取れます。8月13日の次回決算発表を前に材料待ちの状態が続いており、ビットコイン追加購入やマイナス変動など複数の要因が株価変動に影響を与えています。
1318.0,2026-07-17 16:00:00,アステリア(株)【3853】：株主優待 - Yahoo!ファイナンス,https://finance.yahoo.co.jp/quote/3853.T/incentive,finance.yahoo.co.jp,取扱い・対応,0.0,アステリア、QUOカード、株主優待,35.0,,,done,"アステリア(株)の株主優待は、保有株数と継続保有期間に応じてQUOカードまたは日本円建ステーブルコインJPYCで付与される。500株以上1,000円分～5,000株以上5,000円分が、1年以上3年以上の継続保有で支給される。"
1310.0,2026-07-17 16:00:00,ステーブルコインとは？仕組みや種類・日本の取引所で買える銘柄を一覧で紹介 - ダイヤモンド・オンライン,https://diamond.jp/crypto/market/stablecoin/,diamond.jp,解説・論説,1.0,SBI VCトレード、HashPort、KDDI、ローソン,25.0,,,done,ステーブルコインは法定通貨などの価格と連動するよう設計された仮想通貨で、ブロックチェーン上のサービスにおいて安定した決済手段として需要が高い。価値を裏付ける仕組みに応じて「法定通貨担保型」「仮想通貨担保型」「アルゴリズム型」に分類され、各種類には異なるリスク管理メカニズムが備わっている。
1311.0,2026-07-17 16:00:00,パーソルホールディングス(株)【2181】：掲示板 - Yahoo!ファイナンス,https://finance.yahoo.co.jp/quote/2181.T/forum,finance.yahoo.co.jp,,0.0,パーソルホールディングス、パーソルキャリア、PERSOL Global Workforce、YUIME,0.0,,,done,パーソルキャリアは8日、外国人材の紹介・派遣事業を展開する子会社PERSOL Global Workforceの全株式をYUIMEに売却すると発表した。譲渡は10月1日付予定で、農業分野での顧客基盤を持つYUIMEとの統合により、農業派遣サービスでの相乗効果を見込んでいる。
1317.0,2026-07-17 16:00:00,(株)イオレ【2334】：掲示板 - Yahoo!ファイナンス,https://finance.yahoo.co.jp/quote/2334.T/forum,finance.yahoo.co.jp,解説・論説,1.0,すてぶるペイ、Slash Card、イオレ,35.0,EVT-20260716-01,2026-07-16,done,「すてぶるペイ」と「Slash Card（スラッシュカード）」は、ステーブルコインの価値を実世界で最大化するという同じ目的を持つ補完関係にあり、お釣りのJPYCを日常の買い物で消費できる、日本円オンリーのユーザーがSlash Cardを使用可能になるなどの相乗効果が生まれます。この2つを組み合わせることで、日本円の銀行振込からステーブルコインを経由して全国のVisa加盟店での買い物ができるシームレスなループが実現します。
1313.0,2026-07-17 16:00:00,アステリア(株)【3853】：掲示板 - Yahoo!ファイナンス,https://finance.yahoo.co.jp/quote/3853.T/forum,finance.yahoo.co.jp,,0.0,アステリア、スタートアップワールドカップ、株式会社カウシェ,0.0,,,done,"スタートアップワールドカップ2026東京予選がグランドハイアット東京で開催され、2,500人以上の観客の前で株式会社カウシェが優勝し、11月4日〜6日にサンフランシスコで開催される世界決勝戦に参戦することが決定した。また、小中高生対象のユースピッチコンテストではm.k.（市川学園 市川高等学校）が優勝した。"
1314.0,2026-07-17 16:00:00,(株)ＣＡＩＣＡ ＤＩＧＩＴＡＬ【2315】：掲示板 - Yahoo!ファイナンス,https://finance.yahoo.co.jp/quote/2315.T/forum,finance.yahoo.co.jp,,0.0,,0.0,,,done,投稿者は、CAICA DIGITALの株価が機関投資家によって60円から65円付近で抑えられていると述べており、現在の下値が徐々に上がっているため30円台や50円割れの可能性は低いと推測しています。9月までに一般投資家にも好材料がもたらされ、株主から喜びの投稿が増えることを予想しています。
1316.0,2026-07-17 16:00:00,アステリア(株)【3853】：株価・株式情報（夜間PTS含む） - Yahoo!ファイナンス,https://finance.yahoo.co.jp/quote/3853.T,finance.yahoo.co.jp,,0.0,アステリア株式会社,0.0,,,done,"アステリア(株)の株価は7月13日から17日にかけて1,115円から1,060円へ4.93%下落し、7月15日から16日の適時開示後も戻り切らず調整色が残っている。2026年3月期決算では主力ソフトウェア事業の成長と投資事業の評価益により売上収益33.89億円(前期比6.9%増)、営業利益10.25億円(同31.2%増)を達成し、次期も成長を見込んでいる。"
1315.0,2026-07-17 16:02:21,(株)Ｓｐｅｅｅ【4499】：掲示板 - Yahoo!ファイナンス,https://finance.yahoo.co.jp/quote/4499.T/forum,finance.yahoo.co.jp,,0.0,,0.0,,,done,投稿者は株式投稿掲示板で、個人的な日常の出来事（焼肉、iPhone購入申し込み）を語りながら、株価の先行きが不透明であり、現在の値動きが徐々に下落していく動きに似ていると指摘している。
1321.0,2026-07-17 21:05:11,OndoFinance が、トークン化された金融を日本に拡大します。 $ONDO は、SBIグループと提携し、日本の資 - KuCoin,https://www.kucoin.com/ja/news/insight/ONDO/6a5a197fdd913100071c6f08,kucoin.com,提携・連携、実証実験,0.0,OndoFinance、SBIグループ、トークン化,45.0,EVT-20260717-01,2026-07-17,done,OndoFinanceが$ONDOトークンでSBIグループと提携し、日本の資産をトークン化してJPYCステーブルコインを通じた決済を可能にすることで、トークン化された金融を日本に拡大する。
1323.0,2026-07-18 08:32:09,アルゼンチン裁判所、ミームコインLIBRA関連の25口座凍結 - Coinspeaker,https://www.coinspeaker.com/jp/argentine-court-freezes-crypto-accounts/,coinspeaker.com,,0.0,アルゼンチン連邦裁判所、LIBRA、ハビエル・ミレイ大統領,0.0,,,done,アルゼンチンの連邦裁判所は、ミームコインLIBRAを巡る詐欺疑惑に関連する25のウォレットを凍結するよう命じた。ハビエル・ミレイ大統領が2025年2月にこのトークンを宣伝した直後に運営側が投資家の資金を引き出したことで問題が発覚し、大統領自身も捜査の対象となっている。裁判所はバイナンスなど6つの海外取引所に対し、顧客の身元確認データや取引履歴の提出を要求している。
1320.0,2026-07-18 23:55:04,仮想通貨ニュース週間まとめ「クラリティ・金商法改正・ステーブルコイン」などの注目記事 - bittimes.net,https://bittimes.net/news/225732.html,bittimes.net,活用事例、実証実験、解説・論説,1.0,ローソン、HashPort、CLARITY法案、金融商品取引法,35.0,,,done,2026年7月12日～18日の暗号資産関連ニュースでは、仮想通貨取引が資金決済法から金融商品取引法へ移行する改正案が参議院で可決され2027年度中の運用開始が見込まれたほか、ポケモンカードのオンチェーン資産化、AIエージェント決済標準「x402」の始動、米英両国による仮想通貨の共通ルール策定、モルガン・スタンレー傘下のE*TRADEによる暗号資産現物取引開始、ローソンによるJPYC決済実証など、規制整備と実用化の両面で進展があった。
1312.0,2026-07-19 09:00:00,Web最新ニュースまとめ｜ブロックチェーン・NFT・暗号資産の動向など【2026/7/10-7/16】 - PlusWeb3,https://plus-web3.com/media/web3_2026-7-10-7-16/,plus-web3.com,市場・統計、解説・論説、提携・連携,1.0,Datachain、JCB、メタプラネット、SBI VCトレード,45.0,EVT-20260710-04,2026-07-10,done,2026年7月10日から16日のWeb3市場では、ステーブルコインを用いた決済インフラの検討や法人向けウォレットの先行提供、暗号資産口座数の大台突破など、実用化に向けた動きが相次いだ。Datachainが法人向けWeb3ウォレット先行評価版を提供開始し、JCBとCircleがUSCDを活用した越境決済の検討を開始するなど、オンチェーン金融の実現を見据えた取り組みが広がっている。
1305.0,2026-07-19 10:41:09,7/19 (日)の「ビジプロ」：岡部典孝 (JPYC株式会社) - InterFM,https://www.interfm.co.jp/news/single/bp07192026,interfm.co.jp,,0.0,岡部典孝、InterFM、ビジプロ,15.0,,,done,7月19日（日）夜8:30からのInterFM「ビジプロ」では、ステーブルコインを通じて新しいお金のあり方を提案するJPYC株式会社の代表取締役・岡部典孝さんをゲストに迎え、サラリーマンの新しい挑戦を後押しする内容でお話しを伺います。
1307.0,2026-07-19 14:07:09,【WebX 2026】日本円ステーブルコイン「JPYC」がゴールドスポンサーとして参画決定 - 朝日新聞,https://www.asahi.com/and/pressrelease/16716945,asahi.com,提携・連携,0.0,WebX 2026、LINE NEXT Inc.、Unifi,85.0,EVT-20260710-02,2026-07-10,done,JPYC株式会社は、2026年7月13日～14日にザ・プリンス パークタワー東京で開催されるWebX 2026にゴールドスポンサーとしてLINE NEXT社と共同出展し、LINE NEXTが提供するステーブルコインプラットフォーム「Unifi」との連携を強化する。代表取締役の岡部典孝は、Binanceステージで「AIがお金を使う日」と「円ステーブルコイン元年」をテーマとした2つのセッションに登壇予定である。
1303.0,2026-07-19 18:00:00,Amazon配送大手、運送2300社とステーブルコイン決済 JPYCに出資 - 日本経済新聞,https://www.nikkei.com/article/DGXZQOUC154RK0V10C26A7000000/,nikkei.com,活用事例、提携・連携、発行・資金,0.0,AZ-COM丸和ホールディングス、JPYC、Amazon配送,85.0,EVT-20260719-01,2026-07-19,done,物流大手のAZ-COM丸和ホールディングスは、個人のトラック運転手など約2300社の協力会社への委託費支払いにおいて、JPYCが発行する日本円連動ステーブルコイン「JPYC」を導入する。これはステーブルコインの利用が金融取引から企業間決済へと広がる事例となり、国内での大規模な法人利用は初めての見通しである。
1306.0,2026-07-20 02:06:08,物流大手・丸和HD、2300社への支払いにJPYC導入へ｜出資も検討 - bittimes.net,https://bittimes.net/news/225743.html,bittimes.net,活用事例、提携・連携,0.0,AZ-COM丸和ホールディングス、JPYC株式会社、アマゾンジャパン,95.0,EVT-20260719-01,2026-07-19,done,物流大手のAZ-COM丸和ホールディングスが、協力会社約2300社への委託費などの支払いに日本円連動型ステーブルコイン「JPYC」を導入する方針を明らかにした。JPYC株式会社への10億円強の出資も検討しており、迅速な支払いと振込手数料の削減により、物流業界の資金繰り改善と協力事業者の確保につなげる考えだ。
1304.0,2026-07-20 09:38:19,物流大手AZ-COM丸和ホールディングス、JPYC導入へ 企業による大規模採用事例に - CoinPost,https://coinpost.jp/?p=725970,coinpost.jp,活用事例、発行・資金、提携・連携,0.0,AZ-COM丸和ホールディングス、JPYC株式会社、ローソン、LINE NEXT,95.0,EVT-20260719-01,2026-07-19,done,"物流大手AZ-COM丸和ホールディングスは、協力会社約2,300社への支払いに日本円建てステーブルコインJPYCを導入する。即時現金化と振込手数料の削減を実現でき、日本における企業による大規模なJPYC導入の初事例となる見通しである。"
1322.0,2026-07-20 11:06:46,JPYC採用で始まる日本の金融革命。国内取引所はいらない時代へ 2026年7月20日 - coin-otaku.com,https://coin-otaku.com/topic/79244,coin-otaku.com,活用事例、解説・論説,1.0,AZ-COM丸和ホールディングス、ローソン、LINE NEXT,95.0,EVT-20260719-01,2026-07-19,done,"物流大手AZ-COM丸和ホールディングスが、日本円ステーブルコイン「JPYC」を約2,300社への支払いに導入する方針を発表しました。これまで仮想通貨と日本円の仲介役だった国内取引所の役割が不要になる可能性があり、日本のステーブルコイン流動性が取引所の売買高を超えれば、投資環境に大きな変化をもたらすと指摘されています。"
